day,symbol,strength,stop_distance,accepted,reason
2020-04-29,BCHUSDT,0.2857142857142857,0.19136247384329233,True,
2020-04-29,BTCUSDT,0.5714285714285714,0.12791887707474786,True,
2020-04-29,ETHUSDT,0.5714285714285714,0.17219721577726219,True,
2020-05-04,XRPUSDT,0.5714285714285714,0.1668500687757909,True,
2020-05-06,EOSUSDT,0.2857142857142857,0.19851111948737277,True,
2020-05-07,LTCUSDT,0.42857142857142855,0.17968980797636638,True,
2020-05-10,BTCUSDT,0.5714285714285714,0.18175973934374903,True,
2020-05-10,ETHUSDT,0.14285714285714285,0.21296928327645054,True,
2020-05-10,LTCUSDT,0.14285714285714285,0.21550903901046628,True,
2020-05-10,XRPUSDT,0.2857142857142857,0.20251141552511404,True,
2020-05-13,TRXUSDT,0.14285714285714285,0.22184789859906606,True,
2020-05-14,ETCUSDT,0.14285714285714285,0.26759731971920875,True,
2020-05-15,LINKUSDT,0.14285714285714285,0.23005457025920883,True,
2020-05-18,XLMUSDT,0.42857142857142855,0.2222467273762095,True,
2020-05-29,ADAUSDT,0.8571428571428571,0.20416989014389597,True,
2020-05-30,TRXUSDT,0.7142857142857143,0.15082417582417582,True,
2020-06-01,BTCUSDT,0.8571428571428571,0.14874297335543288,True,
2020-06-04,XTZUSDT,0.7142857142857143,0.19197201865423058,True,
2020-06-06,TRXUSDT,0.7142857142857143,0.17718475073313777,True,
2020-06-07,ZECUSDT,0.7142857142857143,0.18775100401606423,True,
2020-06-08,BNBUSDT,0.7142857142857143,0.13446112416203515,True,
2020-06-09,ONTUSDT,0.7142857142857143,0.20975467289719626,True,
2020-06-10,XMRUSDT,0.8571428571428571,0.13362304266628355,True,
2020-06-10,ZECUSDT,0.8571428571428571,0.16842105263157897,True,
2020-06-11,ATOMUSDT,0.5714285714285714,0.19022406938923023,True,
2020-06-11,BATUSDT,0.7142857142857143,0.2115107913669064,True,
2020-06-11,XLMUSDT,0.5714285714285714,0.21544572553430824,True,
2020-06-12,VETUSDT,0.8571428571428571,0.23839092315626603,True,
2020-06-15,ADAUSDT,0.5714285714285714,0.28119008053176536,True,
2020-06-18,ETHUSDT,0.42857142857142855,0.1755686240595001,True,
2020-06-18,TRXUSDT,0.42857142857142855,0.208838226108682,True,
2020-06-19,IOSTUSDT,0.8571428571428571,0.25005957446808513,True,
2020-06-21,ONTUSDT,0.5714285714285714,0.18616002735510348,True,
2020-06-23,BATUSDT,0.8571428571428571,0.18595571095571098,True,
2020-06-23,LINKUSDT,1.0,0.13604578563995842,True,
2020-06-25,ADAUSDT,0.7142857142857143,0.1823871996076509,True,
2020-06-27,VETUSDT,0.5714285714285714,0.28625581395348837,True,
2020-07-02,IOSTUSDT,0.42857142857142855,0.2694658590308369,True,
2020-07-07,ATOMUSDT,0.8571428571428571,0.15844615384615382,True,
2020-07-08,ONTUSDT,0.8571428571428571,0.19484843845682798,True,
2020-07-08,XLMUSDT,0.8571428571428571,0.14597728071202715,True,
2020-07-10,TRXUSDT,0.8571428571428571,0.13833425261996685,True,
2020-07-10,VETUSDT,0.8571428571428571,0.2958883693746347,True,
2020-07-12,BNBUSDT,0.8571428571428571,0.110108125819135,True,
2020-07-15,XTZUSDT,0.8571428571428571,0.18889751552795037,True,
2020-07-16,ATOMUSDT,0.8571428571428571,0.2324301128003923,True,
2020-07-20,BNBUSDT,0.7142857142857143,0.1440490481907049,True,
2020-07-21,ZECUSDT,0.8571428571428571,0.16535263073724607,True,
2020-07-22,ETHUSDT,0.8571428571428571,0.09720740152117152,True,
2020-07-23,BNBUSDT,0.8571428571428571,0.1365728900255755,True,
2020-07-25,TRXUSDT,1.0,0.13397129186602869,True,
2020-07-26,BTCUSDT,0.8571428571428571,0.06108238788131218,True,
2020-07-29,QTUMUSDT,1.0,0.19645284621920128,True,
2020-07-31,XRPUSDT,1.0,0.1317411402157165,True,
2020-08-01,BNBUSDT,1.0,0.13838584495980785,True,
2020-08-01,XLMUSDT,1.0,0.2105180096546602,True,
2020-08-01,XRPUSDT,1.0,0.1580872252747253,True,
2020-08-02,BNBUSDT,1.0,0.16034877618206977,True,
2020-08-02,BTCUSDT,1.0,0.11732692703425716,True,
2020-08-02,ETHUSDT,1.0,0.18113048142684726,True,
2020-08-02,XRPUSDT,1.0,0.19538994800693243,True,
2020-08-02,ZECUSDT,1.0,0.19080255681818184,True,
2020-08-03,LINKUSDT,1.0,0.25549057829759586,True,
2020-08-04,XTZUSDT,1.0,0.25902799138726557,True,
2020-08-08,ADAUSDT,1.0,0.2281086764805644,True,
2020-08-09,XLMUSDT,1.0,0.21023666951810666,True,
2020-08-11,ATOMUSDT,1.0,0.24714314762098416,True,
2020-08-11,ONTUSDT,1.0,0.22131568549980252,True,
2020-08-11,TRXUSDT,1.0,0.20034756703078452,True,
2020-08-11,VETUSDT,1.0,0.2746458781720806,True,
2020-08-13,ETHUSDT,1.0,0.22051770348427138,True,
2020-08-15,EOSUSDT,1.0,0.23258246178600162,True,
2020-08-16,BTCUSDT,1.0,0.13767786545515853,True,
2020-08-16,LTCUSDT,1.0,0.22544517338331765,True,
2020-08-17,XRPUSDT,1.0,0.26934514394179054,True,
2020-08-18,BNBUSDT,1.0,0.18459332638164763,True,
2020-08-18,XLMUSDT,1.0,0.2362884597616188,True,
2020-08-19,IOSTUSDT,1.0,0.2541344046749452,True,
2020-08-19,NEOUSDT,1.0,0.2428675078864353,True,
2020-08-19,TRXUSDT,1.0,0.26498868778280554,True,
2020-08-20,ATOMUSDT,1.0,0.29783367719409615,True,
2020-08-20,XMRUSDT,1.0,0.18530191458026513,True,
2020-08-21,BTCUSDT,0.8571428571428571,0.13748393426199,True,
2020-08-21,ETHUSDT,0.8571428571428571,0.23768576947842884,True,
2020-08-21,IOSTUSDT,1.0,0.26607853906357265,True,
2020-08-21,LINKUSDT,0.8571428571428571,0.4,True,
2020-08-22,ATOMUSDT,1.0,0.3141831799032611,True,
2020-08-22,ONTUSDT,1.0,0.2708687132593076,True,
2020-08-25,ETHUSDT,0.7142857142857143,0.20093445746652402,True,
2020-08-25,LINKUSDT,0.8571428571428571,0.4,True,
2020-08-26,QTUMUSDT,0.8571428571428571,0.37993134407182455,True,
2020-08-30,BNBUSDT,1.0,0.16664833770408602,True,
2020-08-30,LTCUSDT,0.8571428571428571,0.22215431020796952,True,
2020-08-31,TRXUSDT,0.8571428571428571,0.291170431211499,True,
2020-09-03,ATOMUSDT,0.42857142857142855,0.4,True,
2020-09-03,BTCUSDT,0.2857142857142857,0.13152815084783864,True,
2020-09-03,ETHUSDT,0.42857142857142855,0.235997851265657,True,
2020-09-05,LINKUSDT,0.42857142857142855,0.4,True,
2020-09-05,TRXUSDT,1.0,0.4,True,
2020-09-10,IOSTUSDT,1.0,0.2988559979317477,True,
2020-09-11,BNBUSDT,1.0,0.26639858072146666,True,
2020-09-14,BTCUSDT,0.42857142857142855,0.133408726474808,True,
2020-09-17,ETHUSDT,0.42857142857142855,0.28886291234199984,True,
2020-09-21,BNBUSDT,0.7142857142857143,0.4,True,
2020-09-21,IOSTUSDT,0.7142857142857143,0.4,True,
2020-09-23,THETAUSDT,0.7142857142857143,0.30462996389891683,True,
2020-09-27,XMRUSDT,0.7142857142857143,0.16759526261585997,True,
2020-10-02,NEOUSDT,0.42857142857142855,0.4,True,
2020-10-06,ZECUSDT,0.42857142857142855,0.20763787213274776,True,
2020-10-07,BTCUSDT,0.2857142857142857,0.08289836988389822,True,
2020-10-08,XRPUSDT,0.42857142857142855,0.1303777335984096,True,
2020-10-09,BCHUSDT,0.42857142857142855,0.14313613955252183,True,
2020-10-11,ATOMUSDT,0.5714285714285714,0.24079012345679007,True,
2020-10-14,ETHUSDT,0.42857142857142855,0.12190099009900991,True,
2020-10-16,BCHUSDT,0.42857142857142855,0.13716664005110196,True,
2020-10-16,TRXUSDT,0.42857142857142855,0.14673024523160763,True,
2020-10-17,ATOMUSDT,0.42857142857142855,0.26688917337234813,True,
2020-10-19,XLMUSDT,0.5714285714285714,0.13190414659931873,True,
2020-10-20,ETHUSDT,0.2857142857142857,0.12336334544665618,True,
2020-10-21,LTCUSDT,0.7142857142857143,0.13964932126696838,True,
2020-10-22,XRPUSDT,0.7142857142857143,0.14270995334370146,True,
2020-10-26,LINKUSDT,0.5714285714285714,0.22828818049739336,True,
2020-10-28,BCHUSDT,0.5714285714285714,0.1508552582544534,True,
2020-11-02,LINKUSDT,0.2857142857142857,0.23170052880601166,True,
2020-11-03,BCHUSDT,0.2857142857142857,0.1839122411318435,True,
2020-11-03,LTCUSDT,0.42857142857142855,0.1897443023902168,True,
2020-11-04,BNBUSDT,0.2857142857142857,0.15366654302670615,True,
2020-11-06,XRPUSDT,0.7142857142857143,0.1509853168469861,True,
2020-11-07,XMRUSDT,0.42857142857142855,0.2316512109480508,True,
2020-11-17,ETCUSDT,0.7142857142857143,0.1535306334371755,True,
2020-11-20,ADAUSDT,0.7142857142857143,0.18919591630104624,True,
2020-11-21,TRXUSDT,0.8571428571428571,0.12938968668407314,True,
2020-11-22,ADAUSDT,0.8571428571428571,0.19232531108984,True,
2020-11-23,BCHUSDT,1.0,0.19175491679273823,True,
2020-11-24,BNBUSDT,1.0,0.1350526253722103,True,
2020-11-25,ADAUSDT,1.0,0.24288201160541587,True,
2020-11-26,ADAUSDT,1.0,0.30538494809688577,True,
2020-11-26,BCHUSDT,0.8571428571428571,0.3127751196172249,True,
2020-11-26,BNBUSDT,0.8571428571428571,0.20138898718946852,True,
2020-11-26,BTCUSDT,0.8571428571428571,0.1790773018780158,True,
2020-11-26,ETHUSDT,0.8571428571428571,0.218277751081211,True,
2020-11-26,XRPUSDT,1.0,0.3451955307262569,True,
2020-11-27,TRXUSDT,0.8571428571428571,0.24666553249404555,True,
2020-11-30,BTCUSDT,1.0,0.16170091277890467,True,
2020-12-03,XLMUSDT,1.0,0.3648400216919739,True,
2020-12-04,BNBUSDT,0.8571428571428571,0.218235820792727,True,
2020-12-07,XMRUSDT,1.0,0.22054562490990345,True,
2020-12-08,LTCUSDT,0.7142857142857143,0.3720680218921033,True,
2020-12-08,VETUSDT,0.8571428571428571,0.4,True,
2020-12-09,WAVESUSDT,0.8571428571428571,0.3810288937519749,True,
2020-12-10,BCHUSDT,0.7142857142857143,0.3616897277786133,True,
2020-12-11,ADAUSDT,0.7142857142857143,0.4,True,
2020-12-11,COMPUSDT,0.7142857142857143,0.34879733520336614,True,
2020-12-13,XMRUSDT,1.0,0.20561731237255804,True,
2020-12-16,XLMUSDT,0.7142857142857143,0.328416968442835,True,
2020-12-18,VETUSDT,0.8571428571428571,0.27829377364981084,True,
2020-12-19,BCHUSDT,0.8571428571428571,0.20175631519416867,True,
2020-12-20,BNBUSDT,1.0,0.14243219597550308,True,
2020-12-22,ZILUSDT,1.0,0.29704678362573106,True,
2020-12-23,XMRUSDT,0.8571428571428571,0.18940930787589502,True,
2020-12-24,THETAUSDT,1.0,0.23406676783004554,True,
2020-12-27,THETAUSDT,1.0,0.30184786641929495,True,
2020-12-28,ADAUSDT,1.0,0.26402649606522105,True,
2020-12-28,BCHUSDT,1.0,0.25629430660168373,True,
2020-12-31,ZILUSDT,1.0,0.39009816991879764,True,
2021-01-02,LTCUSDT,1.0,0.3069047271666181,True,
2021-01-06,LINKUSDT,1.0,0.30070271833429735,True,
2021-01-09,BNBUSDT,1.0,0.2095838932288701,True,
2021-01-11,BCHUSDT,1.0,0.3857520286846576,True,
2021-01-11,BTCUSDT,0.8571428571428571,0.2732399968821011,True,
2021-01-11,ETCUSDT,1.0,0.35293384998616106,True,
2021-01-11,ETHUSDT,0.8571428571428571,0.34694417355143803,True,
2021-01-11,LTCUSDT,0.8571428571428571,0.4,True,
2021-01-11,XMRUSDT,1.0,0.32246771334515073,True,
2021-01-12,BNBUSDT,0.8571428571428571,0.253583278902678,True,
2021-01-12,LINKUSDT,0.8571428571428571,0.4,True,
2021-01-13,SNXUSDT,1.0,0.3807180509128312,True,
2021-01-16,ADAUSDT,1.0,0.39397580071174376,True,
2021-01-17,BNBUSDT,1.0,0.23518437752142526,True,
2021-01-18,VETUSDT,1.0,0.4,True,
2021-01-19,ETHUSDT,1.0,0.35290820542445767,True,
2021-01-20,DOTUSDT,1.0,0.35988510850863076,True,
2021-01-21,VETUSDT,1.0,0.4,True,
2021-01-27,SUSHIUSDT,0.8571428571428571,0.4,True,
2021-01-27,UNIUSDT,0.8571428571428571,0.3204476446014333,True,
2021-01-30,XLMUSDT,0.8571428571428571,0.4,True,
2021-02-02,MKRUSDT,1.0,0.33814970889285384,True,
2021-02-03,DOTUSDT,1.0,0.3505962643678161,True,
2021-02-03,XLMUSDT,1.0,0.3660748684626664,True,
2021-02-08,BTCUSDT,1.0,0.21682666929594246,True,
2021-02-09,LTCUSDT,1.0,0.23995386136438532,True,
2021-02-15,ADAUSDT,1.0,0.3440409055498065,True,
2021-02-22,BNBUSDT,1.0,0.4,True,
2021-02-22,SUSHIUSDT,1.0,0.4,True,
2021-02-22,UNIUSDT,1.0,0.3893573399210198,True,
2021-02-23,BTCUSDT,0.8571428571428571,0.2545393623543839,True,
2021-02-23,DOTUSDT,1.0,0.374973946271422,True,
2021-02-25,SXPUSDT,0.8571428571428571,0.4,True,
2021-02-26,TRXUSDT,0.7142857142857143,0.4,True,
2021-02-28,BTCUSDT,0.5714285714285714,0.2851878713186974,True,
2021-03-01,SUSHIUSDT,1.0,0.4,True,
2021-03-08,DOGEUSDT,0.8571428571428571,0.3501751854905194,True,
2021-03-11,BTCUSDT,1.0,0.22477680686087465,True,
2021-03-12,DOGEUSDT,0.8571428571428571,0.3370265681723771,True,
2021-03-17,ADAUSDT,1.0,0.3073288415561835,True,
2021-03-17,TRXUSDT,1.0,0.18509124087591244,True,
2021-03-18,ENJUSDT,1.0,0.4,True,
2021-03-18,UNIUSDT,0.8571428571428571,0.3019896072749076,True,
2021-03-19,SXPUSDT,1.0,0.3416304702603629,True,
2021-03-20,DOTUSDT,0.8571428571428571,0.24684481648422404,True,
2021-03-22,VETUSDT,1.0,0.31796371584204397,True,
2021-03-23,ENJUSDT,0.8571428571428571,0.4,True,
2021-03-24,BTCUSDT,0.5714285714285714,0.21308391035706456,True,
2021-03-25,THETAUSDT,1.0,0.3335361155820677,True,
2021-03-27,FILUSDT,1.0,0.24534876694739227,True,
2021-03-29,BNBUSDT,0.7142857142857143,0.2516804876809016,True,
2021-03-30,EOSUSDT,0.8571428571428571,0.2451657458563535,True,
2021-04-01,ETHUSDT,1.0,0.17675606932894697,True,
2021-04-02,DOTUSDT,1.0,0.23962440743892058,True,
2021-04-03,TRXUSDT,1.0,0.23764873635559058,True,
2021-04-04,SXPUSDT,1.0,0.3411947011568842,True,
2021-04-05,XRPUSDT,1.0,0.22316913687881434,True,
2021-04-06,ADAUSDT,1.0,0.2538513012929283,True,
2021-04-06,LTCUSDT,1.0,0.17913859885483324,True,
2021-04-07,EOSUSDT,1.0,0.3313189611271431,True,
2021-04-07,LINKUSDT,1.0,0.24586824617162664,True,
2021-04-10,TRXUSDT,1.0,0.3198233717079325,True,
2021-04-11,ETHUSDT,1.0,0.16919259413934712,True,
2021-04-13,BTCUSDT,1.0,0.12199403579372158,True,
2021-04-15,TRXUSDT,1.0,0.31909637822070974,True,
2021-04-16,FILUSDT,1.0,0.3779830756783943,True,
2021-04-18,BCHUSDT,1.0,0.2833103866347467,True,
2021-04-18,LINKUSDT,1.0,0.28792036416643224,True,
2021-04-18,LTCUSDT,1.0,0.2922728435205144,True,
2021-04-18,SOLUSDT,1.0,0.30549379891929324,True,
2021-04-18,VETUSDT,1.0,0.29889922126597435,True,
2021-04-19,BNBUSDT,0.8571428571428571,0.3320387858948852,True,
2021-04-19,ETHUSDT,0.8571428571428571,0.22774199514507,True,
2021-04-19,XRPUSDT,0.8571428571428571,0.4,True,
2021-04-20,DOGEUSDT,1.0,0.4,True,
2021-04-21,BNBUSDT,0.8571428571428571,0.34176122742528353,True,
2021-04-21,TRXUSDT,0.8571428571428571,0.4,True,
2021-04-22,LINKUSDT,0.8571428571428571,0.3832375860303737,True,
2021-04-22,LTCUSDT,0.8571428571428571,0.37621714692843566,True,
2021-04-22,UNIUSDT,0.8571428571428571,0.3366284207735588,True,
2021-04-23,BCHUSDT,0.8571428571428571,0.4,True,
2021-04-23,VETUSDT,0.8571428571428571,0.4,True,
2021-04-24,DOGEUSDT,0.8571428571428571,0.4,True,
2021-04-24,SOLUSDT,1.0,0.34855565588272003,True,
2021-04-24,XRPUSDT,0.7142857142857143,0.4,True,
2021-04-25,BCHUSDT,0.7142857142857143,0.4,True,
2021-04-25,ETCUSDT,0.8571428571428571,0.4,True,
2021-04-26,UNIUSDT,1.0,0.3303911711570184,True,
2021-04-30,SXPUSDT,1.0,0.4,True,
2021-05-03,SOLUSDT,1.0,0.38248807123363865,True,
2021-05-04,LINKUSDT,1.0,0.3254654839276305,True,
2021-05-05,ADAUSDT,1.0,0.2922654953240761,True,
2021-05-05,LTCUSDT,1.0,0.2927766565758493,True,
2021-05-09,BCHUSDT,1.0,0.3047762008733624,True,
2021-05-10,EOSUSDT,1.0,0.4,True,
2021-05-10,ETCUSDT,1.0,0.4,True,
2021-05-11,BCHUSDT,1.0,0.31831460093866404,True,
2021-05-12,DOGEUSDT,0.8571428571428571,0.4,True,
2021-05-12,EOSUSDT,1.0,0.4,True,
2021-05-14,DOTUSDT,1.0,0.2693839335871669,True,
2021-05-14,MATICUSDT,1.0,0.3751963856892833,True,
2021-05-16,ETCUSDT,0.8571428571428571,0.4,True,
2021-05-17,DOTUSDT,1.0,0.38525121346690083,True,
2021-05-17,XLMUSDT,0.8571428571428571,0.3938462016853757,True,
2021-05-18,SOLUSDT,1.0,0.3279418230563002,True,
2021-05-19,ADAUSDT,0.7142857142857143,0.4,True,
2021-05-19,DOGEUSDT,0.5714285714285714,0.4,True,
2021-05-19,ETCUSDT,0.5714285714285714,0.4,True,
2021-05-19,ETHUSDT,0.42857142857142855,0.4,True,
2021-05-19,MATICUSDT,1.0,0.4,True,
2021-05-19,XRPUSDT,0.42857142857142855,0.4,True,
2021-05-21,EOSUSDT,0.42857142857142855,0.4,True,
2021-05-23,ADAUSDT,0.5714285714285714,0.4,True,
2021-05-23,ETCUSDT,0.5714285714285714,0.4,True,
2021-05-23,MATICUSDT,0.8571428571428571,0.4,True,
2021-05-23,XRPUSDT,0.2857142857142857,0.4,True,
2021-06-03,SOLUSDT,0.42857142857142855,0.4,True,
2021-06-05,ETHUSDT,0.2857142857142857,0.4,True,
2021-06-07,XRPUSDT,0.2857142857142857,0.4,True,
2021-06-08,MATICUSDT,0.5714285714285714,0.4,True,
2021-06-11,DOGEUSDT,0.2857142857142857,0.4,True,
2021-06-14,BTCUSDT,0.2857142857142857,0.23021173599808342,True,
2021-06-15,BTCUSDT,0.2857142857142857,0.22783649109482848,True,
2021-06-16,BTCUSDT,0.2857142857142857,0.23487800355561628,True,
2021-06-17,BTCUSDT,0.2857142857142857,0.22887405410986814,True,
2021-06-18,SOLUSDT,0.2857142857142857,0.39796059782608695,True,
2021-06-19,BCHUSDT,0.2857142857142857,0.27864637129654807,True,
2021-06-20,ETCUSDT,0.2857142857142857,0.32677803733731187,True,
2021-06-21,BNBUSDT,0.14285714285714285,0.4,True,
2021-06-21,DOGEUSDT,0.14285714285714285,0.4,True,
2021-06-22,ADAUSDT,0.14285714285714285,0.38676699532952785,True,
2021-06-22,ETCUSDT,0.14285714285714285,0.4,True,
2021-06-22,MATICUSDT,0.42857142857142855,0.4,True,
2021-06-22,SOLUSDT,0.2857142857142857,0.4,True,
2021-06-29,BTCUSDT,0.14285714285714285,0.23921190735162173,True,
2021-06-30,BTCUSDT,0.14285714285714285,0.2422579863373962,True,
2021-06-30,ETHUSDT,0.14285714285714285,0.2663498901098901,True,
2021-07-01,BTCUSDT,0.14285714285714285,0.25606611653164113,True,
2021-07-02,ADAUSDT,0.2857142857142857,0.28093393587260607,True,
2021-07-02,BTCUSDT,0.14285714285714285,0.2470306365877253,True,
2021-07-03,BTCUSDT,0.14285714285714285,0.22775543720099936,True,
2021-07-04,BTCUSDT,0.14285714285714285,0.22087812243481886,True,
2021-07-05,BTCUSDT,0.14285714285714285,0.23292142719685258,True,
2021-07-06,AAVEUSDT,0.2857142857142857,0.3232411067193676,True,
2021-07-06,BNBUSDT,0.2857142857142857,0.2815399061032863,True,
2021-07-07,BTCUSDT,0.14285714285714285,0.22434275138540744,True,
2021-07-08,DOGEUSDT,0.14285714285714285,0.4,True,
2021-07-13,ETCUSDT,0.14285714285714285,0.3325813325132352,True,
2021-07-16,AXSUSDT,1.0,0.4,True,
2021-07-20,BNBUSDT,0.14285714285714285,0.22226049434119377,True,
2021-07-22,SANDUSDT,0.42857142857142855,0.4,True,
2021-07-23,ALICEUSDT,0.5714285714285714,0.4,True,
2021-07-23,BTCUSDT,0.14285714285714285,0.14530254090596373,True,
2021-07-23,ETHUSDT,0.14285714285714285,0.20845066444478957,True,
2021-07-24,BTCUSDT,0.14285714285714285,0.14048001752848382,True,
2021-07-25,BTCUSDT,0.2857142857142857,0.13314420765685459,True,
2021-07-26,BNBUSDT,0.2857142857142857,0.19563693219223172,True,
2021-07-28,ETHUSDT,0.2857142857142857,0.181298693958471,True,
2021-07-28,XRPUSDT,0.42857142857142855,0.18389344262295082,True,
2021-07-30,AAVEUSDT,0.5714285714285714,0.24976593951877163,True,
2021-07-30,CHRUSDT,0.7142857142857143,0.4,True,
2021-07-31,BNBUSDT,0.5714285714285714,0.17762255639097743,True,
2021-07-31,ETHUSDT,0.5714285714285714,0.16904927504159273,True,
2021-08-04,LUNAUSDT,0.7142857142857143,0.250798678050124,True,
2021-08-06,ETCUSDT,0.5714285714285714,0.22601622191275547,True,
2021-08-11,XRPUSDT,0.7142857142857143,0.19105731225296438,True,
2021-08-13,ETCUSDT,0.8571428571428571,0.22447635634203614,True,
2021-08-16,SOLUSDT,1.0,0.21945902008756113,True,
2021-08-17,XRPUSDT,0.7142857142857143,0.2654360888565186,True,
2021-08-18,DOGEUSDT,0.7142857142857143,0.2872976892903056,True,
2021-08-18,ETCUSDT,0.8571428571428571,0.28155660819810524,True,
2021-08-19,ADAUSDT,1.0,0.20222004170244084,True,
2021-08-19,BNBUSDT,0.8571428571428571,0.17061365901137865,True,
2021-08-21,ALICEUSDT,0.8571428571428571,0.3116884257361982,True,
2021-08-23,BTCUSDT,0.8571428571428571,0.15071395816687336,True,
2021-08-24,ALICEUSDT,0.8571428571428571,0.3511701928477813,True,
2021-08-24,LUNAUSDT,1.0,0.31462686063388123,True,
2021-08-26,SOLUSDT,0.8571428571428571,0.32033789649415706,True,
2021-08-30,BTCUSDT,0.7142857142857143,0.14298499511958612,True,
2021-08-31,DOTUSDT,0.8571428571428571,0.2577202716923371,True,
2021-08-31,ETHUSDT,0.8571428571428571,0.17019944672626947,True,
2021-09-03,BTCUSDT,0.8571428571428571,0.13094007285654094,True,
2021-09-04,XRPUSDT,0.8571428571428571,0.25505734310289896,True,
2021-09-05,BNBUSDT,1.0,0.18315239959660679,True,
2021-09-07,BCHUSDT,0.8571428571428571,0.22565476897493766,True,
2021-09-07,DOTUSDT,0.7142857142857143,0.3657369022943321,True,
2021-09-07,ETHUSDT,0.7142857142857143,0.20310131004366813,True,
2021-09-07,FILUSDT,0.8571428571428571,0.33733495811840414,True,
2021-09-07,XRPUSDT,0.7142857142857143,0.3104808714133899,True,
2021-09-08,LTCUSDT,0.7142857142857143,0.2767143493265056,True,
2021-09-08,LUNAUSDT,0.7142857142857143,0.4,True,
2021-09-10,AVAXUSDT,0.7142857142857143,0.4,True,
2021-09-14,FTMUSDT,0.8571428571428571,0.4,True,
2021-09-17,SOLUSDT,0.7142857142857143,0.4,True,
2021-09-20,LUNAUSDT,0.42857142857142855,0.4,True,
2021-09-20,XTZUSDT,0.5714285714285714,0.4,True,
2021-09-21,ADAUSDT,0.2857142857142857,0.4,True,
2021-09-22,ATOMUSDT,0.8571428571428571,0.4,True,
2021-09-25,ALGOUSDT,0.7142857142857143,0.4,True,
2021-09-30,AXSUSDT,0.5714285714285714,0.28805790108564533,True,
2021-10-04,LUNAUSDT,1.0,0.33690026263532113,True,
2021-10-06,ATOMUSDT,0.8571428571428571,0.4,True,
2021-10-06,BTCUSDT,0.8571428571428571,0.15393589484035172,True,
2021-10-10,SOLUSDT,0.7142857142857143,0.31119462132502373,True,
2021-10-13,DOTUSDT,0.8571428571428571,0.23404899894625916,True,
2021-10-13,OMGUSDT,0.8571428571428571,0.3648231003120583,True,
2021-10-14,1000SHIBUSDT,1.0,0.4,True,
2021-10-15,OMGUSDT,0.8571428571428571,0.3900887892763243,True,
2021-10-20,ETHUSDT,1.0,0.1530949968060632,True,
2021-10-20,SOLUSDT,1.0,0.23030918273282028,True,
2021-10-23,1000SHIBUSDT,1.0,0.4,True,
2021-10-25,AXSUSDT,1.0,0.29604783599088846,True,
2021-10-27,ATOMUSDT,0.8571428571428571,0.2714957206901235,True,
2021-10-28,MATICUSDT,1.0,0.22687947913251208,True,
2021-10-29,BNBUSDT,1.0,0.16577950708471506,True,
2021-10-30,SOLUSDT,0.8571428571428571,0.2469979576206281,True,
2021-10-31,1000SHIBUSDT,1.0,0.4,True,
2021-11-01,DOTUSDT,1.0,0.2393578751723725,True,
2021-11-02,SOLUSDT,1.0,0.22868275094551316,True,
2021-11-03,LUNAUSDT,1.0,0.2319238218205295,True,
2021-11-08,BTCUSDT,1.0,0.13652342155304717,True,
2021-11-08,FTMUSDT,1.0,0.3178273099215821,True,
2021-11-09,AXSUSDT,1.0,0.2885546588407924,True,
2021-11-10,1000SHIBUSDT,0.8571428571428571,0.4,True,
2021-11-10,AVAXUSDT,1.0,0.2497135780441136,True,
2021-11-10,LTCUSDT,1.0,0.18816557817902424,True,
2021-11-12,SOLUSDT,0.8571428571428571,0.25632010919972703,True,
2021-11-13,AVAXUSDT,1.0,0.23432096237522385,True,
2021-11-14,SANDUSDT,1.0,0.4,True,
2021-11-15,LRCUSDT,1.0,0.4,True,
2021-11-16,LTCUSDT,0.8571428571428571,0.27115960912052123,True,
2021-11-16,MANAUSDT,0.8571428571428571,0.4,True,
2021-11-16,SOLUSDT,0.7142857142857143,0.25043918317408004,True,
2021-11-18,ETHUSDT,0.5714285714285714,0.1809423871606816,True,
2021-11-20,CHRUSDT,1.0,0.4,True,
2021-11-25,BNBUSDT,0.7142857142857143,0.19430549038010328,True,
2021-11-26,MATICUSDT,0.7142857142857143,0.30700652478809687,True,
2021-11-30,ETHUSDT,0.7142857142857143,0.18757327523852915,True,
2021-12-01,LUNAUSDT,1.0,0.24715107284064447,True,
2021-12-02,MATICUSDT,0.8571428571428571,0.2601013433891115,True,
2021-12-03,LRCUSDT,0.7142857142857143,0.4,True,
2021-12-04,BNBUSDT,0.5714285714285714,0.24821148802084253,True,
2021-12-04,ETHUSDT,0.5714285714285714,0.25286348428855693,True,
2021-12-04,LUNAUSDT,1.0,0.27344773853284327,True,
2021-12-04,MANAUSDT,0.7142857142857143,0.4,True,
2021-12-04,MATICUSDT,1.0,0.35502531645569624,True,
2021-12-04,SANDUSDT,0.8571428571428571,0.4,True,
2021-12-10,LRCUSDT,0.42857142857142855,0.4,True,
2021-12-13,LUNAUSDT,0.7142857142857143,0.4,True,
2021-12-15,AVAXUSDT,0.42857142857142855,0.39976373126655845,True,
2021-12-16,AVAXUSDT,0.42857142857142855,0.4,True,
2021-12-17,AVAXUSDT,0.42857142857142855,0.36032804500347637,True,
2021-12-18,AVAXUSDT,0.42857142857142855,0.3423974943052391,True,
2021-12-19,AVAXUSDT,0.42857142857142855,0.3669698406941384,True,
2021-12-20,AVAXUSDT,0.42857142857142855,0.3535158349116857,True,
2021-12-20,BNBUSDT,0.2857142857142857,0.2214901900908466,True,
2021-12-21,AVAXUSDT,0.5714285714285714,0.32975177420140644,True,
2021-12-22,AVAXUSDT,0.5714285714285714,0.34692988847647366,True,
2021-12-23,AVAXUSDT,0.5714285714285714,0.32626670619333487,True,
2021-12-24,AVAXUSDT,0.5714285714285714,0.3158439026088774,True,
2021-12-24,NEARUSDT,1.0,0.36700070935274903,True,
2021-12-25,AVAXUSDT,0.5714285714285714,0.3051919815628126,True,
2021-12-26,AVAXUSDT,0.5714285714285714,0.29309104181875073,True,
2021-12-27,FTMUSDT,0.5714285714285714,0.2675824700109052,True,
2022-01-01,ATOMUSDT,0.5714285714285714,0.2409069632974476,True,
2022-01-05,CRVUSDT,1.0,0.3812569521690767,True,
2022-01-05,MATICUSDT,0.5714285714285714,0.3121973032471106,True,
2022-01-05,SANDUSDT,0.42857142857142855,0.3038494619354322,True,
2022-01-07,LUNAUSDT,0.5714285714285714,0.36646176650100276,True,
2022-01-08,ATOMUSDT,0.5714285714285714,0.35986691590871034,True,
2022-01-09,LINKUSDT,0.5714285714285714,0.2531774275546518,True,
2022-01-10,FTMUSDT,0.42857142857142855,0.4,True,
2022-01-13,MATICUSDT,0.42857142857142855,0.2935505231095219,True,
2022-01-17,ADAUSDT,0.5714285714285714,0.1939621226326645,True,
2022-01-17,ONEUSDT,0.8571428571428571,0.35539409256041704,True,
2022-01-20,ADAUSDT,0.42857142857142855,0.28335984095427436,True,
2022-01-21,FTMUSDT,0.7142857142857143,0.4,True,
2022-01-21,LUNAUSDT,0.2857142857142857,0.39324587578657666,True,
2022-01-21,MATICUSDT,0.14285714285714285,0.3754327602449364,True,
2022-01-21,NEARUSDT,0.42857142857142855,0.4,True,
2022-01-22,ATOMUSDT,0.2857142857142857,0.4,True,
2022-01-22,ONEUSDT,0.2857142857142857,0.4,True,
2022-01-22,SANDUSDT,0.14285714285714285,0.4,True,
2022-01-24,MATICUSDT,0.14285714285714285,0.4,True,
2022-01-31,BTCUSDT,0.14285714285714285,0.16924024377299746,True,
2022-01-31,ETHUSDT,0.14285714285714285,0.24639952482739608,True,
2022-01-31,SANDUSDT,0.2857142857142857,0.3243246216658926,True,
2022-02-01,BTCUSDT,0.14285714285714285,0.1658812538924642,True,
2022-02-02,LUNAUSDT,0.14285714285714285,0.4,True,
2022-02-04,BTCUSDT,0.14285714285714285,0.1655334296028881,True,
2022-02-04,MATICUSDT,0.2857142857142857,0.33380929903233425,True,
2022-02-05,BTCUSDT,0.14285714285714285,0.16648489692611596,True,
2022-02-06,BTCUSDT,0.2857142857142857,0.16232804195333725,True,
2022-02-06,MANAUSDT,0.42857142857142855,0.26478102742839815,True,
2022-02-07,1000SHIBUSDT,0.42857142857142855,0.2593000030728574,True,
2022-02-08,BTCUSDT,0.42857142857142855,0.16656813920993738,True,
2022-02-09,MATICUSDT,0.42857142857142855,0.27704101178781926,True,
2022-02-10,1000SHIBUSDT,0.42857142857142855,0.2912291517944059,True,
2022-02-11,NEARUSDT,0.2857142857142857,0.385153080044264,True,
2022-02-11,XRPUSDT,0.42857142857142855,0.21243243243243243,True,
2022-02-13,MATICUSDT,0.2857142857142857,0.28466789333976833,True,
2022-02-14,GALAUSDT,0.2857142857142857,0.4,True,
2022-02-15,AVAXUSDT,0.42857142857142855,0.2484455679862306,True,
2022-02-17,MANAUSDT,0.2857142857142857,0.29106231511881153,True,
2022-02-17,NEARUSDT,0.2857142857142857,0.3156594195958242,True,
2022-02-18,LUNAUSDT,0.14285714285714285,0.2895885212854264,True,
2022-02-20,1000SHIBUSDT,0.14285714285714285,0.3767169277889033,True,
2022-02-20,FTMUSDT,0.14285714285714285,0.2982161503654716,True,
2022-02-20,SANDUSDT,0.14285714285714285,0.3537028921998247,True,
2022-02-21,NEARUSDT,0.14285714285714285,0.39046391752577303,True,
2022-02-22,XRPUSDT,0.14285714285714285,0.29625156184922946,True,
2022-02-26,ATOMUSDT,0.14285714285714285,0.25354884047786364,True,
2022-02-28,BTCUSDT,0.14285714285714285,0.17095714285714286,True,
2022-02-28,ETHUSDT,0.14285714285714285,0.23077737063799186,True,
2022-02-28,SOLUSDT,0.14285714285714285,0.28425015057217434,True,
2022-03-01,BTCUSDT,0.14285714285714285,0.16764744639490384,True,
2022-03-01,NEARUSDT,0.2857142857142857,0.27551461245235065,True,
2022-03-02,BTCUSDT,0.14285714285714285,0.1672600983919591,True,
2022-03-02,FTMUSDT,0.2857142857142857,0.2931195393169181,True,
2022-03-03,BTCUSDT,0.14285714285714285,0.17384918550277387,True,
2022-03-04,BTCUSDT,0.14285714285714285,0.19843885533777864,True,
2022-03-05,BTCUSDT,0.14285714285714285,0.1976736694002047,True,
2022-03-06,BNBUSDT,0.14285714285714285,0.20689862267777065,True,
2022-03-11,XRPUSDT,0.14285714285714285,0.2386915887850467,True,
2022-03-13,WAVESUSDT,0.8571428571428571,0.349349526244548,True,
2022-03-16,DOTUSDT,0.2857142857142857,0.21321845119260266,True,
2022-03-16,ETHUSDT,0.14285714285714285,0.198773613485383,True,
2022-03-16,GALAUSDT,0.14285714285714285,0.2869712706256806,True,
2022-03-18,SOLUSDT,0.14285714285714285,0.2383591400245071,True,
2022-03-19,AVAXUSDT,0.42857142857142855,0.23614989389031607,True,
2022-03-19,BTCUSDT,0.14285714285714285,0.170342062472445,True,
2022-03-19,XRPUSDT,0.2857142857142857,0.17794189453124995,True,
2022-03-20,RUNEUSDT,0.8571428571428571,0.33464891885608,True,
2022-03-22,ADAUSDT,0.42857142857142855,0.15982142857142853,True,
2022-03-23,ETHUSDT,0.42857142857142855,0.15127637495676244,True,
2022-03-23,NEARUSDT,0.5714285714285714,0.22211192058281978,True,
2022-03-24,SOLUSDT,0.42857142857142855,0.1751099384344767,True,
2022-03-26,BTCUSDT,0.42857142857142855,0.12919854706310752,True,
2022-04-03,SOLUSDT,0.7142857142857143,0.19521373766898062,True,
2022-04-04,WAVESUSDT,0.8571428571428571,0.4,True,
2022-04-05,ADAUSDT,0.7142857142857143,0.19182051282051274,True,
2022-04-05,RUNEUSDT,0.7142857142857143,0.326651291512915,True,
2022-04-06,DOGEUSDT,0.7142857142857143,0.2533684724937168,True,
2022-04-06,WAVESUSDT,0.5714285714285714,0.4,True,
2022-04-08,ETHUSDT,0.42857142857142855,0.1430876832348351,True,
2022-04-08,LUNAUSDT,0.7142857142857143,0.24617647058823539,True,
2022-04-08,SOLUSDT,0.42857142857142855,0.2850723845943731,True,
2022-04-11,ETCUSDT,0.2857142857142857,0.3710776095186588,True,
2022-04-11,ZILUSDT,0.7142857142857143,0.4,True,
2022-04-15,WAVESUSDT,0.2857142857142857,0.4,True,
2022-04-16,ETCUSDT,0.2857142857142857,0.30296554617441923,True,
2022-04-21,WAVESUSDT,0.2857142857142857,0.4,True,
2022-04-22,DOGEUSDT,0.2857142857142857,0.2651720848315843,True,
2022-04-23,BNBUSDT,0.2857142857142857,0.12527941323221237,True,
2022-04-24,FILUSDT,0.2857142857142857,0.25662593239168385,True,
2022-04-25,DOGEUSDT,0.2857142857142857,0.22379039908924156,True,
2022-04-25,KNCUSDT,1.0,0.36357086458744586,True,
2022-04-26,NEARUSDT,0.2857142857142857,0.38482481060606044,True,
2022-04-26,WAVESUSDT,0.14285714285714285,0.4,True,
2022-04-30,ETCUSDT,0.14285714285714285,0.28951044891640876,True,
2022-04-30,ZILUSDT,0.2857142857142857,0.4,True,
2022-05-03,KNCUSDT,0.42857142857142855,0.4,True,
2022-05-04,ADAUSDT,0.14285714285714285,0.17488032951129912,True,
2022-05-07,ETCUSDT,0.14285714285714285,0.28759739049394223,True,
2022-05-07,LUNAUSDT,0.14285714285714285,0.3356581921733259,True,
2022-05-09,KNCUSDT,0.14285714285714285,0.4,True,
2022-05-10,NEARUSDT,0.14285714285714285,0.4,True,
2022-05-10,ZILUSDT,0.2857142857142857,0.4,True,
2022-05-12,ZILUSDT,0.14285714285714285,0.4,True,
2022-05-13,TRXUSDT,0.5714285714285714,0.4,True,
2022-05-19,KNCUSDT,0.14285714285714285,0.4,True,
2022-05-21,BNBUSDT,0.14285714285714285,0.28928331144074587,True,
2022-05-21,FTMUSDT,0.14285714285714285,0.4,True,
2022-05-30,ADAUSDT,0.14285714285714285,0.35739863085834656,True,
2022-05-30,AXSUSDT,0.14285714285714285,0.39581250000000007,True,
2022-05-30,BTCUSDT,0.2857142857142857,0.17738121129024637,True,
2022-05-30,DOTUSDT,0.14285714285714285,0.38622239219810695,True,
2022-05-31,AXSUSDT,0.14285714285714285,0.3779294414111718,True,
2022-05-31,WAVESUSDT,0.2857142857142857,0.3765929055932392,True,
2022-06-01,AXSUSDT,0.14285714285714285,0.4,True,
2022-06-03,ZILUSDT,0.14285714285714285,0.3457031249999999,True,
2022-06-06,GALAUSDT,0.14285714285714285,0.3012960436562074,True,
2022-06-07,PEOPLEUSDT,0.14285714285714285,0.4,True,
2022-06-10,ZILUSDT,0.14285714285714285,0.31531284302963775,True,
2022-06-13,BELUSDT,0.8571428571428571,0.4,True,
2022-06-13,TRXUSDT,0.14285714285714285,0.26899388810531266,True,
2022-06-15,PEOPLEUSDT,0.2857142857142857,0.4,True,
2022-06-21,SOLUSDT,0.14285714285714285,0.39835119538334696,True,
2022-06-21,UNFIUSDT,0.7142857142857143,0.4,True,
2022-06-21,WAVESUSDT,0.14285714285714285,0.4,True,
2022-06-23,FTMUSDT,0.14285714285714285,0.3959801762114538,True,
2022-06-24,AVAXUSDT,0.14285714285714285,0.37587890625,True,
2022-06-24,BNBUSDT,0.14285714285714285,0.26687914010748653,True,
2022-06-25,1000SHIBUSDT,0.2857142857142857,0.28365555838209106,True,
2022-06-25,ETHUSDT,0.14285714285714285,0.35136074420103103,True,
2022-06-28,DOGEUSDT,0.14285714285714285,0.3466535433070865,True,
2022-06-28,SANDUSDT,0.14285714285714285,0.3874087759815243,True,
2022-06-28,TRXUSDT,0.14285714285714285,0.2749012158054712,True,
2022-06-28,XRPUSDT,0.14285714285714285,0.2551601423487544,True,
2022-06-29,1000SHIBUSDT,0.14285714285714285,0.36204211557296767,True,
2022-07-04,BELUSDT,0.5714285714285714,0.4,True,
2022-07-04,TRXUSDT,0.2857142857142857,0.205283102987071,True,
2022-07-05,ATOMUSDT,0.2857142857142857,0.26969696969696966,True,
2022-07-06,BNBUSDT,0.14285714285714285,0.1889662695083068,True,
2022-07-06,SANDUSDT,0.14285714285714285,0.3046492271105826,True,
2022-07-07,BTCUSDT,0.2857142857142857,0.18625251001693394,True,
2022-07-10,ETHUSDT,0.14285714285714285,0.21709995632851234,True,
2022-07-11,MATICUSDT,0.14285714285714285,0.3248,True,
2022-07-11,SANDUSDT,0.14285714285714285,0.334399269072636,True,
2022-07-12,GMTUSDT,0.2857142857142857,0.3546065825174,True,
2022-07-13,MATICUSDT,0.42857142857142855,0.28341944574917793,True,
2022-07-16,ETHUSDT,0.42857142857142855,0.21018614843179353,True,
2022-07-16,SOLUSDT,0.2857142857142857,0.23593631539044735,True,
2022-07-18,1000SHIBUSDT,0.5714285714285714,0.2039794125031383,True,
2022-07-18,SANDUSDT,0.5714285714285714,0.23033185680052282,True,
2022-07-21,APEUSDT,0.5714285714285714,0.22593487067622306,True,
2022-07-23,DYDXUSDT,0.7142857142857143,0.36034802784222736,True,
2022-07-23,FTMUSDT,0.5714285714285714,0.2462123427902895,True,
2022-07-25,GMTUSDT,0.42857142857142855,0.30458515283842796,True,
2022-07-26,MATICUSDT,0.5714285714285714,0.33954632587859424,True,
2022-07-27,BNBUSDT,0.5714285714285714,0.14938683066951458,True,
2022-07-27,ETHUSDT,0.5714285714285714,0.23737411721544532,True,
2022-07-28,BTCUSDT,0.5714285714285714,0.15549689128300653,True,
2022-07-28,CRVUSDT,0.7142857142857143,0.31428108808290156,True,
2022-07-29,ATOMUSDT,0.7142857142857143,0.26248992747784045,True,
2022-07-29,UNFIUSDT,1.0,0.2952200303490136,True,
2022-07-31,DYDXUSDT,0.7142857142857143,0.31910292350820996,True,
2022-08-01,BNBUSDT,0.5714285714285714,0.16540689460299524,True,
2022-08-01,ETCUSDT,0.8571428571428571,0.3451819638361182,True,
2022-08-02,DOTUSDT,0.5714285714285714,0.2374999999999999,True,
2022-08-02,XRPUSDT,0.5714285714285714,0.186530172413793,True,
2022-08-03,APEUSDT,0.5714285714285714,0.31155617585484996,True,
2022-08-05,ETHUSDT,0.5714285714285714,0.22743548266393412,True,
2022-08-05,FTMUSDT,0.7142857142857143,0.2819575471698113,True,
2022-08-06,AVAXUSDT,0.7142857142857143,0.2479166666666666,True,
2022-08-08,NEARUSDT,0.7142857142857143,0.2463270142180095,True,
2022-08-09,1000SHIBUSDT,0.7142857142857143,0.18643391521197006,True,
2022-08-09,FTMUSDT,0.7142857142857143,0.2643029814665592,True,
2022-08-10,DOTUSDT,0.7142857142857143,0.21642857142857136,True,
2022-08-10,MATICUSDT,0.7142857142857143,0.23803860921501713,True,
2022-08-11,ETHUSDT,0.7142857142857143,0.19462766381993776,True,
2022-08-12,SOLUSDT,0.7142857142857143,0.21397932248130222,True,
2022-08-14,NEARUSDT,0.7142857142857143,0.24499287241625076,True,
2022-08-15,1000SHIBUSDT,0.7142857142857143,0.2077407091826702,True,
2022-08-15,DOGEUSDT,0.7142857142857143,0.19030026109660575,True,
2022-08-16,TRBUSDT,1.0,0.4,True,
2022-08-17,ETHUSDT,0.5714285714285714,0.17780589566687577,True,
2022-08-18,BTCUSDT,0.42857142857142855,0.11969993659721119,True,
2022-08-19,BNBUSDT,0.2857142857142857,0.171248073407649,True,
2022-08-19,DOGEUSDT,0.42857142857142855,0.2534780682321665,True,
2022-08-20,1000SHIBUSDT,0.5714285714285714,0.2835340273461777,True,
2022-08-20,UNFIUSDT,0.7142857142857143,0.4,True,
2022-08-26,CHZUSDT,0.8571428571428571,0.3422900468440624,True,
2022-08-27,ETHUSDT,0.14285714285714285,0.24543926174496647,True,
2022-08-28,BNBUSDT,0.14285714285714285,0.16140897078521516,True,
2022-08-29,ETCUSDT,0.14285714285714285,0.32037800071658906,True,
2022-08-30,TRBUSDT,0.2857142857142857,0.4,True,
2022-08-31,MATICUSDT,0.14285714285714285,0.2257391826923077,True,
2022-09-01,EOSUSDT,0.5714285714285714,0.3536148648648649,True,
2022-09-05,ETHUSDT,0.14285714285714285,0.20149883729559903,True,
2022-09-06,ATOMUSDT,0.7142857142857143,0.2767505098572399,True,
2022-09-08,NEARUSDT,0.2857142857142857,0.19724711907810494,True,
2022-09-09,ETHUSDT,0.2857142857142857,0.18199775252113554,True,
2022-09-10,BTCUSDT,0.2857142857142857,0.11924582360960281,True,
2022-09-10,UNFIUSDT,0.42857142857142855,0.32880045988758305,True,
2022-09-11,ETCUSDT,0.2857142857142857,0.2572497272585588,True,
2022-09-13,FILUSDT,0.2857142857142857,0.2523111035306157,True,
2022-09-13,MATICUSDT,0.2857142857142857,0.20343073465041997,True,
2022-09-14,BTCUSDT,0.2857142857142857,0.1471286541029826,True,
2022-09-15,ETCUSDT,0.14285714285714285,0.2916297273033329,True,
2022-09-15,SOLUSDT,0.14285714285714285,0.20260211800302572,True,
2022-09-17,XRPUSDT,0.42857142857142855,0.1388327572454135,True,
2022-09-18,LINKUSDT,0.42857142857142855,0.21955307262569826,True,
2022-09-19,APEUSDT,0.42857142857142855,0.25489260143198095,True,
2022-09-19,EOSUSDT,0.2857142857142857,0.3577812018489984,True,
2022-09-21,RVNUSDT,0.7142857142857143,0.4,True,
2022-09-25,LINKUSDT,0.14285714285714285,0.2333396946564885,True,
2022-09-26,SOLUSDT,0.14285714285714285,0.22123449497932654,True,
2022-09-29,BTCUSDT,0.14285714285714285,0.1597027958636537,True,
2022-09-30,BTCUSDT,0.14285714285714285,0.1641517744453087,True,
2022-10-01,BNBUSDT,0.14285714285714285,0.12785007072135782,True,
2022-10-01,BTCUSDT,0.14285714285714285,0.1634093970161624,True,
2022-10-02,ATOMUSDT,0.2857142857142857,0.3602528793189784,True,
2022-10-02,LINKUSDT,0.14285714285714285,0.24256262313537857,True,
2022-10-03,BTCUSDT,0.14285714285714285,0.1402884517378452,True,
2022-10-07,DOGEUSDT,0.42857142857142855,0.1770255093855286,True,
2022-10-08,MATICUSDT,0.2857142857142857,0.15772018179584818,True,
2022-10-08,RSRUSDT,0.42857142857142855,0.38050593297692,True,
2022-10-10,BTCUSDT,0.14285714285714285,0.12988130098305792,True,
2022-10-10,CHZUSDT,0.42857142857142855,0.30538717867343695,True,
2022-10-17,ETHUSDT,0.14285714285714285,0.11936916625332555,True,
2022-10-17,REEFUSDT,1.0,0.22670875054418813,True,
2022-10-18,MATICUSDT,0.42857142857142855,0.12439786938397404,True,
2022-10-20,CHZUSDT,0.14285714285714285,0.2658741966198524,True,
2022-10-22,REEFUSDT,0.8571428571428571,0.2776664458429944,True,
2022-10-23,SUSHIUSDT,0.5714285714285714,0.26638830897703547,True,
2022-10-24,CHZUSDT,0.2857142857142857,0.22334856668051511,True,
2022-10-26,BTCUSDT,0.42857142857142855,0.0845531666851332,True,
2022-10-26,DOGEUSDT,0.7142857142857143,0.12085513632608098,True,
2022-10-28,ATOMUSDT,0.5714285714285714,0.16339444115907745,True,
2022-10-28,BNBUSDT,0.5714285714285714,0.07974148061104584,True,
2022-10-28,XRPUSDT,0.5714285714285714,0.1716726429023412,True,
2022-10-29,BTCUSDT,0.5714285714285714,0.08872970230853937,True,
2022-10-30,ATOMUSDT,0.5714285714285714,0.1603916636722961,True,
2022-11-01,CHZUSDT,0.5714285714285714,0.21752106741573035,True,
2022-11-02,1000SHIBUSDT,0.5714285714285714,0.25252276014634556,True,
2022-11-03,MATICUSDT,0.7142857142857143,0.15872423222549434,True,
2022-11-04,LINKUSDT,0.7142857142857143,0.15833333333333327,True,
2022-11-04,XRPUSDT,0.7142857142857143,0.13926877470355725,True,
2022-11-06,CHZUSDT,1.0,0.21563770930275158,True,
2022-11-07,DOGEUSDT,0.8571428571428571,0.4,True,
2022-11-08,BNBUSDT,0.8571428571428571,0.1749395932099709,True,
2022-11-08,CHZUSDT,0.8571428571428571,0.3626072885887154,True,
2022-11-08,LINKUSDT,0.5714285714285714,0.25629706569722155,True,
2022-11-08,MATICUSDT,1.0,0.2668950646861524,True,
2022-11-08,SUSHIUSDT,0.5714285714285714,0.4,True,
2022-11-09,BNBUSDT,0.2857142857142857,0.25200360198108956,True,
2022-11-09,MATICUSDT,0.5714285714285714,0.3901397230052703,True,
2022-11-09,OPUSDT,0.14285714285714285,0.4,True,
2022-11-09,XRPUSDT,0.14285714285714285,0.2914634146341462,True,
2022-11-12,MASKUSDT,0.8571428571428571,0.4,True,
2022-11-18,LTCUSDT,0.5714285714285714,0.28389776357827484,True,
2022-11-20,XRPUSDT,0.14285714285714285,0.3249514832270584,True,
2022-11-21,DYDXUSDT,0.8571428571428571,0.4,True,
2022-11-24,XRPUSDT,0.2857142857142857,0.2903286034353996,True,
2022-11-27,SUSHIUSDT,0.42857142857142855,0.4,True,
2022-11-29,BANDUSDT,0.7142857142857143,0.4,True,
2022-12-01,MATICUSDT,0.42857142857142855,0.21110315974898153,True,
2022-12-11,APEUSDT,0.42857142857142855,0.2355695317959469,True,
2022-12-12,DOGEUSDT,0.5714285714285714,0.27492795389048996,True,
2022-12-13,BTCUSDT,0.42857142857142855,0.0702583661002076,True,
2022-12-13,ETHUSDT,0.42857142857142855,0.1176952598670765,True,
2022-12-14,APEUSDT,0.42857142857142855,0.2506466053220593,True,
2022-12-15,DYDXUSDT,0.42857142857142855,0.26300738007380076,True,
2022-12-16,MASKUSDT,0.42857142857142855,0.4,True,
2022-12-16,MATICUSDT,0.14285714285714285,0.17242073477604433,True,
2022-12-16,XRPUSDT,0.14285714285714285,0.14273090079817552,True,
2022-12-17,LTCUSDT,0.42857142857142855,0.2023207401696223,True,
2022-12-26,BTCUSDT,0.14285714285714285,0.07406920161533506,True,
2022-12-26,ETHUSDT,0.14285714285714285,0.11687602336322984,True,
2022-12-27,APEUSDT,0.14285714285714285,0.195049369171695,True,
2022-12-27,EOSUSDT,0.14285714285714285,0.1458147321428572,True,
2022-12-29,OCEANUSDT,0.42857142857142855,0.273312939181003,True,
2022-12-30,DOGEUSDT,0.14285714285714285,0.2413339183852567,True,
2023-01-02,XRPUSDT,0.14285714285714285,0.14180799080195455,True,
2023-01-03,SOLUSDT,0.14285714285714285,0.23971184151283215,True,
2023-01-04,APEUSDT,0.2857142857142857,0.14381328723141512,True,
2023-01-04,ETCUSDT,0.2857142857142857,0.15458265992388298,True,
2023-01-04,ETHUSDT,0.14285714285714285,0.0882492697331243,True,
2023-01-05,ADAUSDT,0.2857142857142857,0.1103678929765886,True,
2023-01-05,SOLUSDT,0.2857142857142857,0.23127142644209278,True,
2023-01-06,BNBUSDT,0.2857142857142857,0.08203242327390349,True,
2023-01-06,BTCUSDT,0.2857142857142857,0.05,True,
2023-01-06,ETHUSDT,0.2857142857142857,0.07659159348542421,True,
2023-01-08,APEUSDT,0.5714285714285714,0.11676788124156548,True,
2023-01-08,SOLUSDT,0.42857142857142855,0.23672312478396138,True,
2023-01-09,MASKUSDT,0.42857142857142855,0.2021589606419564,True,
2023-01-10,ETHUSDT,0.5714285714285714,0.07015614468658735,True,
2023-01-10,RLCUSDT,0.8571428571428571,0.20361574520887918,True,
2023-01-11,BTCUSDT,0.5714285714285714,0.05,True,
2023-01-12,OCEANUSDT,1.0,0.24848092560378657,True,
2023-01-13,FTMUSDT,0.8571428571428571,0.13817809621289665,True,
2023-01-15,SOLUSDT,0.7142857142857143,0.25515652971226477,True,
2023-01-19,MATICUSDT,0.7142857142857143,0.1508344704523984,True,
2023-01-20,LDOUSDT,0.8571428571428571,0.4,True,
2023-01-20,XRPUSDT,0.8571428571428571,0.15450909090909087,True,
2023-01-21,APEUSDT,0.8571428571428571,0.22939734979125065,True,
2023-01-22,OPUSDT,1.0,0.2811478037832639,True,
2023-01-23,APEUSDT,0.8571428571428571,0.24028944077184203,True,
2023-01-23,GALAUSDT,1.0,0.4,True,
2023-01-25,OPUSDT,1.0,0.3320686179817746,True,
2023-01-26,XRPUSDT,0.8571428571428571,0.16577017114914422,True,
2023-01-27,OPUSDT,1.0,0.37803844972128336,True,
2023-01-30,AVAXUSDT,0.8571428571428571,0.2814683544303798,True,
2023-01-30,MANAUSDT,0.8571428571428571,0.34387375415282395,True,
2023-02-02,FTMUSDT,1.0,0.2712126191258626,True,
2023-02-04,1000SHIBUSDT,1.0,0.2131326856444052,True,
2023-02-05,BTCUSDT,0.8571428571428571,0.1141662160040473,True,
2023-02-06,ETHUSDT,0.7142857142857143,0.1487211103538014,True,
2023-02-07,MATICUSDT,1.0,0.2004092554698568,True,
2023-02-09,DYDXUSDT,0.8571428571428571,0.4,True,
2023-02-09,FTMUSDT,0.7142857142857143,0.4,True,
2023-02-10,BTCUSDT,0.5714285714285714,0.1095750881185646,True,
2023-02-11,SANDUSDT,0.7142857142857143,0.32004024144869214,True,
2023-02-12,BTCUSDT,0.5714285714285714,0.10380619261314318,True,
2023-02-13,FTMUSDT,0.5714285714285714,0.4,True,
2023-02-15,ADAUSDT,0.8571428571428571,0.1681373718101598,True,
2023-02-15,ETHUSDT,1.0,0.1380116417910448,True,
2023-02-15,LTCUSDT,1.0,0.15506224469947483,True,
2023-02-20,SOLUSDT,0.8571428571428571,0.2068027081510783,True,
2023-02-23,OPUSDT,0.8571428571428571,0.32524964336661916,True,
2023-02-24,LDOUSDT,0.8571428571428571,0.4,True,
2023-02-25,MATICUSDT,0.7142857142857143,0.24627638231281604,True,
2023-02-28,DYDXUSDT,0.7142857142857143,0.30416523825848485,True,
2023-03-01,LTCUSDT,0.8571428571428571,0.13580417434008596,True,
2023-03-03,BTCUSDT,0.5714285714285714,0.13857484290241148,True,
2023-03-03,FILUSDT,0.7142857142857143,0.4,True,
2023-03-04,SOLUSDT,0.42857142857142855,0.2427730371359106,True,
2023-03-06,MATICUSDT,0.42857142857142855,0.24058381247235736,True,
2023-03-09,DYDXUSDT,0.2857142857142857,0.4,True,
2023-03-09,XRPUSDT,0.2857142857142857,0.1334412955465587,True,
2023-03-10,LDOUSDT,0.42857142857142855,0.3654854390000434,True,
2023-03-10,OPUSDT,0.2857142857142857,0.4,True,
2023-03-11,BTCUSDT,0.14285714285714285,0.12838394311229354,True,
2023-03-11,ETHUSDT,0.14285714285714285,0.13675519873829906,True,
2023-03-12,BTCUSDT,0.14285714285714285,0.12355136403744163,True,
2023-03-13,BTCUSDT,0.2857142857142857,0.12204917183192021,True,
2023-03-13,OPUSDT,0.2857142857142857,0.3870784583620096,True,
2023-03-14,BTCUSDT,0.42857142857142855,0.12924642965663932,True,
2023-03-14,LDOUSDT,0.42857142857142855,0.3314244745344321,True,
2023-03-16,BNBUSDT,0.42857142857142855,0.11154383832244341,True,
2023-03-20,FTMUSDT,0.42857142857142855,0.3586354647330257,True,
2023-03-21,XRPUSDT,1.0,0.1641883255219429,True,
2023-03-23,MASKUSDT,1.0,0.32395141700404856,True,
2023-03-26,LTCUSDT,0.42857142857142855,0.23483435188163396,True,
2023-03-28,FILUSDT,0.42857142857142855,0.39347317248829683,True,
2023-04-01,AVAXUSDT,0.5714285714285714,0.19301495390150664,True,
2023-04-03,BNBUSDT,0.42857142857142855,0.12679515025772353,True,
2023-04-03,DOGEUSDT,0.5714285714285714,0.2072894956231763,True,
2023-04-04,MATICUSDT,0.42857142857142855,0.17435852372583482,True,
2023-04-07,FILUSDT,0.5714285714285714,0.21866032843560929,True,
2023-04-08,MATICUSDT,0.42857142857142855,0.1560479476934253,True,
2023-04-09,DOGEUSDT,0.42857142857142855,0.2489714904366654,True,
2023-04-10,LTCUSDT,0.5714285714285714,0.152768,True,
2023-04-13,ADAUSDT,1.0,0.13211009174311933,True,
2023-04-13,FTMUSDT,0.7142857142857143,0.19257629107981217,True,
2023-04-13,LINAUSDT,0.8571428571428571,0.4,True,
2023-04-14,MASKUSDT,0.7142857142857143,0.2777692307692308,True,
2023-04-16,BNBUSDT,1.0,0.07512721000431222,True,
2023-04-16,LINKUSDT,1.0,0.12186809137803986,True,
2023-04-19,BNBUSDT,0.8571428571428571,0.08931041970406679,True,
2023-04-19,INJUSDT,1.0,0.28984121255864315,True,
2023-04-20,ETHUSDT,0.8571428571428571,0.11759117660688628,True,
2023-04-20,LINKUSDT,0.8571428571428571,0.15185752330226374,True,
2023-04-21,ADAUSDT,0.5714285714285714,0.16335078534031414,True,
2023-04-21,DYDXUSDT,0.7142857142857143,0.2603476151980598,True,
2023-04-21,SXPUSDT,0.5714285714285714,0.4,True,
2023-04-23,BTCUSDT,0.42857142857142855,0.09838228894691038,True,
2023-05-03,CTSIUSDT,0.5714285714285714,0.4,True,
2023-05-05,ETHUSDT,0.5714285714285714,0.12808146304251813,True,
2023-05-06,XRPUSDT,0.42857142857142855,0.16929460580912858,True,
2023-05-11,ADAUSDT,0.2857142857142857,0.15271134593993324,True,
2023-05-11,INJUSDT,0.42857142857142855,0.4,True,
2023-05-12,BTCUSDT,0.14285714285714285,0.12869263135101233,True,
2023-05-12,ETHUSDT,0.2857142857142857,0.136746414396661,True,
2023-05-13,BTCUSDT,0.14285714285714285,0.12795401809234497,True,
2023-05-13,TOMOUSDT,1.0,0.3557706587461547,True,
2023-05-14,BTCUSDT,0.14285714285714285,0.1248514045476342,True,
2023-05-15,BTCUSDT,0.14285714285714285,0.12233072461099347,True,
2023-05-16,LTCUSDT,0.2857142857142857,0.13857825700311258,True,
2023-05-18,MASKUSDT,0.42857142857142855,0.19255386565272503,True,
2023-05-22,XRPUSDT,0.2857142857142857,0.12184655396618985,True,
2023-05-23,ADAUSDT,0.2857142857142857,0.1139384116693679,True,
2023-05-24,MASKUSDT,0.2857142857142857,0.2540347293156283,True,
2023-05-25,KAVAUSDT,1.0,0.3017138939670932,True,
2023-05-25,LINAUSDT,0.42857142857142855,0.2597353497164461,True,
2023-05-27,XRPUSDT,0.42857142857142855,0.11978989813242787,True,
2023-05-28,ARPAUSDT,1.0,0.4,True,
2023-05-28,LINAUSDT,0.7142857142857143,0.22245169886742167,True,
2023-05-29,INJUSDT,0.7142857142857143,0.2417668512765095,True,
2023-06-02,RNDRUSDT,0.7142857142857143,0.3040341727318725,True,
2023-06-03,LINAUSDT,0.8571428571428571,0.4,True,
2023-06-03,LTCUSDT,0.7142857142857143,0.12320870651947512,True,
2023-06-04,XRPUSDT,0.7142857142857143,0.11716473664549872,True,
2023-06-05,KAVAUSDT,0.7142857142857143,0.28062654168722245,True,
2023-06-05,LTCUSDT,0.5714285714285714,0.14074264202600958,True,
2023-06-05,TOMOUSDT,0.8571428571428571,0.4,True,
2023-06-07,ARPAUSDT,0.5714285714285714,0.4,True,
2023-06-10,KAVAUSDT,0.42857142857142855,0.4,True,
2023-06-10,LINAUSDT,0.5714285714285714,0.4,True,
2023-06-10,RNDRUSDT,0.2857142857142857,0.4,True,
2023-06-10,XRPUSDT,0.7142857142857143,0.15565646594274438,True,
2023-06-13,INJUSDT,0.14285714285714285,0.3203322259136214,True,
2023-06-17,BTCUSDT,0.14285714285714285,0.10525955433835434,True,
2023-06-18,MTLUSDT,0.7142857142857143,0.4,True,
2023-06-20,BTCUSDT,0.42857142857142855,0.10203495153867366,True,
2023-06-28,INJUSDT,0.42857142857142855,0.25844717976464227,True,
2023-06-28,RNDRUSDT,0.2857142857142857,0.2892549694787916,True,
2023-06-29,SOLUSDT,0.2857142857142857,0.2188375583722481,True,
2023-06-30,ETHUSDT,0.5714285714285714,0.10830604993250265,True,
2023-06-30,LTCUSDT,1.0,0.1553285477636665,True,
2023-07-06,BCHUSDT,0.8571428571428571,0.32509742506464656,True,
2023-07-07,ETCUSDT,0.5714285714285714,0.22634333020930963,True,
2023-07-07,LTCUSDT,0.8571428571428571,0.22558838512480897,True,
2023-07-11,SOLUSDT,0.7142857142857143,0.1950544217687074,True,
2023-07-12,COMPUSDT,1.0,0.36135112240576023,True,
2023-07-13,XRPUSDT,1.0,0.15458057395143482,True,
2023-07-14,INJUSDT,1.0,0.20641093567871147,True,
2023-07-14,XRPUSDT,1.0,0.20486275602619478,True,
2023-07-15,ETHUSDT,0.7142857142857143,0.10093374430169916,True,
2023-07-18,LINKUSDT,0.7142857142857143,0.16621328317175516,True,
2023-07-20,ARBUSDT,0.7142857142857143,0.17085580583756338,True,
2023-07-21,INJUSDT,1.0,0.2078271028037383,True,
2023-07-22,LTCUSDT,0.5714285714285714,0.17942965779467684,True,
2023-07-24,DOGEUSDT,0.7142857142857143,0.17283268167722796,True,
2023-07-24,MKRUSDT,1.0,0.2650734949911057,True,
2023-07-25,INJUSDT,0.7142857142857143,0.22603331663326648,True,
2023-07-27,XLMUSDT,0.8571428571428571,0.33324120603015095,True,
2023-08-01,OPUSDT,0.7142857142857143,0.23248135346552656,True,
2023-08-02,TOMOUSDT,0.7142857142857143,0.2621953896816685,True,
2023-08-02,XRPUSDT,0.5714285714285714,0.23672217353198946,True,
2023-08-05,STMXUSDT,0.8571428571428571,0.4,True,
2023-08-08,1000SHIBUSDT,0.7142857142857143,0.17437499999999992,True,
2023-08-09,TOMOUSDT,0.5714285714285714,0.2743465909090909,True,
2023-08-12,DOGEUSDT,0.5714285714285714,0.15408895265423236,True,
2023-08-13,TOMOUSDT,0.8571428571428571,0.2391692675476459,True,
2023-08-14,XRPUSDT,0.42857142857142855,0.13329389493610982,True,
2023-08-15,XLMUSDT,0.42857142857142855,0.17039797172710502,True,
2023-08-16,XRPUSDT,0.2857142857142857,0.1546882962459657,True,
2023-08-17,1000SHIBUSDT,0.42857142857142855,0.3165064695009241,True,
2023-08-17,MKRUSDT,0.42857142857142855,0.22668965517241377,True,
2023-08-17,SOLUSDT,0.2857142857142857,0.1826923964729236,True,
2023-08-17,STMXUSDT,0.42857142857142855,0.4,True,
2023-08-17,XRPUSDT,0.2857142857142857,0.2302649792367016,True,
2023-08-23,XLMUSDT,0.2857142857142857,0.18447951012717845,True,
2023-08-24,LPTUSDT,0.7142857142857143,0.4,True,
2023-08-24,TOMOUSDT,0.2857142857142857,0.36553084648493545,True,
2023-08-26,BTCUSDT,0.14285714285714285,0.0877072253435009,True,
2023-08-27,BCHUSDT,0.2857142857142857,0.18729315318050707,True,
2023-08-27,RUNEUSDT,0.7142857142857143,0.3673260572987721,True,
2023-08-28,BLZUSDT,0.8571428571428571,0.4,True,
2023-08-29,BTCUSDT,0.2857142857142857,0.08438200584113413,True,
2023-08-31,MKRUSDT,0.42857142857142855,0.19766938138970713,True,
2023-09-01,BCHUSDT,0.2857142857142857,0.23022206626898595,True,
2023-09-02,UNFIUSDT,1.0,0.3254373080518093,True,
2023-09-04,TOMOUSDT,0.2857142857142857,0.3543961431606472,True,
2023-09-04,XRPUSDT,0.14285714285714285,0.19727523116269927,True,
2023-09-06,MKRUSDT,0.42857142857142855,0.1826442646023927,True,
2023-09-08,LINKUSDT,0.2857142857142857,0.11899601593625496,True,
2023-09-10,SOLUSDT,0.14285714285714285,0.1811954552939238,True,
2023-09-10,UNFIUSDT,0.8571428571428571,0.4,True,
2023-09-11,XRPUSDT,0.14285714285714285,0.11674050632911392,True,
2023-09-12,BCHUSDT,0.2857142857142857,0.17838267184426856,True,
2023-09-13,TRBUSDT,1.0,0.3113604204568426,True,
2023-09-17,TRBUSDT,0.8571428571428571,0.4,True,
2023-09-18,LINKUSDT,0.42857142857142855,0.11995426829268298,True,
2023-09-18,SOLUSDT,0.2857142857142857,0.15576981862645192,True,
2023-09-19,BCHUSDT,0.42857142857142855,0.15905036366131464,True,
2023-09-20,SOLUSDT,0.42857142857142855,0.13979928987079593,True,
2023-09-20,XRPUSDT,0.42857142857142855,0.09070838932616625,True,
2023-09-23,PERPUSDT,0.8571428571428571,0.4,True,
2023-09-24,LINKUSDT,0.42857142857142855,0.1292509685751184,True,
2023-09-26,CRVUSDT,0.42857142857142855,0.1611854684512429,True,
2023-09-27,BCHUSDT,0.5714285714285714,0.15190411795498163,True,
2023-09-27,STORJUSDT,0.5714285714285714,0.34648837790552356,True,
2023-09-28,BLZUSDT,0.7142857142857143,0.4,True,
2023-09-29,STMXUSDT,0.7142857142857143,0.3828260869565217,True,
2023-09-30,LINKUSDT,0.7142857142857143,0.13506414172266337,True,
2023-10-01,SOLUSDT,0.7142857142857143,0.12440204415029531,True,
2023-10-03,BTCUSDT,0.5714285714285714,0.07176218444476873,True,
2023-10-03,ETHUSDT,0.5714285714285714,0.08360866572474013,True,
2023-10-04,BCHUSDT,0.5714285714285714,0.1612773722627737,True,
2023-10-04,XRPUSDT,0.5714285714285714,0.1049126432462896,True,
2023-10-06,MKRUSDT,0.8571428571428571,0.17144344205412906,True,
2023-10-06,RUNEUSDT,0.8571428571428571,0.2685017026106697,True,
2023-10-07,XRPUSDT,0.5714285714285714,0.10662893323100527,True,
2023-10-08,MKRUSDT,0.7142857142857143,0.1761636609879535,True,
2023-10-09,LINKUSDT,0.42857142857142855,0.17752955732746764,True,
2023-10-10,BCHUSDT,0.42857142857142855,0.1650678797020835,True,
2023-10-11,RUNEUSDT,0.42857142857142855,0.2734375,True,
2023-10-12,LEVERUSDT,0.42857142857142855,0.4,True,
2023-10-12,SOLUSDT,0.42857142857142855,0.16453182288239165,True,
2023-10-13,MKRUSDT,0.5714285714285714,0.18193988116043341,True,
2023-10-16,BTCUSDT,0.5714285714285714,0.08819660678993059,True,
2023-10-17,STORJUSDT,0.5714285714285714,0.3671031953902567,True,
2023-10-18,LQTYUSDT,1.0,0.32867170626349895,True,
2023-10-21,LINKUSDT,1.0,0.14385521885521887,True,
2023-10-22,MATICUSDT,0.7142857142857143,0.12970443349753696,True,
2023-10-23,BCHUSDT,1.0,0.14257964703185882,True,
2023-10-24,MKRUSDT,1.0,0.14393929308393796,True,
2023-10-26,RUNEUSDT,1.0,0.16687026116259482,True,
2023-10-27,LQTYUSDT,1.0,0.3890890197436787,True,
2023-10-30,XRPUSDT,0.8571428571428571,0.12060145178015898,True,
2023-10-31,RUNEUSDT,1.0,0.16538854805725972,True,
2023-11-05,ETHUSDT,0.8571428571428571,0.1042245929965284,True,
2023-11-06,XRPUSDT,1.0,0.139347127079547,True,
2023-11-07,INJUSDT,1.0,0.23677598206912814,True,
2023-11-09,ETHUSDT,1.0,0.10687425809733764,True,
2023-11-09,MATICUSDT,1.0,0.15863157894736846,True,
2023-11-09,XRPUSDT,1.0,0.1774587706146926,True,
2023-11-10,INJUSDT,1.0,0.27391629711751664,True,
2023-11-11,AVAXUSDT,1.0,0.18626844359828654,True,
2023-11-13,APTUSDT,1.0,0.2713397978694346,True,
2023-11-14,DOTUSDT,1.0,0.20945192307692304,True,
2023-11-15,OPUSDT,1.0,0.2047489932885906,True,
2023-11-17,DOGEUSDT,1.0,0.1851185656448815,True,
2023-11-17,ETHUSDT,0.8571428571428571,0.12709857689895523,True,
2023-11-19,RUNEUSDT,1.0,0.3120615218564491,True,
2023-11-20,ETHUSDT,0.8571428571428571,0.1284205477623232,True,
2023-11-21,DYDXUSDT,0.8571428571428571,0.4,True,
2023-11-21,RUNEUSDT,0.8571428571428571,0.3720675537359263,True,
2023-11-21,WLDUSDT,0.8571428571428571,0.3807867679928475,True,
2023-11-22,ETHUSDT,0.8571428571428571,0.13311263572539506,True,
2023-11-23,ADAUSDT,1.0,0.21694630872483223,True,
2023-11-24,DYDXUSDT,0.8571428571428571,0.3924040066777963,True,
2023-11-25,GALAUSDT,0.8571428571428571,0.33317526555386945,True,
2023-11-27,DYDXUSDT,0.8571428571428571,0.4,True,
2023-11-28,RUNEUSDT,1.0,0.3450650216738913,True,
2023-12-01,ETHUSDT,1.0,0.11974973526466347,True,
2023-12-01,LINKUSDT,0.8571428571428571,0.23226936161697018,True,
2023-12-02,ADAUSDT,1.0,0.17169763937719734,True,
2023-12-04,DOGEUSDT,1.0,0.15536588017831898,True,
2023-12-05,RUNEUSDT,1.0,0.2840192043895748,True,
2023-12-06,ADAUSDT,1.0,0.14096548612677648,True,
2023-12-08,LINKUSDT,1.0,0.18625848332841544,True,
2023-12-11,ADAUSDT,1.0,0.18434325108853408,True,
2023-12-11,DOTUSDT,1.0,0.1755813953488372,True,
2023-12-11,GALAUSDT,1.0,0.24903814802738838,True,
2023-12-11,MATICUSDT,1.0,0.1707799145299145,True,
2023-12-13,ATOMUSDT,1.0,0.19304840370751808,True,
2023-12-15,BTCUSDT,0.8571428571428571,0.11136341974837966,True,
2023-12-15,DOTUSDT,1.0,0.21821515892420543,True,
2023-12-17,ARBUSDT,0.8571428571428571,0.24050930106555896,True,
2023-12-18,ADAUSDT,1.0,0.25223421926910294,True,
2023-12-18,DOTUSDT,0.8571428571428571,0.23327037628940867,True,
2023-12-19,INJUSDT,1.0,0.27198078242965,True,
2023-12-19,SEIUSDT,0.8571428571428571,0.3055617507666572,True,
2023-12-20,BNBUSDT,1.0,0.10582567219294525,True,
2023-12-20,FILUSDT,1.0,0.24340896306019139,True,
2023-12-21,DOTUSDT,1.0,0.21923624288425042,True,
2023-12-21,OPUSDT,1.0,0.28037922016167377,True,
2023-12-24,INJUSDT,1.0,0.31796796181008385,True,
2023-12-25,OPUSDT,1.0,0.293166661726785,True,
2023-12-26,DOTUSDT,1.0,0.26275920679886683,True,
2023-12-26,MATICUSDT,1.0,0.20115674933830022,True,
2023-12-27,ETHUSDT,1.0,0.13039604085182174,True,
2023-12-28,DOTUSDT,1.0,0.27689982216953163,True,
2023-12-28,TRBUSDT,1.0,0.29165370406377594,True,
2023-12-29,ARBUSDT,1.0,0.259776924604488,True,
2023-12-31,TRBUSDT,1.0,0.4,True,
2024-01-01,BTCUSDT,1.0,0.10708350855297961,True,
2024-01-03,BTCUSDT,1.0,0.11657848983068647,True,
2024-01-03,FILUSDT,1.0,0.33375477099236645,True,
2024-01-03,MATICUSDT,0.8571428571428571,0.2811029153494908,True,
2024-01-05,ETHUSDT,0.7142857142857143,0.14253877378323698,True,
2024-01-05,SEIUSDT,0.8571428571428571,0.4,True,
2024-01-07,INJUSDT,0.7142857142857143,0.4,True,
2024-01-09,STXUSDT,1.0,0.3662160683012259,True,
2024-01-10,ICPUSDT,0.8571428571428571,0.4,True,
2024-01-12,BTCUSDT,0.7142857142857143,0.1635978022337569,True,
2024-01-14,INJUSDT,0.7142857142857143,0.4,True,
2024-01-14,SUIUSDT,1.0,0.31138360760504863,True,
2024-01-15,BNBUSDT,0.7142857142857143,0.17566374471842103,True,
2024-01-17,SOLUSDT,0.7142857142857143,0.3039351965150997,True,
2024-01-20,ETCUSDT,0.8571428571428571,0.29830792867828404,True,
2024-01-21,SOLUSDT,0.5714285714285714,0.33448987432083865,True,
2024-01-22,SEIUSDT,0.5714285714285714,0.4,True,
2024-01-23,ARBUSDT,0.5714285714285714,0.3853503373180259,True,
2024-01-23,ETHUSDT,0.5714285714285714,0.16329923672975954,True,
2024-01-28,ENSUSDT,0.7142857142857143,0.4,True,
2024-02-01,LINKUSDT,1.0,0.17853237158978535,True,
2024-02-02,BLURUSDT,0.7142857142857143,0.3288011938318688,True,
2024-02-03,ARBUSDT,0.5714285714285714,0.22118903302554815,True,
2024-02-05,AVAXUSDT,0.5714285714285714,0.19988271068635968,True,
2024-02-06,ENSUSDT,1.0,0.2614289557458637,True,
2024-02-08,BNBUSDT,0.8571428571428571,0.08146072706724429,True,
2024-02-09,BTCUSDT,1.0,0.08544117615846811,True,
2024-02-12,ETHUSDT,1.0,0.08636425132755336,True,
2024-02-14,SEIUSDT,1.0,0.20834940442427685,True,
2024-02-16,API3USDT,1.0,0.3003368531702423,True,
2024-02-20,ETCUSDT,1.0,0.14187677655136774,True,
2024-02-20,OPUSDT,1.0,0.177042897154931,True,
2024-02-21,FILUSDT,1.0,0.16879917184265017,True,
2024-02-22,SEIUSDT,0.8571428571428571,0.2812231247013856,True,
2024-02-23,API3USDT,0.8571428571428571,0.3221779018747508,True,
2024-02-25,NEARUSDT,0.8571428571428571,0.20432847896440126,True,
2024-02-26,ETCUSDT,1.0,0.1461745980360419,True,
2024-02-26,MATICUSDT,1.0,0.1788967468175389,True,
2024-02-27,DOGEUSDT,0.8571428571428571,0.13154176904176904,True,
2024-02-29,ADAUSDT,1.0,0.17918065303631375,True,
2024-02-29,SOLUSDT,1.0,0.17709610476349505,True,
2024-03-01,AVAXUSDT,1.0,0.18354787370983222,True,
2024-03-02,LINKUSDT,1.0,0.15787557754235318,True,
2024-03-04,FILUSDT,1.0,0.27879361914257234,True,
2024-03-05,ADAUSDT,1.0,0.2383309248554914,True,
2024-03-05,BTCUSDT,1.0,0.12824758343085368,True,
2024-03-05,DOGEUSDT,1.0,0.31945824075284274,True,
2024-03-05,MATICUSDT,1.0,0.25029989358614685,True,
2024-03-06,BNBUSDT,1.0,0.14755260217856817,True,
2024-03-07,SOLUSDT,1.0,0.21995041563365908,True,
2024-03-09,WLDUSDT,1.0,0.3982237798102402,True,
2024-03-10,DOGEUSDT,1.0,0.36351208325983414,True,
2024-03-11,XRPUSDT,1.0,0.20659947535551568,True,
2024-03-13,1000PEPEUSDT,1.0,0.4,True,
2024-03-13,DOGEUSDT,1.0,0.4,True,
2024-03-15,BNBUSDT,1.0,0.1805540196837333,True,
2024-03-15,XRPUSDT,1.0,0.2791824196597354,True,
2024-03-16,1000FLOKIUSDT,0.8571428571428571,0.4,True,
2024-03-16,AVAXUSDT,1.0,0.3026702569280826,True,
2024-03-18,BTCUSDT,0.7142857142857143,0.18678502808158434,True,
2024-03-18,NEARUSDT,1.0,0.4,True,
2024-03-19,1000PEPEUSDT,0.7142857142857143,0.4,True,
2024-03-19,BNBUSDT,0.8571428571428571,0.26834691708008507,True,
2024-03-24,BCHUSDT,0.8571428571428571,0.310669262143122,True,
2024-03-24,FTMUSDT,1.0,0.4,True,
2024-03-25,BTCUSDT,0.7142857142857143,0.18313320127859495,True,
2024-03-26,1000FLOKIUSDT,0.8571428571428571,0.4,True,
2024-03-26,DOGEUSDT,1.0,0.34826801863524254,True,
2024-03-27,BCHUSDT,1.0,0.25454343232121013,True,
2024-03-28,1000FLOKIUSDT,0.8571428571428571,0.4,True,
2024-03-29,LTCUSDT,1.0,0.23326003298515666,True,
2024-03-31,1000PEPEUSDT,0.8571428571428571,0.4,True,
2024-04-05,BTCUSDT,0.5714285714285714,0.15871837666253344,True,
2024-04-08,ETHUSDT,0.7142857142857143,0.1608467654694937,True,
2024-04-09,BNBUSDT,0.7142857142857143,0.13688319961433826,True,
2024-04-11,FTMUSDT,0.7142857142857143,0.30479123514662604,True,
2024-04-12,BCHUSDT,0.5714285714285714,0.3665875086823481,True,
2024-04-12,DOGEUSDT,0.5714285714285714,0.35460186142709404,True,
2024-04-12,ETHUSDT,0.42857142857142855,0.18129049192477528,True,
2024-04-12,LTCUSDT,0.5714285714285714,0.3049134626553607,True,
2024-04-13,BNBUSDT,0.7142857142857143,0.1736766486545099,True,
2024-04-13,BTCUSDT,0.5714285714285714,0.15810107022710457,True,
2024-04-13,SOLUSDT,0.2857142857142857,0.3074985375576852,True,
2024-04-16,POLYXUSDT,0.42857142857142855,0.4,True,
2024-04-17,SOLUSDT,0.2857142857142857,0.3548637512236209,True,
2024-04-22,1000PEPEUSDT,0.42857142857142855,0.4,True,
2024-04-23,1000SHIBUSDT,0.42857142857142855,0.2907120743034057,True,
2024-04-25,NEARUSDT,0.42857142857142855,0.3103985405557115,True,
2024-04-26,LTCUSDT,0.42857142857142855,0.21857678328032715,True,
2024-04-28,BTCUSDT,0.2857142857142857,0.16120215634277665,True,
2024-04-30,DOGEUSDT,0.2857142857142857,0.361580013504389,True,
2024-04-30,ONGUSDT,0.7142857142857143,0.4,True,
2024-05-01,1000SHIBUSDT,0.2857142857142857,0.3524728428861609,True,
2024-05-03,ONGUSDT,0.5714285714285714,0.4,True,
2024-05-05,WLDUSDT,0.42857142857142855,0.29660432556681643,True,
2024-05-11,1000SHIBUSDT,0.2857142857142857,0.22179247799413163,True,
2024-05-13,JTOUSDT,0.5714285714285714,0.2647322078300101,True,
2024-05-14,1000SHIBUSDT,0.2857142857142857,0.21326655052264804,True,
2024-05-15,BTCUSDT,0.42857142857142855,0.12198241340437686,True,
2024-05-15,SOLUSDT,0.5714285714285714,0.19618931594528577,True,
2024-05-17,TRBUSDT,0.5714285714285714,0.4,True,
2024-05-20,1000BONKUSDT,0.7142857142857143,0.27631863451710137,True,
2024-05-20,DOGEUSDT,0.7142857142857143,0.21568609703113684,True,
2024-05-21,ETHUSDT,0.7142857142857143,0.12009548244873851,True,
2024-05-24,1000BONKUSDT,0.7142857142857143,0.27641059682578,True,
2024-05-27,PEOPLEUSDT,1.0,0.36852444882374674,True,
2024-05-29,1000SHIBUSDT,0.8571428571428571,0.19382322005005262,True,
2024-05-30,WIFUSDT,0.7142857142857143,0.3352029454556252,True,
2024-06-01,1000FLOKIUSDT,1.0,0.34405270655270653,True,
2024-06-04,ONDOUSDT,0.8571428571428571,0.23619797059432596,True,
2024-06-06,1000BONKUSDT,0.7142857142857143,0.4,True,
2024-06-07,1000PEPEUSDT,0.5714285714285714,0.4,True,
2024-06-07,ONDOUSDT,0.7142857142857143,0.2676297968397292,True,
2024-06-07,ORDIUSDT,0.5714285714285714,0.2543542800593765,True,
2024-06-10,1000BONKUSDT,0.5714285714285714,0.4,True,
2024-06-10,BNBUSDT,0.8571428571428571,0.11860079999999994,True,
2024-06-12,JASMYUSDT,0.7142857142857143,0.3336652806102179,True,
2024-06-16,UNIUSDT,0.7142857142857143,0.2569407345575959,True,
2024-06-18,1000FLOKIUSDT,0.2857142857142857,0.4,True,
2024-06-18,PEOPLEUSDT,0.5714285714285714,0.4,True,
2024-06-23,ONDOUSDT,0.2857142857142857,0.3394463194381099,True,
2024-06-24,BNBUSDT,0.2857142857142857,0.1386301611057311,True,
2024-06-24,UNIUSDT,0.42857142857142855,0.3155472103004292,True,
2024-06-27,SOLUSDT,0.2857142857142857,0.1853251899419315,True,
2024-06-28,1000BONKUSDT,0.2857142857142857,0.3583488310308183,True,
2024-06-30,ONDOUSDT,0.2857142857142857,0.2930921052631578,True,
2024-07-01,1000BONKUSDT,0.2857142857142857,0.3147441915043417,True,
2024-07-02,1000FLOKIUSDT,0.2857142857142857,0.2792044337665174,True,
2024-07-03,1000BONKUSDT,0.2857142857142857,0.34138368983957224,True,
2024-07-03,JASMYUSDT,0.2857142857142857,0.3871224832214765,True,
2024-07-03,ONDOUSDT,0.2857142857142857,0.27375335120643424,True,
2024-07-04,ENSUSDT,0.5714285714285714,0.4,True,
2024-07-04,PEOPLEUSDT,0.2857142857142857,0.4,True,
2024-07-04,SOLUSDT,0.14285714285714285,0.21738963681903561,True,
2024-07-05,1000PEPEUSDT,0.14285714285714285,0.4,True,
2024-07-08,CRVUSDT,0.14285714285714285,0.28854166666666664,True,
2024-07-12,TONUSDT,0.42857142857142855,0.18244686655935405,True,
2024-07-13,1000SATSUSDT,0.2857142857142857,0.4,True,
2024-07-13,XRPUSDT,0.42857142857142855,0.1392388201712655,True,
2024-07-18,WIFUSDT,0.42857142857142855,0.3061956521739131,True,
2024-07-19,1000PEPEUSDT,0.42857142857142855,0.2900987096062645,True,
2024-07-19,BTCUSDT,0.42857142857142855,0.12291404951979579,True,
2024-07-21,ETHUSDT,0.42857142857142855,0.1327692407810338,True,
2024-07-24,1000PEPEUSDT,0.42857142857142855,0.2987606658961811,True,
2024-07-24,DOGEUSDT,0.42857142857142855,0.2070037541060535,True,
2024-07-25,1000SATSUSDT,0.5714285714285714,0.3730269568041572,True,
2024-07-25,BTCUSDT,0.2857142857142857,0.11710390281726545,True,
2024-07-29,1000PEPEUSDT,0.2857142857142857,0.2784312893895312,True,
2024-07-30,BNBUSDT,0.2857142857142857,0.1091333242682803,True,
2024-07-30,DOGEUSDT,0.2857142857142857,0.1992385584436294,True,
2024-07-31,PEOPLEUSDT,0.2857142857142857,0.3459125889356759,True,
2024-08-01,BOMEUSDT,0.5714285714285714,0.3078551269990593,True,
2024-08-02,PEOPLEUSDT,0.2857142857142857,0.389002375296912,True,
2024-08-02,SOLUSDT,0.42857142857142855,0.22318824446176108,True,
2024-08-03,1000PEPEUSDT,0.14285714285714285,0.4,True,
2024-08-03,BTCUSDT,0.14285714285714285,0.1312343658852493,True,
2024-08-04,XRPUSDT,0.42857142857142855,0.24395446718959246,True,
2024-08-05,SOLUSDT,0.2857142857142857,0.2975055483632329,True,
2024-08-08,TIAUSDT,0.14285714285714285,0.34498806893504197,True,
2024-08-10,1000SATSUSDT,0.14285714285714285,0.4,True,
2024-08-17,BNBUSDT,0.14285714285714285,0.16983352097598794,True,
2024-08-20,AVAXUSDT,0.14285714285714285,0.23007371780464786,True,
2024-08-20,CRVUSDT,0.5714285714285714,0.2940909090909092,True,
2024-08-21,AAVEUSDT,1.0,0.2236828954882923,True,
2024-08-21,BTCUSDT,0.14285714285714285,0.16836616492146592,True,
2024-08-22,SUIUSDT,0.42857142857142855,0.3255401596993892,True,
2024-08-26,BTCUSDT,0.2857142857142857,0.13338401722084586,True,
2024-08-27,BNBUSDT,0.2857142857142857,0.13922201174109577,True,
2024-08-27,XRPUSDT,0.2857142857142857,0.1570999646767926,True,
2024-08-28,1000SATSUSDT,0.7142857142857143,0.4,True,
2024-08-31,CRVUSDT,0.2857142857142857,0.30897887323943674,True,
2024-08-31,FTMUSDT,0.2857142857142857,0.29040368271954675,True,
2024-09-01,PEOPLEUSDT,0.2857142857142857,0.3442225998300764,True,
2024-09-01,SOLUSDT,0.14285714285714285,0.18763112194438167,True,
2024-09-03,SUIUSDT,0.14285714285714285,0.29548987132118737,True,
2024-09-09,WIFUSDT,0.14285714285714285,0.3129161676646707,True,
2024-09-10,SOLUSDT,0.14285714285714285,0.1922382951100227,True,
2024-09-12,FETUSDT,0.5714285714285714,0.2811645569620253,True,
2024-09-16,REEFUSDT,1.0,0.33722069776558217,True,
2024-09-17,FTMUSDT,0.7142857142857143,0.20619784422809456,True,
2024-09-18,FETUSDT,0.5714285714285714,0.2331554300667998,True,
2024-09-20,AVAXUSDT,0.5714285714285714,0.15986078466823356,True,
2024-09-21,XRPUSDT,0.5714285714285714,0.11896032144650924,True,
2024-09-23,BNBUSDT,0.7142857142857143,0.10785410846818853,True,
2024-09-26,1000SATSUSDT,0.8571428571428571,0.23927397669554834,True,
2024-09-28,XRPUSDT,0.8571428571428571,0.11240221642764016,True,
2024-09-30,AAVEUSDT,0.8571428571428571,0.1881776387203882,True,
2024-10-01,PEOPLEUSDT,0.7142857142857143,0.2787050787050787,True,
2024-10-02,1000PEPEUSDT,0.42857142857142855,0.2833421744919942,True,
2024-10-02,XRPUSDT,0.5714285714285714,0.1683212493028445,True,
2024-10-03,BNBUSDT,0.42857142857142855,0.12520472238542896,True,
2024-10-03,WIFUSDT,0.42857142857142855,0.3244119235868978,True,
2024-10-07,SAGAUSDT,0.8571428571428571,0.4,True,
2024-10-07,TAOUSDT,1.0,0.3388947118455316,True,
2024-10-10,SEIUSDT,0.7142857142857143,0.351710236989983,True,
2024-10-14,FTMUSDT,0.8571428571428571,0.2697872630574115,True,
2024-10-15,1000SHIBUSDT,0.8571428571428571,0.27846094778411584,True,
2024-10-16,APTUSDT,1.0,0.23792933369204564,True,
2024-10-18,BTCUSDT,0.8571428571428571,0.09084578074430107,True,
2024-10-19,1000SHIBUSDT,0.8571428571428571,0.21287803082101722,True,
2024-10-19,DOGEUSDT,0.8571428571428571,0.15992570476322734,True,
2024-10-20,FTMUSDT,0.8571428571428571,0.24289270273811078,True,
2024-10-21,APTUSDT,0.8571428571428571,0.2211913221627293,True,
2024-10-21,SOLUSDT,0.7142857142857143,0.133568891831698,True,
2024-10-22,SUIUSDT,0.7142857142857143,0.31011244648475783,True,
2024-10-22,WLDUSDT,0.7142857142857143,0.2860038191129244,True,
2024-10-23,1000SHIBUSDT,0.7142857142857143,0.20073691967575538,True,
2024-10-25,WIFUSDT,0.42857142857142855,0.3347885313959523,True,
2024-10-28,TURBOUSDT,0.5714285714285714,0.4,True,
2024-10-29,1000SHIBUSDT,0.7142857142857143,0.18366801237351232,True,
2024-10-29,BNBUSDT,0.8571428571428571,0.08276441792619212,True,
2024-11-01,MEWUSDT,0.7142857142857143,0.3920234509466437,True,
2024-11-01,SUIUSDT,0.5714285714285714,0.27156394530464506,True,
2024-11-02,APTUSDT,0.5714285714285714,0.245390551673793,True,
2024-11-03,DOGEUSDT,0.8571428571428571,0.24647035494745195,True,
2024-11-04,APEUSDT,0.5714285714285714,0.4,True,
2024-11-04,MEWUSDT,0.42857142857142855,0.4,True,
2024-11-06,ENAUSDT,0.8571428571428571,0.2796452876881831,True,
2024-11-06,SOLUSDT,1.0,0.1643022881946305,True,
2024-11-09,BNBUSDT,1.0,0.09957844046971497,True,
2024-11-10,1000SHIBUSDT,1.0,0.1845512402714412,True,
2024-11-11,1000PEPEUSDT,1.0,0.21949520118124774,True,
2024-11-11,WIFUSDT,1.0,0.25789355921368073,True,
2024-11-18,1000SHIBUSDT,1.0,0.31191605692691166,True,
2024-11-18,XRPUSDT,1.0,0.21689534570890504,True,
2024-11-20,APTUSDT,1.0,0.309639576211521,True,
2024-11-20,LINKUSDT,1.0,0.2330419212133979,True,
2024-11-21,ADAUSDT,1.0,0.25324580598103574,True,
2024-11-22,APEUSDT,1.0,0.30346002298473157,True,
2024-11-23,1000SHIBUSDT,1.0,0.3277889137306299,True,
2024-11-23,ADAUSDT,1.0,0.24208157524613216,True,
2024-11-25,ENAUSDT,1.0,0.4,True,
2024-11-25,TIAUSDT,1.0,0.27911208995015646,True,
2024-11-26,AVAXUSDT,1.0,0.2768642402694611,True,
2024-11-27,ETHUSDT,1.0,0.16465789358512856,True,
2024-11-29,1000SHIBUSDT,1.0,0.3483960092095166,True,
2024-11-30,WLDUSDT,1.0,0.28040333911893545,True,
2024-12-01,XLMUSDT,1.0,0.3818077416138452,True,
2024-12-03,BNBUSDT,1.0,0.15255685293677884,True,
2024-12-04,BTCUSDT,1.0,0.10264037223142239,True,
2024-12-05,SUIUSDT,1.0,0.2532019005744274,True,
2024-12-07,1000PEPEUSDT,1.0,0.3141431218713901,True,
2024-12-09,XRPUSDT,0.8571428571428571,0.39902359641985347,True,
2024-12-10,BNBUSDT,0.8571428571428571,0.20901922565783648,True,
2024-12-12,LINKUSDT,1.0,0.3114837956605329,True,
2024-12-15,ENAUSDT,1.0,0.31815966117947897,True,
2024-12-17,ENSUSDT,1.0,0.4,True,
2024-12-18,BNBUSDT,0.8571428571428571,0.19224342632384006,True,
2024-12-18,LINKUSDT,0.8571428571428571,0.38997585998793,True,
2024-12-20,BTCUSDT,0.8571428571428571,0.14518275568611885,True,
2024-12-20,ENAUSDT,0.8571428571428571,0.4,True,
2024-12-22,AAVEUSDT,0.7142857142857143,0.3923388108379327,True,
2024-12-24,HBARUSDT,0.7142857142857143,0.3968730989171432,True,
2024-12-26,LINKUSDT,0.5714285714285714,0.4,True,
2024-12-27,LTCUSDT,0.5714285714285714,0.3563768404297652,True,
2024-12-29,CRVUSDT,0.5714285714285714,0.4,True,
