day,symbol,event,stop,open,low,price,drawdown
2020-05-10,BTCUSDT,STOP,8619.671,9550.25,7940.0,,
2020-05-10,ETHUSDT,STOP,178.48069574999997,210.32,177.89,,
2020-05-10,LTCUSDT,STOP,39.284,47.0,39.0,,
2020-05-10,XRPUSDT,STOP,0.18293000000000004,0.2165,0.1755,,
2020-06-11,TRXUSDT,STOP,0.015052000000000003,0.01761,0.01499,,
2020-06-15,ADAUSDT,STOP,0.06931,0.07646,0.06931,,
2020-06-27,IOSTUSDT,STOP,0.0053394,0.006129,0.005273,,
2020-07-02,ONTUSDT,STOP,0.53928,0.5822,0.5345,,
2020-07-10,VETUSDT,STOP,0.0158127,0.018259,0.015,,
2020-08-01,XRPUSDT,STOP,0.2255127,0.2596,0.2125,,
2020-08-02,BNBUSDT,STOP,18.655515025189406,21.641,18.546,,
2020-08-02,BTCUSDT,STOP,10739.358,11811.43,10490.0,,
2020-08-02,ETHUSDT,STOP,335.94,387.25,302.0,,
2020-08-02,XRPUSDT,STOP,0.2452875825,0.2912,0.2451,,
2020-09-03,BNBUSDT,STOP,20.783849999999997,24.759,19.81,,
2020-09-03,ETHUSDT,STOP,394.685,439.74,371.0,,
2020-09-03,LTCUSDT,STOP,49.239000000000004,58.11,45.08,,
2020-09-05,LINKUSDT,STOP,9.8988,12.377,8.955,,
2020-09-05,TRXUSDT,STOP,0.027949500000000006,0.03539,0.0271,,
2020-09-21,BNBUSDT,STOP,23.55875,26.329,22.2,,
2020-09-21,IOSTUSDT,STOP,0.005886950000000001,0.006178,0.005134,,
2020-10-02,NEOUSDT,STOP,18.024050000000003,18.743,17.2,,
2020-11-03,BNBUSDT,STOP,27.3763,27.806,25.727,,
2020-11-03,LTCUSDT,STOP,51.0525,53.82,51.0,,
2020-11-07,XMRUSDT,STOP,109.4395,119.3,109.36,,
2020-11-26,ADAUSDT,STOP,0.11743468974168278,0.15503,0.11698,,
2020-11-26,BCHUSDT,STOP,281.09250000000003,313.31,249.24,,
2020-11-26,BNBUSDT,STOP,29.359742113786517,31.284,26.409,,
2020-11-26,BTCUSDT,STOP,16303.793500000002,18741.66,16181.0,,
2020-11-26,ETHUSDT,STOP,507.95550000000003,569.79,480.12,,
2020-11-26,XRPUSDT,STOP,0.55683,0.6312,0.4555,,
2020-12-23,BCHUSDT,STOP,282.82050000000004,322.82,265.69,,
2020-12-27,THETAUSDT,STOP,1.31062,1.6632,1.3103,,
2021-01-11,BCHUSDT,STOP,444.08250000000004,601.36,400.19,,
2021-01-11,BTCUSDT,STOP,32737.795000000002,38200.01,30448.0,,
2021-01-11,ETHUSDT,STOP,967.6285,1257.95,915.2,,
2021-01-11,LTCUSDT,STOP,123.824,170.31,112.55,,
2021-02-15,ADAUSDT,STOP,0.7257219999999999,0.84499,0.68222,,
2021-02-22,LINKUSDT,STOP,25.57235,34.133,24.84,,
2021-02-22,LTCUSDT,STOP,177.6665,227.53,173.0,,
2021-02-23,BTCUSDT,STOP,47181.6815,54125.55,44893.82,,
2021-02-23,DOTUSDT,STOP,29.051899999999993,37.66,26.116,,
2021-03-24,SXPUSDT,STOP,2.6232676305141984,3.2609,2.6102,,
2021-04-18,ADAUSDT,STOP,1.223951,1.37042,1.04066,,
2021-04-18,BTCUSDT,STOP,55908.673858952905,60090.14,50050.0,,
2021-04-18,ETHUSDT,STOP,2133.6389999999997,2319.93,1900.0,,
2021-04-18,XRPUSDT,STOP,1.355885,1.5408,1.1,,
2021-04-23,BCHUSDT,STOP,697.8525843316731,853.91,682.28,,
2021-05-17,DOTUSDT,STOP,35.133888781374445,42.466,35.132,,
2021-05-17,ETHUSDT,STOP,3322.3709999999996,3581.39,3125.0,,
2021-05-19,ADAUSDT,STOP,1.6687395,2.0045,1.0,,
2021-05-19,DOGEUSDT,STOP,0.33595800000000003,0.4761,0.1958,,
2021-05-19,DOTUSDT,STOP,25.38334999999999,40.642,15.376,,
2021-05-19,ETCUSDT,STOP,56.282327099999996,88.504,34.0,,
2021-05-19,MATICUSDT,STOP,1.6984155000000003,2.44389,0.95225,,
2021-05-19,SOLUSDT,STOP,37.63255892320858,55.968,25.228,,
2021-05-23,ADAUSDT,STOP,1.07988,1.4629,1.05,,
2021-05-23,ETCUSDT,STOP,44.205,58.45,39.689,,
2021-05-23,MATICUSDT,STOP,1.0976219999999999,1.19359,0.74214,,
2021-06-08,MATICUSDT,STOP,1.32327,1.4842,1.2758,,
2021-06-20,ETCUSDT,STOP,47.8344,50.853,46.88,,
2021-06-22,ADAUSDT,STOP,1.10736,1.1733,1.0,,
2021-06-22,ETCUSDT,STOP,34.30299103854262,39.45,32.16,,
2021-06-22,MATICUSDT,STOP,0.97722,1.0967,0.9282,,
2021-06-22,SOLUSDT,STOP,22.166127524999997,26.568,20.098,,
2021-07-19,MATICUSDT,STOP,0.7340199999999998,0.7933,0.7279,,
2021-07-19,SOLUSDT,STOP,24.190849999999994,26.666,23.95,,
2021-07-20,BNBUSDT,STOP,254.80499999999998,280.25,253.64,,
2021-08-18,ETCUSDT,STOP,60.05325,62.929,59.284,,
2021-09-07,ADAUSDT,STOP,2.330345,2.8354,1.8333,,
2021-09-07,AXSUSDT,STOP,59.4375,79.15,51.56,,
2021-09-07,BNBUSDT,STOP,413.2863714397579,496.3,332.95,,
2021-09-07,BTCUSDT,STOP,46370.938,52683.98,42088.0,,
2021-09-07,ETHUSDT,STOP,3359.3885,3929.01,2923.0,,
2021-09-17,SOLUSDT,STOP,134.64475000000002,152.366,134.0,,
2021-09-20,LUNAUSDT,STOP,28.715250000000005,32.949,26.068,,
2021-10-31,1000SHIBUSDT,STOP,0.058370000000000005,0.065305,0.05805,,
2021-11-16,BTCUSDT,STOP,58406.21501325001,63654.49,58397.14,,
2021-11-16,LTCUSDT,STOP,220.49099999999999,263.03,220.0,,
2021-12-04,AVAXUSDT,STOP,96.29995,108.276,75.0,,
2021-12-04,LUNAUSDT,STOP,50.261149999999994,63.464,48.0,,
2021-12-04,MANAUSDT,STOP,3.5292349999999995,3.9024,2.5567,,
2021-12-04,MATICUSDT,STOP,1.6785099999999997,2.2711,1.5098,,
2021-12-04,SANDUSDT,STOP,5.4580515,6.02,4.09,,
2021-12-13,LUNAUSDT,STOP,54.58118005607518,61.944,52.353,,
2022-01-05,MATICUSDT,STOP,2.1151750000000002,2.3648,2.0138,,
2022-01-05,SANDUSDT,STOP,5.0557625,5.4634,4.7034,,
2022-01-07,LUNAUSDT,STOP,72.05154999999999,78.38,67.878,,
2022-01-10,FTMUSDT,STOP,2.1546,2.3913,2.101,,
2022-01-20,ADAUSDT,STOP,1.2906280104481531,1.3353,1.2501,,
2022-01-21,FTMUSDT,STOP,2.286715000000001,2.6865,2.13,,
2022-01-21,LUNAUSDT,STOP,64.2077,77.258,61.589,,
2022-01-21,NEARUSDT,STOP,14.39957,15.241,11.925,,
2022-01-22,ATOMUSDT,STOP,29.665900000000004,34.558,27.257,,
2022-01-22,ONEUSDT,STOP,0.2041197785894803,0.21435,0.16454,,
2022-02-20,BTCUSDT,STOP,38715.0225,40052.6,37905.0,,
2022-02-21,AVAXUSDT,STOP,72.29700000000001,77.27,69.33,,
2022-02-22,XRPUSDT,STOP,0.68275,0.7013,0.6667,,
2022-03-06,FTMUSDT,STOP,1.4245812466099088,1.6862,1.3812,,
2022-04-04,WAVESUSDT,STOP,40.66940000000001,46.821,32.882,,
2022-04-08,LUNAUSDT,STOP,96.13164999999998,103.405,93.06,,
2022-04-08,SOLUSDT,STOP,110.20617127310923,118.41,108.01,,
2022-04-26,NEARUSDT,STOP,13.108999999999998,14.271,12.338,,
2022-04-30,ZILUSDT,STOP,0.075672,0.08361,0.06881,,
2022-05-03,KNCUSDT,STOP,3.73105,4.101,3.433,,
2022-05-07,LUNAUSDT,STOP,73.95605,77.243,62.679,,
2022-05-09,KNCUSDT,STOP,2.2386,2.396,2.019,,
2022-05-09,LUNAUSDT,STOP,45.281579475,64.241,29.641,,
2022-05-10,NEARUSDT,STOP,8.979100000000003,9.385,8.825,,
2022-05-10,ZILUSDT,STOP,0.06021549999999999,0.06245,0.06012,,
2022-05-11,NEARUSDT,STOP,5.7406689,9.563,5.188,,
2022-05-11,WAVESUSDT,STOP,9.864500000000003,11.877,6.465,,
2022-05-12,ZILUSDT,STOP,0.041276628,0.05348,0.03995,,
2022-06-13,ADAUSDT,STOP,0.48013999999999996,0.4895,0.4357,,
2022-06-13,TRXUSDT,STOP,0.0668185,0.07604,0.05952,,
2022-07-26,MATICUSDT,STOP,0.747425,0.7701,0.7213,,
2022-08-19,DOGEUSDT,STOP,0.070943,0.0747,0.06694,,
2022-08-20,1000SHIBUSDT,STOP,0.0125587,0.013153,0.01249,,
2022-08-20,ETHUSDT,STOP,1527.1054999999997,1608.29,1520.64,,
2022-08-29,ETCUSDT,STOP,30.361850000000004,30.885,30.305,,
2022-08-30,TRBUSDT,STOP,29.109999999999992,34.99,20.69,,
2022-09-14,BTCUSDT,STOP,19805.940000000002,20162.6,19600.0,,
2022-09-19,EOSUSDT,STOP,1.2229000000000003,1.272,1.208,,
2022-10-02,ATOMUSDT,STOP,12.31665,12.673,11.92,,
2022-10-10,CHZUSDT,STOP,0.20471850000000003,0.21508,0.184,,
2022-10-22,REEFUSDT,STOP,0.006055,0.006407,0.005961,,
2022-11-07,DOGEUSDT,STOP,0.107728,0.11464,0.10711,,
2022-11-08,BNBUSDT,STOP,316.992,336.81,298.17,,
2022-11-08,CHZUSDT,STOP,0.21415949536584472,0.27486,0.17004,,
2022-11-08,MATICUSDT,STOP,1.028945,1.2565,0.893,,
2022-11-08,SUSHIUSDT,STOP,1.4838500000000001,1.728,1.111,,
2022-11-08,XRPUSDT,STOP,0.435747765,0.4645,0.3292,,
2022-11-09,BNBUSDT,STOP,269.9048862087399,326.97,260.0,,
2022-11-09,MATICUSDT,STOP,0.7653041503512219,1.0434,0.761,,
2022-12-12,DOGEUSDT,STOP,0.080754,0.09261,0.0802,,
2022-12-16,BTCUSDT,STOP,16536.374054999997,17351.9,16521.1,,
2022-12-16,ETHUSDT,STOP,1166.1514612910748,1266.26,1154.7,,
2022-12-16,MASKUSDT,STOP,2.5066500000000005,2.867,2.391,,
2022-12-17,LTCUSDT,STOP,64.32750000000001,66.21,62.3,,
2022-12-21,DYDXUSDT,STOP,1.1996865361162359,1.379,1.153,,
2022-12-30,DOGEUSDT,STOP,0.06570849999999999,0.0709,0.06552,,
2023-01-02,XRPUSDT,STOP,0.32351,0.3384,0.2968,,
2023-02-09,FTMUSDT,STOP,0.46926,0.5263,0.4312,,
2023-02-25,MATICUSDT,STOP,1.227075,1.2648,1.1925,,
2023-03-03,BTCUSDT,STOP,22122.285,23457.1,21883.2,,
2023-03-04,DYDXUSDT,STOP,2.3850499999999997,2.615,2.287,,
2023-03-09,ETHUSDT,STOP,1474.356,1531.81,1402.8,,
2023-03-10,LDOUSDT,STOP,2.1541150000000004,2.2768,2.0777,,
2023-03-10,OPUSDT,STOP,2.0872149999999996,2.1999,1.9519,,
2023-04-03,BNBUSDT,STOP,300.878,313.57,297.43,,
2023-04-19,BNBUSDT,STOP,321.8871118522639,343.27,319.63,,
2023-04-19,XRPUSDT,STOP,0.4641349999999999,0.5327,0.4595,,
2023-04-20,ETHUSDT,STOP,1906.4565000000002,1932.83,1905.75,,
2023-04-20,LINKUSDT,STOP,7.537599999999999,7.749,7.451,,
2023-04-21,ADAUSDT,STOP,0.3925,0.4004,0.378,,
2023-04-21,BTCUSDT,STOP,27662.47,28229.9,27100.0,,
2023-05-11,BNBUSDT,STOP,305.397,314.16,303.99,,
2023-05-11,INJUSDT,STOP,6.0710999999999995,6.644,5.622,,
2023-05-12,BTCUSDT,STOP,26144.765,26956.4,25751.0,,
2023-05-12,ETHUSDT,STOP,1738.2099514550378,1793.25,1735.37,,
2023-06-03,LINAUSDT,STOP,0.017331000000000003,0.02195,0.01722,,
2023-06-05,LTCUSDT,STOP,84.24036704689127,94.15,83.16,,
2023-06-05,TOMOUSDT,STOP,1.098395,1.3831,1.08,,
2023-06-10,INJUSDT,STOP,6.1579,6.905,5.398,,
2023-06-10,LINAUSDT,STOP,0.010511253,0.0127,0.00935,,
2023-06-10,LTCUSDT,STOP,78.4795,89.26,72.53,,
2023-06-10,XRPUSDT,STOP,0.4728180073319013,0.5376,0.47,,
2023-06-28,XRPUSDT,STOP,0.4428750000000001,0.4837,0.4406,,
2023-06-30,TOMOUSDT,STOP,0.95394,1.1077,0.926,,
2023-07-07,LTCUSDT,STOP,94.535,95.21,93.8,,
2023-07-14,XRPUSDT,STOP,0.6896996775,0.8154,0.6666,,
2023-08-17,1000SHIBUSDT,STOP,0.008715149999999998,0.009211,0.007113,,
2023-08-17,MKRUSDT,STOP,1025.7850000000003,1132.2,964.0,,
2023-08-17,SOLUSDT,STOP,21.6566,22.812,19.63,,
2023-08-17,STMXUSDT,STOP,0.0046055,0.00574,0.0041,,
2023-08-17,XRPUSDT,STOP,0.4978838175,0.5887,0.4082,,
2023-08-24,TOMOUSDT,STOP,1.19924,1.3639,1.07,,
2023-09-10,UNFIUSDT,STOP,7.7395999999999985,8.431,7.55,,
2023-09-17,TRBUSDT,STOP,29.79925,40.935,25.667,,
2023-09-28,BLZUSDT,STOP,0.1495005,0.15527,0.14705,,
2023-10-12,SOLUSDT,STOP,20.913601574999998,21.998,20.82,,
2023-10-17,STORJUSDT,STOP,0.37409499999999996,0.4028,0.3622,,
2023-11-09,TRBUSDT,STOP,95.44654999999999,140.208,85.325,,
2023-11-09,XRPUSDT,STOP,0.6159328125000001,0.6876,0.6006,,
2023-12-11,LINKUSDT,STOP,13.794930276612568,16.38,13.666,,
2023-12-18,ADAUSDT,STOP,0.5441450000000001,0.5809,0.5439,,
2023-12-31,TRBUSDT,STOP,189.24884999999998,259.955,155.8,,
2024-01-03,BTCUSDT,STOP,40425.350000000006,44979.7,40333.0,,
2024-01-03,ETHUSDT,STOP,2070.9706638876114,2356.92,2067.16,,
2024-01-03,MATICUSDT,STOP,0.8235500000000001,0.9697,0.7257,,
2024-01-12,BTCUSDT,STOP,41588.869999999995,46337.9,41370.0,,
2024-01-23,ARBUSDT,STOP,1.5461099999999997,1.6895,1.5432,,
2024-01-23,ETHUSDT,STOP,2253.31,2314.33,2167.5,,
2024-03-05,AVAXUSDT,STOP,36.463499999999996,43.119,33.793,,
2024-03-05,BTCUSDT,STOP,61224.00499999999,68296.5,59112.0,,
2024-03-05,LINKUSDT,STOP,18.052379554515326,20.44,16.351,,
2024-03-05,SOLUSDT,STOP,109.55274999999999,133.445,103.99,,
2024-03-19,BNBUSDT,STOP,518.985057307033,555.66,498.0,,
2024-04-12,BCHUSDT,STOP,522.3785,613.72,485.0,,
2024-04-12,DOGEUSDT,STOP,0.15420800000000004,0.19393,0.15305,,
2024-04-12,ETHUSDT,STOP,3104.3960307718885,3504.42,3062.04,,
2024-04-13,BNBUSDT,STOP,529.4110000000001,595.19,489.0,,
2024-04-13,BTCUSDT,STOP,61778.534999999996,67136.4,59652.5,,
2024-06-07,1000PEPEUSDT,STOP,0.012020844999999999,0.0143597,0.01112,,
2024-06-07,1000SHIBUSDT,STOP,0.022238213549999997,0.025253,0.021255,,
2024-06-10,BNBUSDT,STOP,645.5630000000001,673.17,613.48,,
2024-06-12,1000FLOKIUSDT,STOP,0.22621650000000004,0.23658,0.21423,,
2024-06-18,PEOPLEUSDT,STOP,0.081096,0.08865,0.07768,,
2024-06-24,BNBUSDT,STOP,551.1411188510041,577.41,550.55,,
2024-06-24,UNIUSDT,STOP,8.906300925,9.766,8.742,,
2024-07-03,JASMYUSDT,STOP,0.02516871272845301,0.027869,0.024582,,
2024-07-04,PEOPLEUSDT,STOP,0.057955999999999994,0.08172,0.05307,,
2024-07-04,SOLUSDT,STOP,127.936,140.737,127.0,,
2024-07-05,1000PEPEUSDT,STOP,0.00863161,0.0089251,0.007616,,
2024-08-02,SOLUSDT,STOP,155.4155,167.3,149.735,,
2024-08-03,BTCUSDT,STOP,60911.01,61483.7,59800.0,,
2024-08-04,1000SATSUSDT,STOP,0.00020725999999999996,0.0002255,0.0001894,,
2024-08-04,XRPUSDT,STOP,0.5354450000000001,0.5556,0.5128,,
2024-08-05,SOLUSDT,STOP,118.68701385000001,138.291,109.162,,
2024-08-28,1000SATSUSDT,STOP,0.00028842,0.0003202,0.0002867,,
2024-09-01,SOLUSDT,STOP,129.0635,135.266,127.6,,
2024-10-01,1000SATSUSDT,STOP,0.000268925,0.0003055,0.0002574,,
2024-10-02,XRPUSDT,STOP,0.565855,0.5965,0.5267,,
2024-10-15,REEFUSDT,STOP,0.007046149999999999,0.010147,0.003337,,
2024-11-03,DOGEUSDT,STOP,0.1454035,0.15952,0.14217,,
2024-11-04,SOLUSDT,STOP,155.1862,162.45,155.03,,
2024-12-09,XRPUSDT,STOP,2.0511,2.603,2.01,,
2024-12-20,BTCUSDT,STOP,93826.545,97434.3,92272.6,,
2024-12-20,ENAUSDT,STOP,0.8536816274999999,0.9538,0.8462,,
