family,population,fold,samples,gross_sum_R,cost_sum_R,net_sum_R,net_1_5x_cost_mean_R,net_2x_cost_sum_R
RESIDUAL_MOMENTUM_PORTFOLIO_TOP1,SELECTED_PORTFOLIO,POOLED,326,28.6103691684063,4.893118212998974,23.717250955407327,0.06524752100891976,18.824132742408352
RESIDUAL_MOMENTUM_PORTFOLIO_TOP1,SELECTED_PORTFOLIO,1,55,-5.128288975209358,0.7678245063472827,-5.8961134815566405,-0.11418228608600511,-6.663937987903924
RESIDUAL_MOMENTUM_PORTFOLIO_TOP1,SELECTED_PORTFOLIO,2,69,1.6376248948710217,1.0829054734494485,0.554719421421573,0.00019227079270794575,-0.5281860520278753
RESIDUAL_MOMENTUM_PORTFOLIO_TOP1,SELECTED_PORTFOLIO,3,67,12.581113451132206,1.0277405795523928,11.553372871579812,0.16476869525080023,10.525632292027419
RESIDUAL_MOMENTUM_PORTFOLIO_TOP1,SELECTED_PORTFOLIO,4,67,14.849067326280483,1.0808881975353464,13.768179128745137,0.19742888104443973,12.687290931209791
RESIDUAL_MOMENTUM_PORTFOLIO_TOP1,SELECTED_PORTFOLIO,5,68,4.67085247133195,0.9337594561145034,3.737093015217446,0.04809137187000285,2.803333559102943
DISPERSION_BREAK_RESIDUAL_RELATIVE_VALUE,SELECTED_PORTFOLIO,POOLED,103,-8.842483559155717,3.4699241302367314,-12.312407689392447,-0.13638223062631857,-15.78233181962918
DISPERSION_BREAK_RESIDUAL_RELATIVE_VALUE,SELECTED_PORTFOLIO,1,23,-5.319702775438752,0.8440127823376978,-6.163715557776449,-0.2863357369106651,-7.007728340114147
DISPERSION_BREAK_RESIDUAL_RELATIVE_VALUE,SELECTED_PORTFOLIO,2,12,1.9662450186143259,0.3834363585961238,1.5828086600182019,0.11592420672667836,1.1993723014220785
DISPERSION_BREAK_RESIDUAL_RELATIVE_VALUE,SELECTED_PORTFOLIO,3,19,-0.540704759310247,0.7212771085124294,-1.261981867822676,-0.08540107484625738,-1.9832589763351063
DISPERSION_BREAK_RESIDUAL_RELATIVE_VALUE,SELECTED_PORTFOLIO,4,26,1.3840456502607899,0.7791766297373103,0.6048690205234792,0.008280027140570176,-0.17430760921383087
DISPERSION_BREAK_RESIDUAL_RELATIVE_VALUE,SELECTED_PORTFOLIO,5,23,-6.332366693281833,0.7420212510531703,-7.074387944335004,-0.32371298129833,-7.816409195388174
SETTLED_FUNDING_BASIS_RELATIVE_CARRY,SELECTED_PORTFOLIO,POOLED,518,9.110378224839371,30.934716412658467,-21.824338187819095,-0.07199169188059522,-52.75905460047756
SETTLED_FUNDING_BASIS_RELATIVE_CARRY,SELECTED_PORTFOLIO,1,70,4.093515633160537,3.412607758480864,0.6809078746796738,-0.014648514350867989,-2.73169988380119
SETTLED_FUNDING_BASIS_RELATIVE_CARRY,SELECTED_PORTFOLIO,2,61,-1.5363765941487593,2.7919859888684746,-4.328362583017234,-0.0938418947123192,-7.1203485718857085
SETTLED_FUNDING_BASIS_RELATIVE_CARRY,SELECTED_PORTFOLIO,3,71,-4.153022275698326,4.989097223677918,-9.142119499376244,-0.16389673396077747,-14.131216723054163
SETTLED_FUNDING_BASIS_RELATIVE_CARRY,SELECTED_PORTFOLIO,4,158,8.664058621072657,9.182972608792769,-0.5189139877201115,-0.03234430564630691,-9.70188659651288
SETTLED_FUNDING_BASIS_RELATIVE_CARRY,SELECTED_PORTFOLIO,5,158,2.042202840453262,10.558052832838442,-8.51584999238518,-0.08730934435952152,-19.073902825223623
RESIDUAL_MOMENTUM_PORTFOLIO_TOP1,COUNTERFACTUAL_DIAGNOSTIC,POOLED,86278,2666.052272538012,1775.2861465053572,890.7661260326545,3.6197556503109185e-05,-884.5200204727029
RESIDUAL_MOMENTUM_PORTFOLIO_TOP1,COUNTERFACTUAL_DIAGNOSTIC,1,16314,1655.3912251860015,266.8349912130846,1388.5562339729167,0.07693629633237553,1121.7212427598322
RESIDUAL_MOMENTUM_PORTFOLIO_TOP1,COUNTERFACTUAL_DIAGNOSTIC,2,18384,1567.0265967184173,381.6951002223734,1185.3314964960439,0.054095079764189355,803.6363962736704
RESIDUAL_MOMENTUM_PORTFOLIO_TOP1,COUNTERFACTUAL_DIAGNOSTIC,3,15676,-2221.9949550211986,342.72126226017167,-2564.71621728137,-0.17453922227682162,-2907.437479541542
RESIDUAL_MOMENTUM_PORTFOLIO_TOP1,COUNTERFACTUAL_DIAGNOSTIC,4,17828,898.7732909716774,372.87310609686574,525.9001848748117,0.01904103835687563,153.02707877794592
RESIDUAL_MOMENTUM_PORTFOLIO_TOP1,COUNTERFACTUAL_DIAGNOSTIC,5,18076,766.8561146831142,411.1616867128619,355.69442797025226,0.008304579808244165,-55.46725874260965
DISPERSION_BREAK_RESIDUAL_RELATIVE_VALUE,COUNTERFACTUAL_DIAGNOSTIC,POOLED,792,-107.36650367879581,25.717633769594357,-133.08413744839015,-0.18427140698634764,-158.8017712179845
DISPERSION_BREAK_RESIDUAL_RELATIVE_VALUE,COUNTERFACTUAL_DIAGNOSTIC,1,206,-71.72757443829167,6.906862251016274,-78.63443668930795,-0.39848479521755376,-85.54129894032422
DISPERSION_BREAK_RESIDUAL_RELATIVE_VALUE,COUNTERFACTUAL_DIAGNOSTIC,2,90,25.381198928722544,2.897133151588224,22.48406577713432,0.23372776890378016,19.586932625546094
DISPERSION_BREAK_RESIDUAL_RELATIVE_VALUE,COUNTERFACTUAL_DIAGNOSTIC,3,148,-41.22461000087874,5.84642818662575,-47.07103818750449,-0.3377990018974147,-52.91746637413024
DISPERSION_BREAK_RESIDUAL_RELATIVE_VALUE,COUNTERFACTUAL_DIAGNOSTIC,4,226,-18.278991775548754,6.644257537338786,-24.923249312887542,-0.12497954903343778,-31.567506850226323
DISPERSION_BREAK_RESIDUAL_RELATIVE_VALUE,COUNTERFACTUAL_DIAGNOSTIC,5,122,-1.5165263927991757,3.422952643025323,-4.9394790358245,-0.054516027519157045,-8.362431678849822
SETTLED_FUNDING_BASIS_RELATIVE_CARRY,COUNTERFACTUAL_DIAGNOSTIC,POOLED,3201,182.0782025245127,217.97009328710942,-35.8918907625967,-0.045259899220915785,-253.8619840497061
SETTLED_FUNDING_BASIS_RELATIVE_CARRY,COUNTERFACTUAL_DIAGNOSTIC,1,575,83.0262759681509,32.31097851469015,50.71529745346076,0.060104014254114185,18.404318938770608
SETTLED_FUNDING_BASIS_RELATIVE_CARRY,COUNTERFACTUAL_DIAGNOSTIC,2,127,-0.6309103356031981,5.97099678308774,-6.601907118690939,-0.07549138197035281,-12.572903901778679
SETTLED_FUNDING_BASIS_RELATIVE_CARRY,COUNTERFACTUAL_DIAGNOSTIC,3,432,-35.83290251395059,32.534749044505865,-68.36765155845646,-0.1959144122238643,-100.90240060296233
SETTLED_FUNDING_BASIS_RELATIVE_CARRY,COUNTERFACTUAL_DIAGNOSTIC,4,887,68.1140985429056,52.441251021631786,15.672847521273809,-0.011891519717634802,-36.76840350035797
SETTLED_FUNDING_BASIS_RELATIVE_CARRY,COUNTERFACTUAL_DIAGNOSTIC,5,1180,67.40164086301002,94.71211792319387,-27.310477060183867,-0.06327672544218715,-122.02259498337774
