family,fold,population,samples,days,gross_R,cost_R,net_R,net_2x_cost_R,net_lower_95_R,terminals,profit_rate,price_R,funding_R,basis_R
RESIDUAL_MOMENTUM_PORTFOLIO_TOP1,1,SELECTED_PORTFOLIO,55,52,-0.09324161773107922,0.013960445569950597,-0.10720206330102981,-0.12116250887098044,-0.30694569615961725,"{'TIMEOUT': 46, 'STOP': 8, 'TARGET': 1}",0.32727272727272727,-0.09324161773107922,0.0,
RESIDUAL_MOMENTUM_PORTFOLIO_TOP1,2,SELECTED_PORTFOLIO,69,68,0.02373369412856553,0.015694282223905055,0.008039411904660475,-0.0076548703192445755,-0.1480762659124216,"{'TIMEOUT': 60, 'STOP': 7, 'TARGET': 2}",0.5217391304347826,0.02373369412856553,0.0,
RESIDUAL_MOMENTUM_PORTFOLIO_TOP1,3,SELECTED_PORTFOLIO,67,66,0.18777781270346575,0.015339411635110338,0.17243840106835542,0.15709898943324507,-0.040430326411450945,"{'TIMEOUT': 58, 'STOP': 4, 'TARGET': 5}",0.5074626865671642,0.18777781270346575,0.0,
RESIDUAL_MOMENTUM_PORTFOLIO_TOP1,4,SELECTED_PORTFOLIO,67,67,0.22162787054149974,0.016132659664706665,0.2054952108767931,0.1893625512120864,-0.004023330943066256,"{'TIMEOUT': 57, 'STOP': 5, 'TARGET': 5}",0.5671641791044776,0.22162787054149974,0.0,
RESIDUAL_MOMENTUM_PORTFOLIO_TOP1,5,SELECTED_PORTFOLIO,68,66,0.06868900693135219,0.013731756707566226,0.05495725022378598,0.04122549351621975,-0.11739503688561556,"{'TIMEOUT': 62, 'TARGET': 2, 'STOP': 4}",0.4852941176470588,0.06868900693135219,0.0,
RESIDUAL_MOMENTUM_PORTFOLIO_TOP1,1,COUNTERFACTUAL_DIAGNOSTIC,16314,104,0.10147059122140502,0.01635619659268632,0.0851143946287187,0.06875819803603239,-0.03673977661601996,"{'TIMEOUT': 13659, 'STOP': 1865, 'TARGET': 790}",0.4778104695353684,0.10147059122140502,0.0,
RESIDUAL_MOMENTUM_PORTFOLIO_TOP1,2,COUNTERFACTUAL_DIAGNOSTIC,18384,130,0.0852386094820723,0.020762353145255298,0.064476256336817,0.04371390319156173,-0.11462568351152724,"{'TIMEOUT': 14082, 'STOP': 3439, 'TARGET': 863}",0.4954852045256745,0.0852386094820723,0.0,
RESIDUAL_MOMENTUM_PORTFOLIO_TOP1,3,COUNTERFACTUAL_DIAGNOSTIC,15676,130,-0.14174502137159978,0.021862800603481225,-0.16360782197508106,-0.18547062257856223,-0.25257814643724125,"{'TIMEOUT': 11817, 'STOP': 3277, 'TARGET': 582}",0.3192140852258229,-0.14174502137159978,0.0,
RESIDUAL_MOMENTUM_PORTFOLIO_TOP1,4,COUNTERFACTUAL_DIAGNOSTIC,17828,129,0.05041357925575933,0.020915027265922467,0.029498551989836867,0.0085835247239144,-0.10029883105323739,"{'TIMEOUT': 14374, 'STOP': 2772, 'TARGET': 682}",0.46180166030962533,0.05041357925575933,0.0,
RESIDUAL_MOMENTUM_PORTFOLIO_TOP1,5,COUNTERFACTUAL_DIAGNOSTIC,18076,130,0.04242399395237411,0.02274627609608663,0.01967771785628747,-0.003068558239799159,-0.08041925906217458,"{'TIMEOUT': 14299, 'STOP': 2850, 'TARGET': 927}",0.4436269086080991,0.04242399395237411,0.0,
DISPERSION_BREAK_RESIDUAL_RELATIVE_VALUE,1,SELECTED_PORTFOLIO,23,16,-0.23129142501907612,0.03669620792772599,-0.2679876329468021,-0.3046838408745281,-0.5434255326667856,"{'STOP': 9, 'CONVERGENCE': 12, 'TIMEOUT': 2}",0.391304347826087,-0.23129142501907612,0.0,
DISPERSION_BREAK_RESIDUAL_RELATIVE_VALUE,2,SELECTED_PORTFOLIO,12,10,0.16385375155119383,0.03195302988301032,0.13190072166818356,0.09994769178517321,-0.2963767398333961,"{'CONVERGENCE': 9, 'STOP': 3}",0.75,0.16385375155119383,0.0,
DISPERSION_BREAK_RESIDUAL_RELATIVE_VALUE,3,SELECTED_PORTFOLIO,19,14,-0.02845814522685507,0.03796195307960154,-0.06642009830645668,-0.10438205138605818,-0.6135829841576569,"{'STOP': 8, 'CONVERGENCE': 10, 'TARGET': 1}",0.5263157894736842,-0.02845814522685507,0.0,
DISPERSION_BREAK_RESIDUAL_RELATIVE_VALUE,4,SELECTED_PORTFOLIO,26,20,0.05323252501003038,0.029968331912973472,0.023264193097056927,-0.006704138815916557,-0.396002623038873,"{'CONVERGENCE': 18, 'STOP': 6, 'TIMEOUT': 2}",0.6153846153846154,0.05323252501003038,0.0,
DISPERSION_BREAK_RESIDUAL_RELATIVE_VALUE,5,SELECTED_PORTFOLIO,23,18,-0.27532029101225364,0.03226179352405089,-0.3075820845363046,-0.3398438780603554,-0.726481181434461,"{'CONVERGENCE': 13, 'STOP': 9, 'TIMEOUT': 1}",0.5217391304347826,-0.27532029101225364,0.0,
DISPERSION_BREAK_RESIDUAL_RELATIVE_VALUE,1,COUNTERFACTUAL_DIAGNOSTIC,206,20,-0.34819210892374597,0.03352845752920521,-0.3817205664529511,-0.4152490239821564,-0.6298119791956787,"{'STOP': 93, 'CONVERGENCE': 92, 'TARGET': 2, 'TIMEOUT': 19}",0.39805825242718446,-0.34819210892374597,0.0,
DISPERSION_BREAK_RESIDUAL_RELATIVE_VALUE,2,COUNTERFACTUAL_DIAGNOSTIC,90,12,0.28201332143025054,0.03219036835098026,0.24982295307927022,0.21763258472828995,-0.14161397176697565,"{'CONVERGENCE': 74, 'STOP': 15, 'TIMEOUT': 1}",0.7444444444444445,0.28201332143025054,0.0,
DISPERSION_BREAK_RESIDUAL_RELATIVE_VALUE,3,COUNTERFACTUAL_DIAGNOSTIC,148,15,-0.27854466216809964,0.039502893152876695,-0.3180475553209763,-0.357550448473853,-0.5730891954733739,"{'STOP': 56, 'CONVERGENCE': 87, 'TIMEOUT': 2, 'TARGET': 3}",0.4189189189189189,-0.27854466216809964,0.0,
DISPERSION_BREAK_RESIDUAL_RELATIVE_VALUE,4,COUNTERFACTUAL_DIAGNOSTIC,226,26,-0.08088049458207414,0.02939936963424242,-0.11027986421631654,-0.13967923385055897,-0.4095082285281138,"{'CONVERGENCE': 152, 'STOP': 68, 'TIMEOUT': 5, 'TARGET': 1}",0.5663716814159292,-0.08088049458207414,0.0,
DISPERSION_BREAK_RESIDUAL_RELATIVE_VALUE,5,COUNTERFACTUAL_DIAGNOSTIC,122,23,-0.012430544203271932,0.028056988877256744,-0.0404875330805287,-0.06854452195778543,-0.4377707474002022,"{'CONVERGENCE': 76, 'STOP': 34, 'TIMEOUT': 10, 'TARGET': 2}",0.5901639344262295,-0.012430544203271932,0.0,
SETTLED_FUNDING_BASIS_RELATIVE_CARRY,1,SELECTED_PORTFOLIO,70,53,0.05847879475943624,0.048751539406869486,0.009727255352566768,-0.0390242840543027,-0.12284949695925515,"{'CONVERGENCE': 64, 'STOP': 2, 'TARGET': 2, 'TIMEOUT': 2}",0.45714285714285713,0.022976279605767258,0.01843467232646779,0.0170678428272012
SETTLED_FUNDING_BASIS_RELATIVE_CARRY,2,SELECTED_PORTFOLIO,61,46,-0.025186501543422283,0.045770262112597944,-0.07095676365602024,-0.11672702576861814,-0.1462356520763654,"{'CONVERGENCE': 57, 'STOP': 2, 'TIMEOUT': 2}",0.36065573770491804,-0.058222362509352636,0.0083492300882166,0.024686630877713747
SETTLED_FUNDING_BASIS_RELATIVE_CARRY,3,SELECTED_PORTFOLIO,71,50,-0.058493271488708795,0.07026897498137913,-0.12876224647008794,-0.19903122145146704,-0.23917008410512056,"{'CONVERGENCE': 56, 'TIMEOUT': 10, 'STOP': 5}",0.29577464788732394,-0.0916174485227684,0.010655287731258846,0.02246888930280075
SETTLED_FUNDING_BASIS_RELATIVE_CARRY,4,SELECTED_PORTFOLIO,158,83,0.05483581405742189,0.05812007980248587,-0.0032842657450639907,-0.061404345547549886,-0.06836644012590158,"{'CONVERGENCE': 142, 'TIMEOUT': 11, 'STOP': 3, 'TARGET': 2}",0.4240506329113924,0.019495968768297695,0.007976101388776753,0.02736374390034742
SETTLED_FUNDING_BASIS_RELATIVE_CARRY,5,SELECTED_PORTFOLIO,158,71,0.01292533443324849,0.06682311919518001,-0.05389778476193153,-0.12072090395711153,-0.11990407332437214,"{'CONVERGENCE': 130, 'STOP': 8, 'TIMEOUT': 18, 'TARGET': 2}",0.3987341772151899,-0.03269141907726992,0.01125166467906417,0.03436508883145425
SETTLED_FUNDING_BASIS_RELATIVE_CARRY,1,COUNTERFACTUAL_DIAGNOSTIC,575,81,0.1443935234228711,0.05619300611250461,0.0882005173103665,0.032007511197861924,-0.10037797644064213,"{'CONVERGENCE': 438, 'STOP': 49, 'TARGET': 42, 'TIMEOUT': 46}",0.542608695652174,0.10637885258643814,0.021181483209316353,0.01683318762711662
SETTLED_FUNDING_BASIS_RELATIVE_CARRY,2,COUNTERFACTUAL_DIAGNOSTIC,127,56,-0.004967797918135417,0.04701572270147826,-0.05198352061961369,-0.09899924332109196,-0.11219010282775779,"{'CONVERGENCE': 121, 'STOP': 2, 'TIMEOUT': 4}",0.36220472440944884,-0.035391324951844376,0.009076168133141688,0.02134735890056726
SETTLED_FUNDING_BASIS_RELATIVE_CARRY,3,COUNTERFACTUAL_DIAGNOSTIC,432,74,-0.08294653359710784,0.07531191908450431,-0.15825845268161218,-0.23357037176611647,-0.2816752363433266,"{'CONVERGENCE': 246, 'TIMEOUT': 121, 'STOP': 65}",0.44907407407407407,-0.11800327121152726,0.01601024086552972,0.019046496748889714
SETTLED_FUNDING_BASIS_RELATIVE_CARRY,4,COUNTERFACTUAL_DIAGNOSTIC,887,122,0.0767915428894088,0.05912204173802907,0.017669501151379708,-0.04145254058664934,-0.10080506549948036,"{'CONVERGENCE': 590, 'TIMEOUT': 189, 'STOP': 68, 'TARGET': 40}",0.4487034949267193,0.037593570640648416,0.019933774659148376,0.019264197589612
SETTLED_FUNDING_BASIS_RELATIVE_CARRY,5,COUNTERFACTUAL_DIAGNOSTIC,1180,119,0.05712003462966949,0.0802645067145711,-0.023144472084901585,-0.10340897879947267,-0.11459160653411433,"{'CONVERGENCE': 602, 'STOP': 87, 'TARGET': 39, 'TIMEOUT': 452}",0.3949152542372881,0.005612515358695398,0.028948671796113722,0.02255884747486038
