family,label_id,largest_one_leg_adverse_15m_bound_R,not_a_basket_stop_touch
DISPERSION_BREAK_RESIDUAL_RELATIVE_VALUE,362adf8afaee250a3c84f114dc56d51e6db107599e15b3390bf830cddbdb8c9f,1.6482405150605628,True
DISPERSION_BREAK_RESIDUAL_RELATIVE_VALUE,b5f280c5466c82c179c6ca040df84f1a930b27e0429234cb71b422ee06b0a402,1.0577054628212037,True
DISPERSION_BREAK_RESIDUAL_RELATIVE_VALUE,d0fcd6c14a2665be84cdbc35b3af55f43db4c1d78669ed84909bb7a3a3fbd4ec,0.33971798746975496,True
DISPERSION_BREAK_RESIDUAL_RELATIVE_VALUE,8accf42b0263bf3a6f4efb6f87731be301182d50158806241deb6eefac5d13dd,1.0838550750167328,True
DISPERSION_BREAK_RESIDUAL_RELATIVE_VALUE,854ea20b02fbfb69f98626680a6913a4fa6e82065ff7599d214c9897a1bb5576,1.448024356929254,True
DISPERSION_BREAK_RESIDUAL_RELATIVE_VALUE,b7b31c915b43cb5de7800c762ca16443d0c9fd949c598d979177015d8563f2ff,0.34815891259232296,True
DISPERSION_BREAK_RESIDUAL_RELATIVE_VALUE,8b3d4f221de52877fc69380178f155fca77e7963bcd209a34dcb34cd12c24095,1.7657296130670699,True
DISPERSION_BREAK_RESIDUAL_RELATIVE_VALUE,cb3466ad469013bcd8326d19851f418a8244c6c081d05772673ca5ebce652a0e,0.4461894833664219,True
DISPERSION_BREAK_RESIDUAL_RELATIVE_VALUE,de85bddf1759746bccdfd924caa672e0078d86dfb51c392da16fbf9a392e1fa8,0.6860392860655804,True
DISPERSION_BREAK_RESIDUAL_RELATIVE_VALUE,5c307f6e0efe3d3ebf6701b43c7f83b1e33af68486bad9e18e505a27982ab8d6,0.7322320937785232,True
DISPERSION_BREAK_RESIDUAL_RELATIVE_VALUE,6be1d1263456536882e0e2dce8ddbf1a062f29e6887dc82b6ac2b8f7fb35c6bc,0.6619338147689093,True
DISPERSION_BREAK_RESIDUAL_RELATIVE_VALUE,c53a93e68bad76fe43623ebdeb54188ed543b9ee5137c645ae6d7e54244cbd0f,1.6394305848577786,True
DISPERSION_BREAK_RESIDUAL_RELATIVE_VALUE,7a86ee326f0757059f2627ac6af17b9e10ffe0a928e883a7b54e734cd3d3b9c8,3.560944287539858,True
DISPERSION_BREAK_RESIDUAL_RELATIVE_VALUE,f33de2242f27473342fc3be4642cf84def0e9312414d42dcc7c29a75154be563,0.947613736600807,True
DISPERSION_BREAK_RESIDUAL_RELATIVE_VALUE,a8ce999e2abcc1803b2fad86a9d36b67e622a732cdb7423aa2850c12d01330d0,2.7328092684116463,True
DISPERSION_BREAK_RESIDUAL_RELATIVE_VALUE,8d1f0d7755cb1ad5bb810a505bc5217187ca4bf676c2e66c1fa21e1f0085cb00,0.8230592063013245,True
DISPERSION_BREAK_RESIDUAL_RELATIVE_VALUE,d343a492dceafe467609bfdba9dba9f23dd6e2dd0ac7172e6193ff37f3993bdf,0.7177574914625101,True
DISPERSION_BREAK_RESIDUAL_RELATIVE_VALUE,206a3fb042a67f849b88afb13ce746098299e08d6b53597cb0ff6ddbf5c3abdf,0.9497148564850744,True
DISPERSION_BREAK_RESIDUAL_RELATIVE_VALUE,b36f661bf99cf6f02f3c7d66727e5df845ef0cba38a894ec5c1c9651a3cd67c0,1.4518795902117743,True
DISPERSION_BREAK_RESIDUAL_RELATIVE_VALUE,635562ea87ce0506db98868214ac5cb73be6e26d07e693ce66a92286b41e500a,1.2750372225126854,True
DISPERSION_BREAK_RESIDUAL_RELATIVE_VALUE,a83a00d8f6e518adc9be7a956c92cd534b0b59fcadb04670cd30490f6b913d01,0.5737513938234352,True
DISPERSION_BREAK_RESIDUAL_RELATIVE_VALUE,db0f8de1b6c0043397878d37779f161569b9f0a373622657a0a3906fca7d1f10,0.970004902848182,True
DISPERSION_BREAK_RESIDUAL_RELATIVE_VALUE,d1c05b1a9c01fcad5ad1ba9c97b9ad3274bdee3a0e2dccd3f2a9a67a728ec2e7,0.30809736001939225,True
DISPERSION_BREAK_RESIDUAL_RELATIVE_VALUE,d3cbc4adf4c64f598458e71dc404f1b95f9a575a967473b675a4ddc283db151b,1.2614972319355338,True
DISPERSION_BREAK_RESIDUAL_RELATIVE_VALUE,7e02ff5544f03fd8d86899321d4951a0a2c3c3349271216911f910f9e5a7297c,1.112824795897771,True
DISPERSION_BREAK_RESIDUAL_RELATIVE_VALUE,98aeb9a7a93f9d7df0d2094908441ea86a652d180f12482c7c3f62740217c3db,0.5698392317769718,True
DISPERSION_BREAK_RESIDUAL_RELATIVE_VALUE,6a932a4c81337db1dc9292ab55da01514708a2ded7b19d41a93286d32f5cd5fc,2.164907698636732,True
DISPERSION_BREAK_RESIDUAL_RELATIVE_VALUE,1e28dbef0507f7f67ab6f17c2d3be4fba8b36b270ed36614a92ae3ffdeb0cb4d,1.1042074851149026,True
DISPERSION_BREAK_RESIDUAL_RELATIVE_VALUE,84924278a1e9a176925c9099dd001f7294a490561b3144f52ab7bd8cc0d61cbb,0.07998280173017183,True
DISPERSION_BREAK_RESIDUAL_RELATIVE_VALUE,e59c7b3da96f11e0810eebc2ffcc45dde28e35fc4c746cbaa81fa0393c57f5ae,1.462446830536473,True
DISPERSION_BREAK_RESIDUAL_RELATIVE_VALUE,507a44028e499ecb187ac69343d9f85a03233559c1eeb72736151a63e5c2a290,0.5819366777916078,True
DISPERSION_BREAK_RESIDUAL_RELATIVE_VALUE,6927aac2bee149a4653e643a4bec797e3eb8ecffb38471e40898fd807db9e58a,1.2537826275549615,True
DISPERSION_BREAK_RESIDUAL_RELATIVE_VALUE,f92beaa6fba83d8f64a3f0248901fe31193047fd763d4624f1e2b15e6945db61,1.1124433028120704,True
DISPERSION_BREAK_RESIDUAL_RELATIVE_VALUE,798b7d83f4e1969ea086c1cf9af86cd20247facae4adbb6abe9a8b2d3f31deb3,1.2540302118338844,True
DISPERSION_BREAK_RESIDUAL_RELATIVE_VALUE,9ecf6a678218974d718e2fe6ed769f4d8f4687a6a38de0f8088a71291c9f40df,0.8435629617907059,True
DISPERSION_BREAK_RESIDUAL_RELATIVE_VALUE,93c7c39dce78cafab387ed6984a4b4804ddd99e5ea777a442a9b53d88ce9120c,0.9553029123197951,True
DISPERSION_BREAK_RESIDUAL_RELATIVE_VALUE,1e6dc5559a1520e3f4a7f993837caaaa5b3e4cc52b24fe5a17ab5967b0bc6729,0.7464743667163185,True
DISPERSION_BREAK_RESIDUAL_RELATIVE_VALUE,af1165be87cdda0f13a77295bafc24dff0367e710e4c0a4e3ee37944e13457ad,1.9580101848301585,True
DISPERSION_BREAK_RESIDUAL_RELATIVE_VALUE,59078eefc51eb2280c7cc497dfe4a2e963dd36387a1d35bed8c01ef5b1435a8c,2.580908117234756,True
DISPERSION_BREAK_RESIDUAL_RELATIVE_VALUE,6d7e66b80af5d132a08299a15625064138fe4be0b0e14e463b4c9948a930017f,0.6389408914139612,True
DISPERSION_BREAK_RESIDUAL_RELATIVE_VALUE,1eaa37bab9350cb7a7bf8a41465ef2f70e73167d3331fe0faa89fb83e41b15b8,0.8537003997822303,True
DISPERSION_BREAK_RESIDUAL_RELATIVE_VALUE,9ce2190969f963f6eb59ada6b674a4dd076be8302509904ee839a66164d98e7c,1.019597388664941,True
DISPERSION_BREAK_RESIDUAL_RELATIVE_VALUE,0befea9500a40ae6d16d5a7b3838e56105811590aeb89b5661a5cf55208fcf26,0.8351328718737847,True
DISPERSION_BREAK_RESIDUAL_RELATIVE_VALUE,22bfc1a5d60c81fcdc61704996f13de3ff4d4987395cfcf1a3a3f997d3e2acae,0.9042110531870784,True
DISPERSION_BREAK_RESIDUAL_RELATIVE_VALUE,8fad0c1368bb8a5af17c9d05088d3fc11b60434b4127798ae25a799bca63d1fd,1.13597128965748,True
DISPERSION_BREAK_RESIDUAL_RELATIVE_VALUE,bedc973f3bfba708c850259ff2e1424b04f77d8cf4f9f4c48af8051b744a4076,0.742949692269662,True
DISPERSION_BREAK_RESIDUAL_RELATIVE_VALUE,35a4036801e652cffe674a69aa9a29c0387cb23ff5d4e030d67fa9053a0f0e00,2.515122291159557,True
DISPERSION_BREAK_RESIDUAL_RELATIVE_VALUE,f535878523760567a40af11d18448dc105effae82e3239ce532a7105f19d84b1,2.1106018790246197,True
DISPERSION_BREAK_RESIDUAL_RELATIVE_VALUE,109cd675af54601112dc3f985f31bc0723c2ec2f3f291ee99955cb6d69846d47,0.339238795656627,True
DISPERSION_BREAK_RESIDUAL_RELATIVE_VALUE,16f954fc5493c29c4137e44d6e0d2189e994bee9ac3ae0e773927f072d472f2d,1.67075036799707,True
DISPERSION_BREAK_RESIDUAL_RELATIVE_VALUE,ca97568c3e72cbca6ceebad8c9fab58e3492106e8451e3e03fe260ecd0ffbc56,1.474728474068434,True
DISPERSION_BREAK_RESIDUAL_RELATIVE_VALUE,8d930fd4f08d96e8f05d1226f7d7643f69fd7db14ab2a232c95c3b79dea5e72f,0.701965678767993,True
DISPERSION_BREAK_RESIDUAL_RELATIVE_VALUE,6878e80b2b322b9eb60c680c6928a4e22e78f41376e67acada722969afa49ba3,16.893995577588164,True
DISPERSION_BREAK_RESIDUAL_RELATIVE_VALUE,d8b3be52551eeb13b940afef826b863a72c3655baee4cada09494a62660901d8,0.6891069213746017,True
DISPERSION_BREAK_RESIDUAL_RELATIVE_VALUE,31c212c7115e6f60fe7f479059e0dc5b0261cf9f03121b2d8980fcfe807e663d,0.2038397374334526,True
DISPERSION_BREAK_RESIDUAL_RELATIVE_VALUE,a9ca65a14920aec15f681c89523f8ac7fd641d47fcdda3a5e58f2468362f70b6,0.7368702486655526,True
DISPERSION_BREAK_RESIDUAL_RELATIVE_VALUE,2958062e88ab76be8ecebbe3157a6eb7675ea0988324203f04444b427f7c24b5,0.9874063602683203,True
DISPERSION_BREAK_RESIDUAL_RELATIVE_VALUE,3411f1bdb6472904af77ebaee4fb8c2aa699b525486b8c6da0220518a5bae020,0.7952143435806481,True
DISPERSION_BREAK_RESIDUAL_RELATIVE_VALUE,ca77ac827a7081b271fcb01b9407828f21cb43d9dba935872adb7450c2d98d0b,1.1923886024036832,True
DISPERSION_BREAK_RESIDUAL_RELATIVE_VALUE,edd7f65086894c3db3ee81bcb43d2d3232da8889efff9e1ef7758bb6944281b4,1.8337691812612003,True
DISPERSION_BREAK_RESIDUAL_RELATIVE_VALUE,55b07dee7ccf95ab249a2ec831ce5a0df50d083e5b82a87ae2874f775cfe07c6,0.7689675833466657,True
DISPERSION_BREAK_RESIDUAL_RELATIVE_VALUE,d2a5c865981317d2aab2c810926d0fc0b5c3c424c680de70795ae4d712ec1977,0.6878141009484744,True
DISPERSION_BREAK_RESIDUAL_RELATIVE_VALUE,56360d1fff9724ae6eaeb8fd0591d761a36df7ee95c44c3e0ecb55966047f9ea,0.864774858215694,True
DISPERSION_BREAK_RESIDUAL_RELATIVE_VALUE,250fc5c9aa65bfc8fde337a690f69a78057573d06d7e9d36021603c554ed08ae,0.27999549467552143,True
DISPERSION_BREAK_RESIDUAL_RELATIVE_VALUE,6fe687d380fcfa8e7888c82f16e2edbda08d9413b1defe84d73936a65939da31,1.6015333159406802,True
DISPERSION_BREAK_RESIDUAL_RELATIVE_VALUE,4c53ec5d3195d2fc2d362ebeebc4954a2088b7b2c17b19fd410029ae2a756867,1.7010242875468704,True
DISPERSION_BREAK_RESIDUAL_RELATIVE_VALUE,8dcf6044c82a4272f5b01407c400331215f7c92b3ba7444605da4878ccfc5354,0.25077645540868904,True
DISPERSION_BREAK_RESIDUAL_RELATIVE_VALUE,de26703f9c148e26ee679e6209909654f479de2000d3b716ab2184a9398d7886,0.4993209275909941,True
DISPERSION_BREAK_RESIDUAL_RELATIVE_VALUE,4df60e9d5a7adf290a409a1d84315176803e9d980abc0f724e0c0b236be73295,0.0987526478345109,True
DISPERSION_BREAK_RESIDUAL_RELATIVE_VALUE,777a4b2434b3858a58c9e45c71a3719a3e3b547c366a278e21a8f25ee74264e3,0.7251920501420677,True
DISPERSION_BREAK_RESIDUAL_RELATIVE_VALUE,82faafb58e6ab397d0e5de9dfb7ea5e0ac06363d34b74f9178115c613d8dd77d,0.1857296928358303,True
DISPERSION_BREAK_RESIDUAL_RELATIVE_VALUE,a48309987cb5aaa2c7bfe48efd6e6e01d80685b08b627873fad2ec81c95943a2,0.2690054839514427,True
DISPERSION_BREAK_RESIDUAL_RELATIVE_VALUE,c96d57bf9c37d6734999e20bed07b0fe58aefa447c81f0fa7777a9197808be96,1.1482243824281606,True
DISPERSION_BREAK_RESIDUAL_RELATIVE_VALUE,9d8e9ae7bd155e3b97c4775288a9fe33094f88243c07aa5ce56557275afc2041,1.4668299303621772,True
DISPERSION_BREAK_RESIDUAL_RELATIVE_VALUE,7bd812218f00c58e980e8518a4a9d053e54a50bee64fdb2b2bde52bc1a788003,0.7149677735858702,True
DISPERSION_BREAK_RESIDUAL_RELATIVE_VALUE,58c23f9e40fc1eef2a3e1c8c2ba350c6a7023b2327d2443caf6a0acc26850eb7,1.171309843780192,True
DISPERSION_BREAK_RESIDUAL_RELATIVE_VALUE,91040d20b0e525347b315260416162610396f43d05d4c7e3cab0e1647118f396,0.6718969460229632,True
DISPERSION_BREAK_RESIDUAL_RELATIVE_VALUE,8636094680fc4a0a632564b5fd96a043771944d73cf1afbedad3acc3a0c6a663,0.7823117308665204,True
DISPERSION_BREAK_RESIDUAL_RELATIVE_VALUE,f3a0bd4baf32b52de13f48f82c78a42ada3879125c9cc00bff977917c7ced5fe,1.5386250503537324,True
DISPERSION_BREAK_RESIDUAL_RELATIVE_VALUE,94cea5d6807f66308d4f830edc6cef7255a53bb7b7da5af2746ec6dfe9424291,0.9556667262298336,True
DISPERSION_BREAK_RESIDUAL_RELATIVE_VALUE,fe8bf55908e2a78dbff5cde0ee1f4240412521d3356946a4aac902edbbd02036,0.0842672377625404,True
DISPERSION_BREAK_RESIDUAL_RELATIVE_VALUE,1776bcdef443168f0591df54d101533351a34a2866ec102ff3dfaff7d0b7fa91,1.429472031802293,True
DISPERSION_BREAK_RESIDUAL_RELATIVE_VALUE,641da8e16c2b65eee7e1fc8e0f141e3f08db5f15972bfd13961954806dfb7893,0.9456356429797377,True
DISPERSION_BREAK_RESIDUAL_RELATIVE_VALUE,4f4b24b1baa535cc0bf7701419f75cace54c3a3a63c951c4ee9930d81172d3bf,0.46400950573823274,True
DISPERSION_BREAK_RESIDUAL_RELATIVE_VALUE,4648d87ed6da8b2471c6367cf0b78ad38d02691c7ed5ebbadeab1fda09468d5f,1.1609750926000333,True
DISPERSION_BREAK_RESIDUAL_RELATIVE_VALUE,723fb892d06708f6fabbbb7fa97b30334501001fceac1eb2089dcb2cef456a3f,2.866205967481992,True
DISPERSION_BREAK_RESIDUAL_RELATIVE_VALUE,63bf7c3199dca0344520985d6761b3768e6b73de4e6d9ca6a5fc02f6b3c12202,2.1145452682056427,True
DISPERSION_BREAK_RESIDUAL_RELATIVE_VALUE,d37c6a6eb4d576d0f72320675ce37bfa1f4d354c2beb973cebd3f1f5047b0e40,2.635503529529622,True
DISPERSION_BREAK_RESIDUAL_RELATIVE_VALUE,35ec934fe4e640964e67ec63c05fb854f30f8f0732f3aaf62cdcf2dad6772386,1.2430144228917848,True
DISPERSION_BREAK_RESIDUAL_RELATIVE_VALUE,664a4252fffd4ff2d3748bf6ca978f40f44a006cb352d19bb0cd9377a32f1e3a,1.0134129691643214,True
DISPERSION_BREAK_RESIDUAL_RELATIVE_VALUE,c7ad8d93b81c284cd7ce677027814dea9590ab4c9840230d59f507ac44437113,0.07549144006482642,True
DISPERSION_BREAK_RESIDUAL_RELATIVE_VALUE,58d073715d3e2fdd1103b6157223b7c9201c44432a71882b66e3ce6fe17f83e1,0.8605081961365437,True
DISPERSION_BREAK_RESIDUAL_RELATIVE_VALUE,b4f0a5ec0045323e7a4910698bc8fdf5ea656ae19eb35f6d35bac7b18d10c4af,0.5489434424652639,True
DISPERSION_BREAK_RESIDUAL_RELATIVE_VALUE,719684ed4ae07648addc0de428134ea039b8df64fa54440a8501507c697d8bd3,0.9285116406108536,True
DISPERSION_BREAK_RESIDUAL_RELATIVE_VALUE,42cb5c3c96a308050a80a063404a410c13ade43f8fb0c4af78f5dc351c1dcf9c,1.6288185529648238,True
DISPERSION_BREAK_RESIDUAL_RELATIVE_VALUE,14840687abd525ae090e25fbc3179a0200c5df4e77e68ebf815e23c7813438e0,0.21027664660501216,True
DISPERSION_BREAK_RESIDUAL_RELATIVE_VALUE,5238e4c89d889aa322ea6b359cc066aa071b19e062fce621e906ec7569186e66,0.9418814440843448,True
DISPERSION_BREAK_RESIDUAL_RELATIVE_VALUE,bc9e3a09c0163a71c2f9f66584c786d3333662842ffe0ce314a00c05629e8f42,1.5845983980960787,True
DISPERSION_BREAK_RESIDUAL_RELATIVE_VALUE,ca3e4ab8c3b7a965a78bffe818c1d7d60c6af69f0f7de5c79294faeb7ef5138f,0.49759642135184584,True
DISPERSION_BREAK_RESIDUAL_RELATIVE_VALUE,a84971a5b4f64987645eb4da1b1b44dc8a57bcdbe802c2efa83e26f9a6994d50,1.5267518291273041,True
DISPERSION_BREAK_RESIDUAL_RELATIVE_VALUE,d59937cb03158682d4b061237eb354a738848f2d36e035eee21d51bb12508f77,0.6281941857330035,True
DISPERSION_BREAK_RESIDUAL_RELATIVE_VALUE,07a5e4520d2b7570df5ed37281ed82fa18507080319e299bae40f32cd50c25df,1.8706945694539912,True
DISPERSION_BREAK_RESIDUAL_RELATIVE_VALUE,cbc50c68b0ac436fb61a607d75cc5c7d5f6722294713facd56bf036d32f3dc99,0.9897921270857547,True
SETTLED_FUNDING_BASIS_RELATIVE_CARRY,37b4e823eb3a3ec979cd106f122d057394bddbf2b9f36b5dbdc019eebc876961,0.11689868741051718,True
SETTLED_FUNDING_BASIS_RELATIVE_CARRY,d4f54a7693a135b77ff199b650a8c9a3fa3e59b48f3f3e7263587237e26b888d,0.48468899369137025,True
SETTLED_FUNDING_BASIS_RELATIVE_CARRY,578ced208dcc196d84eb5056a183b7fdc8d3eb9d6bbcc14b4bd2bad2f1ca6f36,0.12917474229697778,True
SETTLED_FUNDING_BASIS_RELATIVE_CARRY,96e0241075d68d7df6a9c5f48f1b45afd9c17a4cfa81376f468ccef9affd475d,0.3222579590246115,True
SETTLED_FUNDING_BASIS_RELATIVE_CARRY,595c0dd05df8768aa3073205979d414a51c379cdcabe1545e161fe3cdab3b07c,0.33175769449243125,True
SETTLED_FUNDING_BASIS_RELATIVE_CARRY,18b1e82fad2638ed378217f2e9692b215f2c8c38a5417e3d9f2da262cc8938fc,0.03052633819706223,True
SETTLED_FUNDING_BASIS_RELATIVE_CARRY,69fe8d455ae621cd45edbd2968ec7a27cb9c111aac5e218334fdc87418d662ef,0.04368786757339618,True
SETTLED_FUNDING_BASIS_RELATIVE_CARRY,15b276af513753e3df7105f2b4a7074836e7ad5ab089fdac21ce9a70e67896e8,0.6644795849820163,True
SETTLED_FUNDING_BASIS_RELATIVE_CARRY,009797de1fd612f9b742c5c82688b2b2d4f634531ec61b0769a4531429c3319a,0.44508711980825005,True
SETTLED_FUNDING_BASIS_RELATIVE_CARRY,a34ce4bceb2934ddd6b60283a160ca30039364843f82b317cf3fcfbc3bc4833b,0.5104520448966496,True
SETTLED_FUNDING_BASIS_RELATIVE_CARRY,9c99dbaefb007a0ca52652ac04b0da624ab9de4eea1eb6a716538240bebb90c1,0.214234313264454,True
SETTLED_FUNDING_BASIS_RELATIVE_CARRY,6699a8c119925413be8f92466dbb60ed0a49ab096a4fc82fbb6e0a335abef954,0.22237422676327034,True
SETTLED_FUNDING_BASIS_RELATIVE_CARRY,a83650bdb7c1205323e40abcfed7be6cbaf935a90466ac08a1b58fc7d6d77aba,0.19250135433644452,True
SETTLED_FUNDING_BASIS_RELATIVE_CARRY,b557c4d12b94587eda10981ce46f8f815b11fd2e7a5dfa6a0a5473d6a80587b8,0.050072858996208544,True
SETTLED_FUNDING_BASIS_RELATIVE_CARRY,7ffd9c4e5efaeb83d4db159ccc9c60eb381f3cdec47cc54b4af1251d996cfefc,0.6984638805548171,True
SETTLED_FUNDING_BASIS_RELATIVE_CARRY,821c56667f723b98951baed3ded7687833630cc185cd281cf97c7411ab9a90ea,0.8698127120578818,True
SETTLED_FUNDING_BASIS_RELATIVE_CARRY,4435775ed2817aba0a44bae837e8f2ad2df15144873f7a0f301a1a237d878f50,1.6080040127972801,True
SETTLED_FUNDING_BASIS_RELATIVE_CARRY,3b9db0ab328123406432f0b00005311eb6760fa93a6807fe516e6737bf9f3b7a,0.49560798726227784,True
SETTLED_FUNDING_BASIS_RELATIVE_CARRY,f47a8ae0d428ef43b4fca675d88c68a8b7a4a40d4512e5c822291c3e57d83746,1.3032639876189551,True
SETTLED_FUNDING_BASIS_RELATIVE_CARRY,b4e844bf5244bedec94ed1499e4ff9e3c3a852408042070b1d61a23b4ec01970,0.653159872789675,True
SETTLED_FUNDING_BASIS_RELATIVE_CARRY,779f477317abe5db17dece9a0cd2aa2d70aa8d9e041fa084b75d6885551342ea,0.14116182153664117,True
SETTLED_FUNDING_BASIS_RELATIVE_CARRY,878b12817ed94bc68f5ef53d7fe08eb114cd19beb09459929708d6550ca794b9,0.5641067118133632,True
SETTLED_FUNDING_BASIS_RELATIVE_CARRY,04c5de0937864acede189c04bae9ed7ad08fba5677996715fc3f77b91c08b31d,0.40041458741396685,True
SETTLED_FUNDING_BASIS_RELATIVE_CARRY,611635daf8c96f29f5f4c6dda4961cb8c222591225ef40ecb03c285d99feb112,1.3222589613450724,True
SETTLED_FUNDING_BASIS_RELATIVE_CARRY,1fb2d8328107cc25de30473efc3b5c39848c5e1efb7c0577b42dc6d6b282f8af,0.11352513143006868,True
SETTLED_FUNDING_BASIS_RELATIVE_CARRY,0b76eccd6c06fce1fa5e49a3f834e0ec2b97cab3cc454240ab6e7450913bbafd,0.897901109260187,True
SETTLED_FUNDING_BASIS_RELATIVE_CARRY,9fb22ddba8409d8477fed815872eaf19c5d562da74ca9d20cb017e2f4b7d5bd5,0.2773676002757682,True
SETTLED_FUNDING_BASIS_RELATIVE_CARRY,91b41bbe83ecc17ebfeecdc7716b18a205be45651b2f7488b9003de5de4e9118,0.4111070015270008,True
SETTLED_FUNDING_BASIS_RELATIVE_CARRY,c1820f241dde5c675281a438a8502fa52da92128ea3b6f95dd5a416af482f79a,0.2756492790619149,True
SETTLED_FUNDING_BASIS_RELATIVE_CARRY,5f05a6d4b473bf4ae5309cd2719dd44f79340fa190983c2b04075f6384757634,0.4438008214849475,True
SETTLED_FUNDING_BASIS_RELATIVE_CARRY,395e827345a061d9a4bdeac125f21351ea1bdecafa0907614a6d0d3cb6d16c0f,0.36202501256576014,True
SETTLED_FUNDING_BASIS_RELATIVE_CARRY,ebff7e5f31a4f3e1af2f0ffe4569f33ad2e9eafa44f3fcd17ae50f04698bdc2d,0.335910702835738,True
SETTLED_FUNDING_BASIS_RELATIVE_CARRY,d0cac55241af9e9183108e7f97d8e2cc961bbe42651da7343987a2c6eca4abe7,0.060002131318662874,True
SETTLED_FUNDING_BASIS_RELATIVE_CARRY,0825e6fe442a401683e7daab4e73040832d5be12e5408155d980c00cc92d5ae4,0.37710379781222075,True
SETTLED_FUNDING_BASIS_RELATIVE_CARRY,bc2cc6004a27a32a5c8404a7aaecddd7044cd65d1a7a4d68f1f8cd85fe9ea2f4,0.46595682452076065,True
SETTLED_FUNDING_BASIS_RELATIVE_CARRY,f8bf37c2b467002884b345a7eea3f4405432462ce47f7663258bb49b85620a91,1.081519218429711,True
SETTLED_FUNDING_BASIS_RELATIVE_CARRY,052dabf4ca7abf230ff761789d2991bc90a8e607f8dcbcfdd110706cc72ac5da,0.3531229525710036,True
SETTLED_FUNDING_BASIS_RELATIVE_CARRY,fe748031efc8bb532a06149757fa9c0839da41bf5496da3386ba822c61a33fbc,1.1359695642341767,True
SETTLED_FUNDING_BASIS_RELATIVE_CARRY,83b7c4f0b191343f1edba34c0ea34c7d0a4296a1bab1f1c906b61974afd2a83f,0.30965612917563673,True
SETTLED_FUNDING_BASIS_RELATIVE_CARRY,b854532fcc8890b95ffc020d8596145cff78b1f37eaa88c9aecd56bc6ee6d45f,0.37000105921601845,True
SETTLED_FUNDING_BASIS_RELATIVE_CARRY,3049484b880d50b807771f86d0eeae33fb2a5bbfdcc38fff3e0aa4f625d13e7e,0.09794405545647764,True
SETTLED_FUNDING_BASIS_RELATIVE_CARRY,46189642857e0a09e7a1134a1d410a36230270ac9bb5df2047465fa9b9221e75,0.17581455314777808,True
SETTLED_FUNDING_BASIS_RELATIVE_CARRY,c6d1dfff26fb645a9016461395b0464d0831fbeb5be7845bce990c4198d5593e,1.0018838715416514,True
SETTLED_FUNDING_BASIS_RELATIVE_CARRY,079455d78f87aa2f1f3d13189a739d8c7a30e3e03359ac1b6da138bf433a2f92,0.44108834959661214,True
SETTLED_FUNDING_BASIS_RELATIVE_CARRY,c55249f0ebb6cbe05e2556179b571f843040a8d382b12efe198e29a414965553,0.5365264431899371,True
SETTLED_FUNDING_BASIS_RELATIVE_CARRY,fc7042c197655a3e87143da453713ccd1e68a6e31d76381819037d359acdd5e6,0.2696559258007357,True
SETTLED_FUNDING_BASIS_RELATIVE_CARRY,85089e032bd18f61259c8b0c254b95698e9d2fcdce0a1bbbdb96e6d7fe28cdf3,1.410113148670873,True
SETTLED_FUNDING_BASIS_RELATIVE_CARRY,d562e7f97324b93c109b1525112a29c1a9f438e3781d99dfee24164baa62ac58,0.39578431087519644,True
SETTLED_FUNDING_BASIS_RELATIVE_CARRY,05b71a94bab75d642083865e64df2029830c186e4d0734711308eb7dc7184923,0.23349014300772516,True
SETTLED_FUNDING_BASIS_RELATIVE_CARRY,a94571eff7ab18d6d219d65bdf5eaa305aa7b1c66cc2c3424458ecd56ac6e9ff,0.03290695083494311,True
SETTLED_FUNDING_BASIS_RELATIVE_CARRY,c5604028e24a0b2e1e83ed05d73f21658667feb6d10d971d3ca36e81b7ab220e,0.3472900143393102,True
SETTLED_FUNDING_BASIS_RELATIVE_CARRY,1e3cfcfca562a3a0947f36ea019ed3882950af40d322ff4116489c238e27bf25,0.04380986802369949,True
SETTLED_FUNDING_BASIS_RELATIVE_CARRY,6062b2c680df3b79aeaaf0a37aeb87f3159cbca223b5150678086124f9d96861,0.10916577957553487,True
SETTLED_FUNDING_BASIS_RELATIVE_CARRY,fd687c3f68a15deabaa9085a8d4414004b4203dabd2cf338c01fc9a740a1fcdf,0.07322593062463252,True
SETTLED_FUNDING_BASIS_RELATIVE_CARRY,6a6bad6afd526ae9068164696db744373f08865cae52c68b6386456147b2fa58,0.3989951139081974,True
SETTLED_FUNDING_BASIS_RELATIVE_CARRY,ae646ea5cd3af5883a7383f18e8f28dd7827875b3a66712a1ce9920d35241bff,0.5827332924177258,True
SETTLED_FUNDING_BASIS_RELATIVE_CARRY,9face7cee45dd14bf1f4aea51cefd8af51f4f8d15ff5fb7b26d3e876dac0d5e9,1.3890729296909374,True
SETTLED_FUNDING_BASIS_RELATIVE_CARRY,200519d588572a0c84fdb99b475d5060cbb72f342fe8cc142ea8c4729ad5940c,0.1523291928731827,True
SETTLED_FUNDING_BASIS_RELATIVE_CARRY,8cbebe57ec57eecb77454496df75fcad36d8432b50535234a45bc3022f9d5465,0.22750046633612137,True
SETTLED_FUNDING_BASIS_RELATIVE_CARRY,30b871668371cb073164f388962d4873cd1a1fe98d05c19a55534ee7153ecd67,0.16338419908558094,True
SETTLED_FUNDING_BASIS_RELATIVE_CARRY,d9a0ad37bb18a506266b391800f14ac3e65afb5d8508c8fb25520f3b8761c41d,1.127717225030867,True
SETTLED_FUNDING_BASIS_RELATIVE_CARRY,f332f2772b221da62599fb06fde2629e9df87c3c4010858dd12622f81c424d00,0.4415031523450274,True
SETTLED_FUNDING_BASIS_RELATIVE_CARRY,3a83e01eba737d9c311c4ae5434fe9a1547f1416b2e0a1495f79544d5fab4c1a,0.5542180741208581,True
SETTLED_FUNDING_BASIS_RELATIVE_CARRY,ac07d39727dfc0bcc2a956621bcf932047f6b30e4b41632c325c605ca6881410,0.7797336335939046,True
SETTLED_FUNDING_BASIS_RELATIVE_CARRY,6f3df9afbb7787bf52f2adc1ed6bfadbcb8f70245de898257d8aaa52a07956cf,0.6757532151127519,True
SETTLED_FUNDING_BASIS_RELATIVE_CARRY,536508a8b0b3b35d9c75f9088e9b3cba5e411183190c6e9a7d08531d62dd873a,0.6400553195541914,True
SETTLED_FUNDING_BASIS_RELATIVE_CARRY,8898dec0766100d6ca7ea0d3a213c73ca2ee20ab546b7d0f13a34eb1ea8d319b,0.9249112507494157,True
SETTLED_FUNDING_BASIS_RELATIVE_CARRY,f3db558314d0cb730bf1069d79855de949451be73713aa81f6f2f25212f5d6f9,0.2199302222956456,True
SETTLED_FUNDING_BASIS_RELATIVE_CARRY,c81ed281ead226eb5e34f3777698d9b0830842985e8be4f030a9abd64539e3a4,0.25490562142276535,True
SETTLED_FUNDING_BASIS_RELATIVE_CARRY,6609fceeb712c140f5a0cd6f6f8091e07b8ea6dc4ea8b99c0884c66a2f1b295e,0.4390219064065735,True
SETTLED_FUNDING_BASIS_RELATIVE_CARRY,e311d572015f48672c96de664a21e134a2fe58f5cb245ce4bc9d0a534f1499b3,0.5318295039790397,True
SETTLED_FUNDING_BASIS_RELATIVE_CARRY,6bcb2e0616ddc145a19bc15e136eb83ac8b86632e021d77c349385ebee3fbc51,0.12672427498659056,True
SETTLED_FUNDING_BASIS_RELATIVE_CARRY,bf92fecf4d1f4def83eb50876546d6a004fcd85f674afb649e8f6086d9b02e67,0.3097170683160247,True
SETTLED_FUNDING_BASIS_RELATIVE_CARRY,dac404f7a6e22e7f7db997fff3c17c9a713627366dc03802da32b8ba69a737c1,0.7473852817357276,True
SETTLED_FUNDING_BASIS_RELATIVE_CARRY,22f90fa79cbe159754374b733e4172c54de3158b1728d103bcc23c186d4c1367,0.24822200857024093,True
SETTLED_FUNDING_BASIS_RELATIVE_CARRY,8be46d10a8b0c2f5f957e75c9a97943cb4fc114c133b9fe1934c44248362b20b,0.847322279641525,True
SETTLED_FUNDING_BASIS_RELATIVE_CARRY,a478cae5ba6e05e623d26813bdc95238f0d5cb0f23b3b4823869ea41a86493ba,0.07536287507287026,True
SETTLED_FUNDING_BASIS_RELATIVE_CARRY,3b5f4071f98f9ecf61c2cc86dd888489cc6d1b71e73a4efd067de121caeee11a,0.3091246238765866,True
SETTLED_FUNDING_BASIS_RELATIVE_CARRY,9a4e51b0aba66826a46897ebafa7852461b968f656446825bcfeaa8ab721283c,0.34248808346881826,True
SETTLED_FUNDING_BASIS_RELATIVE_CARRY,c273409c87ce14ecf943dd1998618017f5cc32d64ee745ea1b2d89d328bb9d18,0.18735519820056093,True
SETTLED_FUNDING_BASIS_RELATIVE_CARRY,4f6d8bae6f1d0366e243ecbe6a8410a96ba674c61251a58b7bea6257df8912b8,0.12477331520110108,True
SETTLED_FUNDING_BASIS_RELATIVE_CARRY,ce8e9abc9235cdc9f1346d7b552b10db3cc15783bd0797b6458ea46247038c1d,0.13674759023332042,True
SETTLED_FUNDING_BASIS_RELATIVE_CARRY,47e1d8b906d3772843b306c6bbbe359cb370f6f4d043c168877f785ee160aab9,0.15548644182471275,True
SETTLED_FUNDING_BASIS_RELATIVE_CARRY,14b796ec2794e2e44880961b6d362f1cb1c5dfac1f240f5d08ca3ff46c780f57,0.17163066774605548,True
SETTLED_FUNDING_BASIS_RELATIVE_CARRY,22def7f5b46304a49746b700bf7245b22da7639aef0b4cdcaf009e301598b2f2,0.15649224481791543,True
SETTLED_FUNDING_BASIS_RELATIVE_CARRY,cd0ca68091083f0f0f0fbc607e6c34f1c2c57206fec567cef5828b172a5026c6,0.14633550259528813,True
SETTLED_FUNDING_BASIS_RELATIVE_CARRY,88ee1baf3a49cfa942d8f8285406232f768941ddd066f3fad092c074ec8466fe,0.06024519535230783,True
SETTLED_FUNDING_BASIS_RELATIVE_CARRY,f6e6178596d0f3cae38aa1c2508209e86aba8c8ef03f2e8bb23fa6331cde9953,0.7403489453130226,True
SETTLED_FUNDING_BASIS_RELATIVE_CARRY,f8e57674ad7f5f0fb2bf4e2c9592d8f043130bb5ccb461e3b8a3a71fa2c56b5f,0.3678027679524058,True
SETTLED_FUNDING_BASIS_RELATIVE_CARRY,351b5cdf9e09897e54e2644e843a0d2c5e12273b3a54d66447a4893fc714e049,0.3963983018261265,True
SETTLED_FUNDING_BASIS_RELATIVE_CARRY,1a89d34f2168aa2e3d4668cca2bc99eedc941ecdc151e686bb6025a15f21deb7,0.5675957136017014,True
SETTLED_FUNDING_BASIS_RELATIVE_CARRY,61c7b98eb13b7dc0b6b6b4b64f7f355347aa069523174020dfd53f17d07b24f2,0.1706569231735352,True
SETTLED_FUNDING_BASIS_RELATIVE_CARRY,4978ab44eac96dbb41a27759fc0b0fd2f83c28258bc7f462744c5784aa218f24,0.22518863129361472,True
SETTLED_FUNDING_BASIS_RELATIVE_CARRY,098aa85514478214d11b386629bd23ffe7d7653322972772969d0b711abcb886,0.5890326343797017,True
SETTLED_FUNDING_BASIS_RELATIVE_CARRY,37009df9935b02775dd67acbe24d79eb84047fbf9e5c13a627f0a6ed75b49297,0.13242049566014713,True
SETTLED_FUNDING_BASIS_RELATIVE_CARRY,73fbd2d831cc38559a36e6576544a8e3f8d40fce711eb11b1a43f5127a7ccd1e,0.17012781211727054,True
SETTLED_FUNDING_BASIS_RELATIVE_CARRY,a58e4da22a383c37e15c272948a1871892b0bf738dd690fadd2158d533c6d193,0.08696288938716837,True
SETTLED_FUNDING_BASIS_RELATIVE_CARRY,8cfe18a22e0d7ae66d0130fa6bd668e95b9cb7e7190cf7f2cf474b5082dbe955,0.40701945405905965,True
SETTLED_FUNDING_BASIS_RELATIVE_CARRY,f32a941f822b49ca942e5dfb0a288bab03d508e78b564b5bab7ba4aa17c6b2f5,0.597390909145485,True
SETTLED_FUNDING_BASIS_RELATIVE_CARRY,33460f5a2ed3b71b7c0b135e8fc633393af151a2193294ec5a9961489d473fef,0.37412109968607815,True
SETTLED_FUNDING_BASIS_RELATIVE_CARRY,cdc7d66e0b653c870c7425fd4d62b0635a49bf4dc63e3d923745dac651ce3e22,0.19464284051899794,True
SETTLED_FUNDING_BASIS_RELATIVE_CARRY,fe60e7c897f8c6449c68a5804df05c1621dbc400ed702203cc25eae32bd0fcb2,0.329282884617746,True
SETTLED_FUNDING_BASIS_RELATIVE_CARRY,a24e502acd891f8323a649215dad76b43af5372f53a15320b9e5c7fa3bf66c60,0.13721251216330063,True
SETTLED_FUNDING_BASIS_RELATIVE_CARRY,7500f5a992e8a0029745005c0422ac94b624ddf9a768bdea7950ba60a6e1940f,0.03987276074956109,True
SETTLED_FUNDING_BASIS_RELATIVE_CARRY,2fbe59b4c36a9fe6ff1c8d106d888d1cd34f77747ad2e0d6fa92dabe3e0b55c9,0.12210456892740973,True
SETTLED_FUNDING_BASIS_RELATIVE_CARRY,f9e5a8ddf668169e2c2579171b8bb7407cbc11f830f758f175997a5ce44757bd,0.17067860817439245,True
SETTLED_FUNDING_BASIS_RELATIVE_CARRY,35d8f2eb428eeabb21ddeb48369e7dd933e6024303502d092c3099c0aabca0bf,0.21854508758260102,True
SETTLED_FUNDING_BASIS_RELATIVE_CARRY,f291d05ed32d6dcf471227222e678ae569a0150196a322455bcd868718fc6cd3,0.34255967265830045,True
SETTLED_FUNDING_BASIS_RELATIVE_CARRY,c32c98c218a789040042ef6b549f39b90990e0a3f28b38d84e0db4cb0b2154cd,0.24049752617317097,True
SETTLED_FUNDING_BASIS_RELATIVE_CARRY,a13d07a8377d560d9c3b6dd43258f5d65d03beaa552f2df7e064ea7e012c8d7a,0.3696688986758531,True
SETTLED_FUNDING_BASIS_RELATIVE_CARRY,66ca96d26531c9bf4689dfe8e09c04b507f6022f039de0b91d0be0a8a23717f3,0.1839325442779612,True
SETTLED_FUNDING_BASIS_RELATIVE_CARRY,1b3ebd2d50e68cb0257951cd917e2c40b571bec590a3257a9f852dd683c80f6b,0.21023351435841603,True
SETTLED_FUNDING_BASIS_RELATIVE_CARRY,f83f6a432e798c1427c3185024e38b54431991f8092e14e7f4b6aeedaf9112a6,0.3066589625560064,True
SETTLED_FUNDING_BASIS_RELATIVE_CARRY,4d0ae3085b4821e1600c80b63e28b986bccf787ba2c084269226bb36c28830bd,1.5230305148989023,True
SETTLED_FUNDING_BASIS_RELATIVE_CARRY,833260971cd044c9f1e98a1716f9aab85eb18b6d400901b0a17d28b0cfd86ec7,0.12727574429208274,True
SETTLED_FUNDING_BASIS_RELATIVE_CARRY,e9454b0c9331f4c5eadee56bdef52ef711f9494b739f9e3e621aa90c65de3767,0.10043911605086782,True
SETTLED_FUNDING_BASIS_RELATIVE_CARRY,6e0b7b56c3d85ff91a72e4724eba2e6752896e4ed3e665839369e262c02314a3,0.22517822203171678,True
SETTLED_FUNDING_BASIS_RELATIVE_CARRY,cb9b9047f152c6419460dbe40c9a15303e82f5f43a35ff246e817a4ded6d146d,0.07493152588440904,True
SETTLED_FUNDING_BASIS_RELATIVE_CARRY,5d46649fa11cb0fac576eb047df0f34aefd111f01ed2270056b7652b044260c8,0.486286589620386,True
SETTLED_FUNDING_BASIS_RELATIVE_CARRY,aa64e1224ec6465fe7577e499ef2960c652c761c19fc493c804904a6fa937ff5,0.496326660512264,True
SETTLED_FUNDING_BASIS_RELATIVE_CARRY,7c762b764d3e479a809597a4e9f535e178ea8795960d725ab8157b60161f43b6,1.131037288503711,True
SETTLED_FUNDING_BASIS_RELATIVE_CARRY,90e02e7eafa56a9caeb2e6beb7caafe7e3ac2010a34bf115980e203198c3de53,0.8249458421946756,True
SETTLED_FUNDING_BASIS_RELATIVE_CARRY,a3ba5baab2df474a806b155ee40b8141bac650c907015fb1db4cee7a42bffdf5,0.4200130431900264,True
SETTLED_FUNDING_BASIS_RELATIVE_CARRY,536ac841914aedd186b616d164c31da368e84d9d37e7f699a4393bc77353cddb,0.131508057321762,True
SETTLED_FUNDING_BASIS_RELATIVE_CARRY,dbedf1d61700b8684cfcf0736ca6e096fdda90941214f1ed2bf7610010e2e64f,0.1372124956062187,True
SETTLED_FUNDING_BASIS_RELATIVE_CARRY,3074bafdb21daed3ae49f01f043bf9d2b4424eb0a18123ede84d7e7707fe4969,1.2104692633078873,True
SETTLED_FUNDING_BASIS_RELATIVE_CARRY,532a1cd1a6c0de6e11bef5e2b59d170796a7b5faa11c7acba19a86e474bdebcc,0.0671624232732621,True
SETTLED_FUNDING_BASIS_RELATIVE_CARRY,9843d838b3edd1cfa29d4b55fb11c84ed5fe719e48576644ecf2cbfc1a81ba0a,0.36602951433021713,True
SETTLED_FUNDING_BASIS_RELATIVE_CARRY,41780b956a252e82116f085c228d0285f5aaca556615d200f8e1b156e9147aa0,0.6828784774836565,True
SETTLED_FUNDING_BASIS_RELATIVE_CARRY,f862a806cc97d7d50a55b90e34dd45a549d3c8e1aeab873c65cf808e3143de67,0.1600109702809187,True
SETTLED_FUNDING_BASIS_RELATIVE_CARRY,f854e77a2f2c597a1699543f32981f4ddb51081e5098389e38a62d735df5de0b,0.47422372492559334,True
SETTLED_FUNDING_BASIS_RELATIVE_CARRY,7a9af325f433f99710bac1127a8a4bd375e69102dad582e3a5246f03932d5a31,0.3414264389042397,True
SETTLED_FUNDING_BASIS_RELATIVE_CARRY,7ab68722795a9c741d190a7e3d1ef586cca0d66ff19484e81f20d7aa6baf7608,0.053568854105751434,True
SETTLED_FUNDING_BASIS_RELATIVE_CARRY,fc21ac97799310605bb2df7678c9110368079ca7235fd6874b50190216623106,0.8003132569629255,True
SETTLED_FUNDING_BASIS_RELATIVE_CARRY,7bb5bc8eda33b2f713ac040b334200d5fac3e51f7772b1bcfdc09836c60b4d9c,0.10041564932371212,True
SETTLED_FUNDING_BASIS_RELATIVE_CARRY,315cce13be265946123ef3e8ee7e59124669914b1fa9860ec9061a67d152ebcd,0.24617430249024713,True
SETTLED_FUNDING_BASIS_RELATIVE_CARRY,6e2d60a3d67aeac51b6816b0307724c022ab4db715dd2181f0f5fd160a43b203,0.1259502671673577,True
SETTLED_FUNDING_BASIS_RELATIVE_CARRY,7cbe0f507bf6f2997c3558d8723b3683b73b06b678e1d398c921d6b17714a042,0.2592578543201596,True
SETTLED_FUNDING_BASIS_RELATIVE_CARRY,47d33b3a086c1f1ebd19666a14cdaf1eb51f78bdeaba785c4224eae3940d13c2,0.13336611162915152,True
SETTLED_FUNDING_BASIS_RELATIVE_CARRY,ffbb84c0cc056478d23d5da9d1fd97b6e04333ea89022e948ac76ca4683b805a,0.13248947999720317,True
SETTLED_FUNDING_BASIS_RELATIVE_CARRY,224de3e1183573bc849b7f0238b1efefdfac79c27e3a6f52a8f436c6bb51aa39,0.21852195799940316,True
SETTLED_FUNDING_BASIS_RELATIVE_CARRY,b6f9c7ca6756b3f6317a625af2f67dca5123e0b400eac7d8ab707b4448983cab,0.2760282366457616,True
SETTLED_FUNDING_BASIS_RELATIVE_CARRY,8d73a616eb0f1410a18bd94269c239c49621c98ee9dfa58c580d9d1146af28e3,0.24001878664942164,True
SETTLED_FUNDING_BASIS_RELATIVE_CARRY,5c225007bf62bc27e8089dd90aeb4f2cc4302978bde304a567266b5d8b1938de,0.4469535063881411,True
SETTLED_FUNDING_BASIS_RELATIVE_CARRY,6c426d2ad639c1d1686764e191f1acb82bf4b3cb4ffcd485578022a4338d7622,0.4498736308639826,True
SETTLED_FUNDING_BASIS_RELATIVE_CARRY,4a63b790bd5d25b0d48ef889af49f667be1bd3c70e0f431a12dcefd281ed6744,0.15380336157816557,True
SETTLED_FUNDING_BASIS_RELATIVE_CARRY,3870c73fe03ee86237044e9e6716236f008e993cd45001273d615c46985a0342,0.05379143685016265,True
SETTLED_FUNDING_BASIS_RELATIVE_CARRY,ce4d0f4e4a41be1170b15ca458155ea1822f4297bce87b4bbc7f0845c75cb4f5,0.748730193638781,True
SETTLED_FUNDING_BASIS_RELATIVE_CARRY,ff2929b699b0b6eb833821ac2d5196bb9f0a6c70feea6237980f5394e15ac76e,0.2857142286003483,True
SETTLED_FUNDING_BASIS_RELATIVE_CARRY,b0c9de2a311409eb21dd68a9a3bce720bd5d47798c5205475d0d02bccc54d15f,0.5767019841347754,True
SETTLED_FUNDING_BASIS_RELATIVE_CARRY,c6d6098336f4c373fa887fee2854690475746fd6bfb82ca96377dd87cc6ca935,0.45231454451487496,True
SETTLED_FUNDING_BASIS_RELATIVE_CARRY,335b19eccfc17d6893392ac52ca41d8333d621dcec08b847a658ef8a3f6036a4,0.8820595337593918,True
SETTLED_FUNDING_BASIS_RELATIVE_CARRY,a8a48c73e11f4722f1201ee3f26a7bf45b5f6c4d2f047159b1fb1b0b692db0b5,0.024924541757635525,True
SETTLED_FUNDING_BASIS_RELATIVE_CARRY,46aa2c627b39c6cba4f0987f597aa6b7dc7a37c12e7ede7800d1d0b73c266dd4,1.4558929952238935,True
SETTLED_FUNDING_BASIS_RELATIVE_CARRY,a8ff803c528487a40d88e0e93c8a752d9e50566677844542f0d210cc1ddbe3fe,0.08340138335667542,True
SETTLED_FUNDING_BASIS_RELATIVE_CARRY,e22872b571944b86e6c54ce0fa2255f3cadf7c824c61e57e71202d18e250d253,0.3249952063770163,True
SETTLED_FUNDING_BASIS_RELATIVE_CARRY,b6db55439a60d2f9477ebdfc27159000514b0a078bef6899a0b84a778a6a916e,0.6509786154784319,True
SETTLED_FUNDING_BASIS_RELATIVE_CARRY,1b44d282a891bf73b4e959c144a48129a05ad609986bfbeaadd2b81d21f12f40,0.3135080235418482,True
SETTLED_FUNDING_BASIS_RELATIVE_CARRY,03e273d0876e7183ac43d123562e946eccd1ca6e2796bd37a0a9898b52a6f024,0.27205086590916316,True
SETTLED_FUNDING_BASIS_RELATIVE_CARRY,716a48aca4500d4233cdbac3b454fd41223b0dc290f03dea81537d2cb6cc3d1e,0.7730670847073917,True
SETTLED_FUNDING_BASIS_RELATIVE_CARRY,173759e0a2a5b00cfb2f900a1b3137d8bba74f3ca4239845fb920db22151ee19,0.27675577987738015,True
SETTLED_FUNDING_BASIS_RELATIVE_CARRY,f9166432f323ac5f3c249935c70885e710d820a362124d23f1726e2c9182bc74,0.8615345607252033,True
SETTLED_FUNDING_BASIS_RELATIVE_CARRY,c3b0020c039a982d13932914e1c7afda4812b343ba3ddd41c4f59380566641e2,1.0330468787194529,True
SETTLED_FUNDING_BASIS_RELATIVE_CARRY,f45f3e651bfcc4ee00a9c9768397e93c8d8eaa06fb5e534bf59738a9a459aa58,0.33615158734854794,True
SETTLED_FUNDING_BASIS_RELATIVE_CARRY,7c0d4ea494d4eb07844811ce39db2c36b5eafe7b723d75bb80e204211e814b37,0.7974422816966241,True
SETTLED_FUNDING_BASIS_RELATIVE_CARRY,4ead3369c618d9dd4287a64b18a0c2ae78465dc1d059792376325e2f976de176,0.0509760840302488,True
SETTLED_FUNDING_BASIS_RELATIVE_CARRY,0ec09b7c46f8100dbf947da47405c50b3ec86f2a1b10ea9964b163eaaff2393b,0.144761685420223,True
SETTLED_FUNDING_BASIS_RELATIVE_CARRY,7466325fe2a49d0f4fabfb3724a4bea96bf1f3c16bd59f53ca18f7ae8f4b99fb,0.14149616032078277,True
SETTLED_FUNDING_BASIS_RELATIVE_CARRY,4ec86baad1479ac8d1d23c3ec045300614b25f1bfa55b774b8c7c5753e4d6395,0.6959775565042515,True
SETTLED_FUNDING_BASIS_RELATIVE_CARRY,4e8c2f6dd5d8cebf1e97d4944b39502004ed30b48d992738bb22c0e2a2076eb3,1.1962022872951414,True
SETTLED_FUNDING_BASIS_RELATIVE_CARRY,c3c01d23a428397271f624a34a9c6360b43b297e127f142146e0aac68440039a,0.6734308365543344,True
SETTLED_FUNDING_BASIS_RELATIVE_CARRY,6b9c32187e2e41e1c9332a4809984c65c758215810107a39628e81306492a7ad,0.924828970079419,True
SETTLED_FUNDING_BASIS_RELATIVE_CARRY,1e1df399d9d604cfacb60ced0e5d8e3743d74731e3b8289a55099966541145db,1.0478541963071393,True
SETTLED_FUNDING_BASIS_RELATIVE_CARRY,4f26664395754e9fdbae30810381a2f124b19bbbcc9cb1ff9a4af2ff90ae55d9,0.6713472992750195,True
SETTLED_FUNDING_BASIS_RELATIVE_CARRY,35b578d8ce6ff84ac37a47fe8bdf5eaa5e133f55eb15f274e8f54069aba002b6,0.16189711607498788,True
SETTLED_FUNDING_BASIS_RELATIVE_CARRY,4c82cd2fd05c5b40b5289a39b4c98ba6ea2094f689137f41b09d35e6d8986e78,2.4357048255387723,True
SETTLED_FUNDING_BASIS_RELATIVE_CARRY,7108fbb2d88d9274ade7470dd43509ac439be475dfd2d0c89369d65acd98ddbd,0.6216313078815583,True
SETTLED_FUNDING_BASIS_RELATIVE_CARRY,6568e9216812e582ab11aaef0cad5fda1b9245d746a0cf9905849db6a020c689,0.9662427354330688,True
SETTLED_FUNDING_BASIS_RELATIVE_CARRY,59a59561c9ffaccf543864a4c436861f128222af6b36a525a01ec7a9dcf51ed4,1.171631805649789,True
SETTLED_FUNDING_BASIS_RELATIVE_CARRY,154b5b9a0cfba93c9eb63574952fbe07cc3014c3fd834ec0f3b00683e68114b3,1.5914713498030397,True
SETTLED_FUNDING_BASIS_RELATIVE_CARRY,65db7642881ec59209469d453f662b2bf2a567362bf20cca8d1363b50214b196,0.2489844425391442,True
SETTLED_FUNDING_BASIS_RELATIVE_CARRY,004c45fc1e4d227d45147146002f53a62e68b974302032e8e7eab12bc7be3689,1.5158379650107265,True
SETTLED_FUNDING_BASIS_RELATIVE_CARRY,5e7b1417e718f78bf7dc0d8878163354c0ee0b26778af61e1988cff8156a142f,0.8210606727941916,True
SETTLED_FUNDING_BASIS_RELATIVE_CARRY,58f61d4d3797a0bc73d590b530e62f470f4b1b952c5fcc9a8bca709a84b4c261,0.5900883106345399,True
SETTLED_FUNDING_BASIS_RELATIVE_CARRY,041ca098345ee79f29d2722ee3afdd38d123ab9f977a140083d4f68451986a62,0.4988468854758311,True
SETTLED_FUNDING_BASIS_RELATIVE_CARRY,ba354fed9825119fda0bd802a9c7da617f6aba301799610378564542e3d9c423,0.4925566266460073,True
SETTLED_FUNDING_BASIS_RELATIVE_CARRY,dc2e560496b8d862f29f173d944901101ebaeb158352d499437358043ce1a820,1.134827358636924,True
SETTLED_FUNDING_BASIS_RELATIVE_CARRY,155433b5c1f0b97477e26e6992c8d701eeb930baae8b38f38c75ecc17c6f0635,1.6337189174010625,True
SETTLED_FUNDING_BASIS_RELATIVE_CARRY,d9a82ae53b712bad2c79800c62f299d5ad491ec9cc2d3efe667e68a7236fbafa,1.1996072750446793,True
SETTLED_FUNDING_BASIS_RELATIVE_CARRY,f4e1272e9678f1dda13ecbd46efdfe4a97f4555469b902d6179752aaf564bd0c,10.310415139027663,True
SETTLED_FUNDING_BASIS_RELATIVE_CARRY,136f95b92f8ec123e17da4f27cd3853b8f7f696c7c64b963cbad70590b705165,0.5868499914444222,True
SETTLED_FUNDING_BASIS_RELATIVE_CARRY,59c530e8b76311f1768ff6fbcca10ecdee51319a63c4a5d0811940d42482d3a4,0.6853069247768288,True
SETTLED_FUNDING_BASIS_RELATIVE_CARRY,cc5a87ca0375e1c7eb8ac2e17c72e40db5625282d7b6b3ee751ac30c074c8bfe,0.2851208738365152,True
SETTLED_FUNDING_BASIS_RELATIVE_CARRY,3364bd6ee1a35f441931e8db7b399986230ab96331afb0c4d26c98c1d591c161,1.1660856500601409,True
SETTLED_FUNDING_BASIS_RELATIVE_CARRY,ad2b37a80cbc40838b67b503ea89f1cd420d1f2b4112bf4bc0b45f96a744a457,0.392587377918218,True
SETTLED_FUNDING_BASIS_RELATIVE_CARRY,2e431c261fb8a65dfc46c8c5e88467e79f6a44a988b1b1b2480cdb88f762e7e4,0.7810957874677021,True
SETTLED_FUNDING_BASIS_RELATIVE_CARRY,395a0b1e60eb7bf6a3698c3d1d552af5f7e4938b58afb7d0a641c2110d4b4f9d,1.1304630086751875,True
SETTLED_FUNDING_BASIS_RELATIVE_CARRY,2f7710f72afb6e6a39187928b6f8ad4eaf2a6c5a89fbb1ee3ca3fd360b1b5b72,0.2791037429183365,True
SETTLED_FUNDING_BASIS_RELATIVE_CARRY,2e920bdb8f4577296a9502ba0bdffb9ffb648b31d87221637453f39d149dfcac,0.238294202107405,True
SETTLED_FUNDING_BASIS_RELATIVE_CARRY,fb10e0a1514678a0e42f46ac9b466d1097f65d0a80d59f909168cb0eac3101d0,0.7734700785334822,True
SETTLED_FUNDING_BASIS_RELATIVE_CARRY,2b2ded16a9b5212502ef711dc001c5e2d7e6b31eb92f47d3a00c12b0e8b388fe,0.3987057601705206,True
SETTLED_FUNDING_BASIS_RELATIVE_CARRY,7ccbb3f2bc914c48267210fe0137c3e8c4f90b8e3c836b55e8468d67072a4a81,0.5656349624239568,True
SETTLED_FUNDING_BASIS_RELATIVE_CARRY,98bf0a3f7c1667a9f7d5a6730d8a046971eae6b6c4ca51360a1e7f571c560c84,0.19131090740769913,True
SETTLED_FUNDING_BASIS_RELATIVE_CARRY,9d26594b4923e1f2bd4e70418c25cf41a9c77c40aa36adf8e712696d67da2fd3,0.24041435701085948,True
SETTLED_FUNDING_BASIS_RELATIVE_CARRY,1a75f3d66d0e0698b34effb1a8d25bb821a94c096806f68daaa823689c54a9e8,0.1281972863540669,True
SETTLED_FUNDING_BASIS_RELATIVE_CARRY,44790bc29a564051150d5b44509ab353f47f2bc4f20026a79c14e4ae9aabe7dd,0.14959062029659478,True
SETTLED_FUNDING_BASIS_RELATIVE_CARRY,31bb9b398b5ffd789855565c2a4663fb1a8bd792645b0d8a68cd974e5028253b,0.5504923917427295,True
SETTLED_FUNDING_BASIS_RELATIVE_CARRY,d9a1292eea7dd650489d0f148d26cf5b4aefaf102c9370b2e5153992982d9f6d,0.26933989313144124,True
SETTLED_FUNDING_BASIS_RELATIVE_CARRY,6dfeb5f8565119f3e94868a795ed6b1454103212a53d7c1c6254c10fcc4f143e,0.19794538162727693,True
SETTLED_FUNDING_BASIS_RELATIVE_CARRY,73ad37e75722b919bfa9fd4ad0733a2809c6b58a259d4d4c5ddd29d5dfa8fe0c,0.6399238560109588,True
SETTLED_FUNDING_BASIS_RELATIVE_CARRY,dcd12491e162b8deafb03610f9be37d561f54d61f3e70f713cfa3f3ab8372afb,0.10670196791511583,True
SETTLED_FUNDING_BASIS_RELATIVE_CARRY,61d9840c13e98c7f56139f9c0c6a66ab4df6c653323d20dc953ac4a958be1178,0.3555937249902835,True
SETTLED_FUNDING_BASIS_RELATIVE_CARRY,13ac9c2a404b838594391c57b02c0e3a2f7034de2445414cfae38dd715736ee1,0.7457190524124185,True
SETTLED_FUNDING_BASIS_RELATIVE_CARRY,ce0b0c5c6aae17080dbd88e110a0d3032c1b1772b5d39fe8fe801d2b8782f03e,1.5579143195241536,True
SETTLED_FUNDING_BASIS_RELATIVE_CARRY,7af4837bd5e0c11616d61b9307c1aa33d0323bc04ef4696995f9455328bb30a2,0.387061258438221,True
SETTLED_FUNDING_BASIS_RELATIVE_CARRY,e1f5daea36efd1a5d1a7f463cd69c43a0e42816e35444b313e3d0a4f64614219,0.3341258093361532,True
SETTLED_FUNDING_BASIS_RELATIVE_CARRY,f4044125c345963ec293b9d484f06e2e06eadd1a485bc44ded07259dabdb93f2,0.12516334565879184,True
SETTLED_FUNDING_BASIS_RELATIVE_CARRY,badc02e8e55bc564978f5336045c84d66085f09644985c9e907e09d8e26901e4,0.24438816166158303,True
SETTLED_FUNDING_BASIS_RELATIVE_CARRY,09ec5e9c28dd4f630372fb39d592b36bd00596470f256d3ee9f958c95ad66201,0.4037557160195955,True
SETTLED_FUNDING_BASIS_RELATIVE_CARRY,261954cc9492e177ea347c2ec2d77eb5302811c8c15c581915ca672408314134,0.3272020640891521,True
SETTLED_FUNDING_BASIS_RELATIVE_CARRY,17e6d6a067ea23fa7fbbb8ccdbe305a1df82e5eb449595bbb5ebdb8f6a9d9ed2,0.258668420098127,True
SETTLED_FUNDING_BASIS_RELATIVE_CARRY,5655a859fc0a7709ad4d4f77b037035ca4630d681e56e8b2de3ac3162cb7e82c,0.43433453780317044,True
SETTLED_FUNDING_BASIS_RELATIVE_CARRY,77add8a48864f56c0f52f5ee31e24669954a1edb5a5054acb95cdf3cf8a3fae4,0.061906785554873375,True
SETTLED_FUNDING_BASIS_RELATIVE_CARRY,1c70bf3bf9785a9403a8ff08c50b4f888f4b2b68a2e9c8584bd811d3875b91b1,0.21654203349327017,True
SETTLED_FUNDING_BASIS_RELATIVE_CARRY,7778c9e3ecf184f9586afead170862457edb3e0c07cc88bd19d837823a79e0ee,0.9286965335507474,True
SETTLED_FUNDING_BASIS_RELATIVE_CARRY,953fe452f0bcebfd01a05e0ad2d21ff41450f0429787a2c23d26e1eaca563e32,0.13312407461558676,True
SETTLED_FUNDING_BASIS_RELATIVE_CARRY,9079df195a17fb70b7c08ba6a2d823743c78747e7733f382e70b6f9589492696,0.8515771967961575,True
SETTLED_FUNDING_BASIS_RELATIVE_CARRY,c6507a31c4ecaa24ba1fd890b9358442c172f62103d56967c90c0b8073da9100,0.24653917194905298,True
SETTLED_FUNDING_BASIS_RELATIVE_CARRY,756ef7d4be11a7e0dc03c0db18719693a9121799b30274a63e308361c33d8eeb,0.1281288722960836,True
SETTLED_FUNDING_BASIS_RELATIVE_CARRY,decb04ea2493218b815201ba151b91ab964656117784a15a5e8a55f7f9c97753,0.18441558106741068,True
SETTLED_FUNDING_BASIS_RELATIVE_CARRY,d968da915c32f9d82020be35bcbb849aae23c6c0d6215365386eb4236373d879,1.0596576327251137,True
SETTLED_FUNDING_BASIS_RELATIVE_CARRY,9279476de3a28c05f2cc497537492ed4cbd63eda4088efdd44985ce90c7afc15,0.5289285286557045,True
SETTLED_FUNDING_BASIS_RELATIVE_CARRY,594b08bd5c9fc27ea50f58e2112a56ac05632bd084d626b6ccdac3c27605f5c3,0.9027410383506741,True
SETTLED_FUNDING_BASIS_RELATIVE_CARRY,480dbea405ffce5c8758f817a38ea8dd993a21b1e41775e79970532a6108cdef,0.2606387251974753,True
SETTLED_FUNDING_BASIS_RELATIVE_CARRY,6e9a8b9536ec2d7959f92c554855aafa2a37ee5da9e71e3e3e4e464cf65ff490,0.5773149134145752,True
SETTLED_FUNDING_BASIS_RELATIVE_CARRY,52c74a04d2807aa8fc22760080ee056bf33ce59c8e1848b90e068188c4be25ad,1.1110926996478672,True
SETTLED_FUNDING_BASIS_RELATIVE_CARRY,b24572c0f61c58161011d27e7c8075bbf5774dd758a9d12a547fe523f19c40a5,1.0805888085125352,True
SETTLED_FUNDING_BASIS_RELATIVE_CARRY,37eae47d06b0468f7ffa8f8ac7a5a0b84709173f1fce9b0ac698973c991d7334,0.4406751279694872,True
SETTLED_FUNDING_BASIS_RELATIVE_CARRY,3e4a0ea5042104d70cdd76a88e3f1a09eb408cfa13de1c5badc5f9c1834dab53,0.10115578797616871,True
SETTLED_FUNDING_BASIS_RELATIVE_CARRY,7217c894dbff93eeeb1125896fcc9b189a2441d792ef5b260dbc1398c2a0abc8,0.22367119193695628,True
SETTLED_FUNDING_BASIS_RELATIVE_CARRY,18e37a7519187ef774e77e7f963fcab2249c7a934d1ef0a0b79d879dad39572f,0.6461676834069354,True
SETTLED_FUNDING_BASIS_RELATIVE_CARRY,12035ee4593731f93f9201625e4d6f05543c8ea5816564eda44f2862c52a6751,0.06483153964310341,True
SETTLED_FUNDING_BASIS_RELATIVE_CARRY,191c822694c5cd3d24857d083be5c71c14c297d59a515a9c492b09ede021e369,1.2183279239315765,True
SETTLED_FUNDING_BASIS_RELATIVE_CARRY,d4fae692ba5233d88774f058e56ddb3360d1033e94e85a7780b4710448f2bfc7,0.27371317676693585,True
SETTLED_FUNDING_BASIS_RELATIVE_CARRY,d758ba1a2f3b6ff9017387b61d0650b5e610135f3f7760116fa771868494593d,0.7258192420676371,True
SETTLED_FUNDING_BASIS_RELATIVE_CARRY,a897acb00290269150f819fd21a52c72c959ff498f44ee6a1290cc883475b6ff,0.06666037332806714,True
SETTLED_FUNDING_BASIS_RELATIVE_CARRY,2339249f4ae3b0f6281678a0660762d5d8c9780533d0e0b403e0c40d820c0af5,0.2661058462154613,True
SETTLED_FUNDING_BASIS_RELATIVE_CARRY,292b28e0ed3ffb1aba99bda94ee17d99a317638caf507f97395d972e593b56a1,0.07173874342892093,True
SETTLED_FUNDING_BASIS_RELATIVE_CARRY,b0da1d58b23a335dcdc5a0990fe1e68917b6b2c31f9467549dda0004dd5b8091,0.10190684580964228,True
SETTLED_FUNDING_BASIS_RELATIVE_CARRY,afe6912210468d54c6277a6f4f9b19daa48fc9b33e23750e9f3d20090667933c,0.04601489411680775,True
SETTLED_FUNDING_BASIS_RELATIVE_CARRY,f28a934d8da4dc9a71f26a13fffb06e8868a63e02dfd639782ce8a28ff9598c5,0.08465621618599724,True
SETTLED_FUNDING_BASIS_RELATIVE_CARRY,7af5c4748a3d59198c871d627d89a5708ea5efa6c2b9c4dac6ac42a50935d2c9,0.23417211633129278,True
SETTLED_FUNDING_BASIS_RELATIVE_CARRY,d28c0ec83f97a121895559e449b8e0ccf8af8ccc929d30e350196abb98c306b1,0.6691791479241734,True
SETTLED_FUNDING_BASIS_RELATIVE_CARRY,14b06c220b49f91e1a4ebc691528cf189f49f69430662800f3fe0aa02bbfff01,1.075491386600284,True
SETTLED_FUNDING_BASIS_RELATIVE_CARRY,b77728f2d9ab8a36534b5cc83a4059abaa74079d826b1fd1e7a7f81bee808539,0.1149029863877731,True
SETTLED_FUNDING_BASIS_RELATIVE_CARRY,b75e3c16b8906262ed9bb2b5860e14ea7f06f749a2fa856aec5c616a0ef8e604,0.1644823397047444,True
SETTLED_FUNDING_BASIS_RELATIVE_CARRY,32d2fc3d9a70f7430d3180f19aaddbe849a17d82e0dcf06f6ec06435a045ec44,0.32232120534409897,True
SETTLED_FUNDING_BASIS_RELATIVE_CARRY,c278bbe354ecfd45840424197eddb5de39218325296fafad328c5b8e452a7aaa,1.0979794560571945,True
SETTLED_FUNDING_BASIS_RELATIVE_CARRY,a46df8e4d5579c46b718ab4cf95bc5561561901991411e14b22f544780e00f47,0.05053161920382251,True
SETTLED_FUNDING_BASIS_RELATIVE_CARRY,6b9d087bab459f936c75016b9e4b6ee95aa6177ef396fcbd953748d29b5f72e6,0.748711826720004,True
SETTLED_FUNDING_BASIS_RELATIVE_CARRY,9ab0b252d9b91d66d364450bf4a6dc13afaacb62b25ec192bfb2c89d9806d5fb,0.09398463955549574,True
SETTLED_FUNDING_BASIS_RELATIVE_CARRY,a6f465c111c29453da1d859eb9f7be64e6e88d638ae5020c4dd58ddd5b4dccab,0.16062908370782486,True
SETTLED_FUNDING_BASIS_RELATIVE_CARRY,f34ea97cc3508d304f61497009efe7080f7720f1cb3e224b47d820d585bc51f6,0.4548321214077297,True
SETTLED_FUNDING_BASIS_RELATIVE_CARRY,a1070a76592d89fb199b447d3fa755a9973cd9341129c7340a846f8b43342ab5,0.5115376805718104,True
SETTLED_FUNDING_BASIS_RELATIVE_CARRY,70575adaf2a6d4d3f103b86c34762592451aafc588fdebb5053258d509fa8f36,0.4762996912676185,True
SETTLED_FUNDING_BASIS_RELATIVE_CARRY,f0a1b65a68ce969857ec31896a7ae6c41c602d0ece7e6500800839b19cc03dab,1.0802174067438504,True
SETTLED_FUNDING_BASIS_RELATIVE_CARRY,25939311ac720ddbb4784a8232db6eaffbfc43b702e8be6449519c8919ba8984,0.9094235460078969,True
SETTLED_FUNDING_BASIS_RELATIVE_CARRY,9c7d9eb65077b340cb993565150c2e64b56e1f74823b140a892b3eada72fa562,0.0628662493388117,True
SETTLED_FUNDING_BASIS_RELATIVE_CARRY,f4c47eefdb7ec6991a6d3ffe5c89d1da6a34207f78e4756e1c6fb9e2a33ebaac,0.11206316934455506,True
SETTLED_FUNDING_BASIS_RELATIVE_CARRY,fe4cc13d52ac0c45f6a4564fa07b4291baca8d387a834475f309eaab279523a4,0.2783773345579217,True
SETTLED_FUNDING_BASIS_RELATIVE_CARRY,545642bdc79a0832713772ed9e9f8f60cad3e87bceebaef024cc89e2d3817e13,0.22673396024968706,True
SETTLED_FUNDING_BASIS_RELATIVE_CARRY,c21e22616ba9759ca2296584c57f9a2f1db9db3b055015a787e4a71aa44bc54b,0.4352676772115085,True
SETTLED_FUNDING_BASIS_RELATIVE_CARRY,e67c2e666ce188f0e87057464d78c40980509fec119f326fbea5910fdf12d6fd,0.39322390923031625,True
SETTLED_FUNDING_BASIS_RELATIVE_CARRY,9a4125d29819ae6ee270265850d6e0caca651bdf214d3449e5d8ef42439ee49e,1.1873589357261247,True
SETTLED_FUNDING_BASIS_RELATIVE_CARRY,eb7e6ee04f08974fdd47280a8b90109314717ddc3e9a98ff12d5c1c007fc9a94,0.3488357776403561,True
SETTLED_FUNDING_BASIS_RELATIVE_CARRY,fc9b3da4e8dd62c12b40bcee91ce079b021fc293b064d9e93eb87be48f5e8c57,0.21520709635673274,True
SETTLED_FUNDING_BASIS_RELATIVE_CARRY,4a340c9ea90dadccf9ee20433e18b7017a5284e8a99c4459853d53165b4d9885,0.7130240718502672,True
SETTLED_FUNDING_BASIS_RELATIVE_CARRY,fb362c48815f04ce688ceb6d9a62ca7e8fb271ee2d9bc274e92abfc39f78b3ea,1.3723790660384376,True
SETTLED_FUNDING_BASIS_RELATIVE_CARRY,611549416250ed87c3e5786a3518607de51d69ceb9c49dab81482aed4c494bca,0.38396665236977956,True
SETTLED_FUNDING_BASIS_RELATIVE_CARRY,6c5cd676ef45b0a1711e5ee050cbf70840c4991f34cf22bc66d0bcffda6c269d,0.03182355902727516,True
SETTLED_FUNDING_BASIS_RELATIVE_CARRY,e8a3425254c960db7411ac2df36dc4d084dcc2e02fd5b884b47b7eb5ef8bded9,0.24497745831557755,True
SETTLED_FUNDING_BASIS_RELATIVE_CARRY,96b00bf5b96dc440214a0b2b614354c7af8a52e43c095cb997688d13c55df59b,0.2121043532229423,True
SETTLED_FUNDING_BASIS_RELATIVE_CARRY,9d8c31723eb86c66ae722916ae509264230e62cabf721024d1db6a1855bfc567,0.09929140355069407,True
SETTLED_FUNDING_BASIS_RELATIVE_CARRY,349ec6b11edf6e5a316ed982e6057d6958a3ca6712dafb339bf6797fd079fd0c,0.3346749277187352,True
SETTLED_FUNDING_BASIS_RELATIVE_CARRY,e7fb60a3c3cc989ed0799d85cfb0799f1e60b3972cfeb7277e0b80f3f5b0022a,0.05497350280942942,True
SETTLED_FUNDING_BASIS_RELATIVE_CARRY,2ce1772149716300b88ceaff1dd842272f6e25e6e5d24a18af7fe6840a5725bc,0.06214172522900355,True
SETTLED_FUNDING_BASIS_RELATIVE_CARRY,1e690d2015c7bd47ac7cc1a72015acb692d833b62099d94a0c20720aeb9baeca,0.31700908270984685,True
SETTLED_FUNDING_BASIS_RELATIVE_CARRY,1eaa3142affd50ae1c7a9721001cf8e1d8a880e6807459482272368b84750bcc,0.5236205336218676,True
SETTLED_FUNDING_BASIS_RELATIVE_CARRY,e06b544019295d4a8d96d52faa301b1cd042dcf45ce20c76d4f6d1a2dd0feec3,0.0876761797583132,True
SETTLED_FUNDING_BASIS_RELATIVE_CARRY,88de5d7976ae5de4af20b580e19259e2ab230f830738aaef0bf739be920f9480,1.0003744127383287,True
SETTLED_FUNDING_BASIS_RELATIVE_CARRY,dabab2add5e1422a32974d128b04a3bc0332ccc7bd4113a77b3bb28f04b2726f,1.7334410426315137,True
SETTLED_FUNDING_BASIS_RELATIVE_CARRY,59678cef4cc3510b85e0f015fc7dc5c6abbfba5e3bbf5471eddac85f861110ec,0.2567963845524895,True
SETTLED_FUNDING_BASIS_RELATIVE_CARRY,83212c8718236b0f307304582c5dafac1d7c8b97a48ac648d6216b71ab273da1,0.22811513581534584,True
SETTLED_FUNDING_BASIS_RELATIVE_CARRY,3ccef305002c6513501b39d5adf355fad1cf0fda1c6e2d6349a4e583e374608c,0.2053674557230173,True
SETTLED_FUNDING_BASIS_RELATIVE_CARRY,c9654eb8a2103cf88d6ec2a93409c98616179d7368c926c356def9db97a8cd6e,0.05654399162067386,True
SETTLED_FUNDING_BASIS_RELATIVE_CARRY,1335be9898c8d1b7ad72983fe058d1c65c410fde8ff147b91ab905ac56c2b154,0.3230712160975309,True
SETTLED_FUNDING_BASIS_RELATIVE_CARRY,573b4c900915f558c74ab15645a7dc709019fbb03a289f22b1649b6729f7ac93,0.08773682604087298,True
SETTLED_FUNDING_BASIS_RELATIVE_CARRY,0440e2eec37180ecc30e0950d40fa52c688d4fa052aa8f21763bb2e31652a62a,0.26703103683148827,True
SETTLED_FUNDING_BASIS_RELATIVE_CARRY,cce3b91f5fccb30b3636503f86bdd85192c4fd4cf06bac26b44f1ec144df5e98,0.5650688581821083,True
SETTLED_FUNDING_BASIS_RELATIVE_CARRY,761aacd35d01f6dd7768b2f17060b4020a80caf20d1e465256c9c12068036c42,0.32083669482567495,True
SETTLED_FUNDING_BASIS_RELATIVE_CARRY,7c6cc7f40909286664409606490ac42da9e27e8d7ef3bc6e8856a442978f181c,1.1248125429092546,True
SETTLED_FUNDING_BASIS_RELATIVE_CARRY,8e2f75fea00e25ef7a662a99718f1295efec9de0322157afd9e7404d34cb3919,1.0628326459901114,True
SETTLED_FUNDING_BASIS_RELATIVE_CARRY,1fdd6c69e37d1a7fb222cfc129155f5b19c6875a71f7f8a7a18fbbd91abce500,0.26510576709193945,True
SETTLED_FUNDING_BASIS_RELATIVE_CARRY,2d3b5b04d471f05bf357e8f4b66d4ace37a656eec67e7a7ced6f2f51dc2c7069,0.5931272207641521,True
SETTLED_FUNDING_BASIS_RELATIVE_CARRY,31c2946eab9a3b624f4e631e492f982eee5ce22a546568dd08590f5e45345aad,0.17258892853204472,True
SETTLED_FUNDING_BASIS_RELATIVE_CARRY,4909a4b07a05f081e5a98afadc7b741ee3e30a4468f22d7717bf505e751c0fec,0.24611511477485126,True
SETTLED_FUNDING_BASIS_RELATIVE_CARRY,fc86b3aaee83f445de3d6ea5b8c2e4e91fcb22f15a3ad4418a14ebf1859c4bcf,0.08913798267956216,True
SETTLED_FUNDING_BASIS_RELATIVE_CARRY,da76aaf4ef82ab2445c15f243ade940928113780f1806d7a3920fbf63652b08c,0.31508207757559575,True
SETTLED_FUNDING_BASIS_RELATIVE_CARRY,e93c9570ff73331b7993de13dbbac90392c7533cb4df996f4b3b36c9193b333d,0.24999545923632985,True
SETTLED_FUNDING_BASIS_RELATIVE_CARRY,60a931f8e5449bc440b43fb368f6e041f962a33cc22bc0d7c3cee173e0f5b9b0,0.7008373425785624,True
SETTLED_FUNDING_BASIS_RELATIVE_CARRY,18a8116e9388a72c09aa70446dfbea6b26c3e2a3ccd45b4efe8203fa78a80868,0.11914648575216968,True
SETTLED_FUNDING_BASIS_RELATIVE_CARRY,29b6a3709699bc02e9253a167f56f7cc1e77d635feda3c831d7e3e9768262dc7,0.27524133669178524,True
SETTLED_FUNDING_BASIS_RELATIVE_CARRY,d5ef521f4dac1ffe531ea5e76524c711c0fbdaa846dadf5c7c4a9697f2d5afaa,0.12007501057192244,True
SETTLED_FUNDING_BASIS_RELATIVE_CARRY,1e0a7c1c0eb558bb220f1d7aca6417e0ff85826b4c7ca50f6f95ebaded3671ff,0.18293500628694123,True
SETTLED_FUNDING_BASIS_RELATIVE_CARRY,92b3337ab7a5be654cdb7eff786609b2f158ac28681ab14d3d943ea078de458d,0.40214313415681097,True
SETTLED_FUNDING_BASIS_RELATIVE_CARRY,62277b9921b4bb767829198d4e6b7e0d6af0fbf86af621925c80a91365f7e225,0.1349851205551492,True
SETTLED_FUNDING_BASIS_RELATIVE_CARRY,33ac15678e263254d023ca60de78d10aee5298b28761745db0a76a4e8f43a4d1,0.4094829128124493,True
SETTLED_FUNDING_BASIS_RELATIVE_CARRY,68d3ab7a74da7aa91071c656d1a29a7cb6e2beef928fa55e279d55d25679720c,0.06651915707039989,True
SETTLED_FUNDING_BASIS_RELATIVE_CARRY,947cf414d230d470ace7dd1e0f5c9779b67c59a3083cd28232573b84c6dfef26,0.10818826183902085,True
SETTLED_FUNDING_BASIS_RELATIVE_CARRY,ffd681048fff888d313e4fecde2eb3e38785924001051124d59c42b3fc5b127a,0.08648447882328139,True
SETTLED_FUNDING_BASIS_RELATIVE_CARRY,26ba78739c7d104c25933397ff41ac7c286cd7d3dce6dc4c917c9afea3460432,0.10604607147966902,True
SETTLED_FUNDING_BASIS_RELATIVE_CARRY,9a47e51f36d024e947c375e07f470ae6e8ec89594824b5a42e15dd6a3a9d9f31,0.10410834415627729,True
SETTLED_FUNDING_BASIS_RELATIVE_CARRY,9f82799742f875c718be488887220ba5d5c7b89862d226d216196b0c095c2a2f,0.43687914881894413,True
SETTLED_FUNDING_BASIS_RELATIVE_CARRY,698648fe409dd6f86f1b1c5f7399419a07f5ae780ee3d3a763c7ae6c7e235766,0.22083633235519912,True
SETTLED_FUNDING_BASIS_RELATIVE_CARRY,74c85fc75049b75fe77631ea097a6bc7189b23fe111862004c7857123ab37fad,0.09995328086259467,True
SETTLED_FUNDING_BASIS_RELATIVE_CARRY,10f514f17eb1a3334f7289141344c0def05cef2746bbec999489f377a9cd542e,0.27177861300304096,True
SETTLED_FUNDING_BASIS_RELATIVE_CARRY,0a08734c529bf9432c695d1b08babec36c28fa3a13f81ebbbc7db2ee6d8acd6f,0.12729805616392512,True
SETTLED_FUNDING_BASIS_RELATIVE_CARRY,d533823afcbc1348af8a55109f425e33f5997f8d0aebc5a7966a6101551bbf28,0.3309354398723681,True
SETTLED_FUNDING_BASIS_RELATIVE_CARRY,9dc64a6e49662d05474c965c37d3d79e4afbb9d79513f8af95c7d343ad544795,0.11306253176924372,True
SETTLED_FUNDING_BASIS_RELATIVE_CARRY,64e76cb5c0411647981c870f17104c74eb80d68d108a81f53dd3165fc67d7663,0.1304788644411761,True
SETTLED_FUNDING_BASIS_RELATIVE_CARRY,6daf2db378994af2f67d34ca43ae5df9e5320f328257ce694f74c38598c53206,0.11865514224380672,True
SETTLED_FUNDING_BASIS_RELATIVE_CARRY,4e3034ca7ebd122c4606638b9416109061ff454700f4759bbb34b2df09bf7761,0.09535033132390529,True
SETTLED_FUNDING_BASIS_RELATIVE_CARRY,dd3b17916629ab313559448e84072e4b62bc39e99daea75d6fc09e9d3dde673f,0.19327539279296246,True
SETTLED_FUNDING_BASIS_RELATIVE_CARRY,dbff5d471f649b6a3b4a02c94eb4ccfa10a49e0b537862d6e396bc6f51422b6c,1.4664207724465552,True
SETTLED_FUNDING_BASIS_RELATIVE_CARRY,5d9936a052fd7eb0bf72fde860db25c6e44f283bfcd6879dff55334172521454,0.1972806257010948,True
SETTLED_FUNDING_BASIS_RELATIVE_CARRY,6bfdc551c729395b5034b5ca1fa3394c6166c546d56e1ccbf07ac1850023626d,0.18646613375589038,True
SETTLED_FUNDING_BASIS_RELATIVE_CARRY,e3a3275e4044c12f9bb16fd16597c5779e2b85ce4d98c284ddda4791ed73a01f,0.40823868605705294,True
SETTLED_FUNDING_BASIS_RELATIVE_CARRY,d8c5733fe780ddefe46fbb2e87592d2a5f2b22d81968f428d9c38ebcc0e2ebeb,0.35330924912339623,True
SETTLED_FUNDING_BASIS_RELATIVE_CARRY,765ec1d10e399269394bbcdca75315a5c9b03bbced5b4cc1ff50efc1eeab80bf,0.6172306249083817,True
SETTLED_FUNDING_BASIS_RELATIVE_CARRY,44937ea757d54ff38f3fe771933e369c67d8b247ad28e0950ae44cdf397ea826,0.37939169209365264,True
SETTLED_FUNDING_BASIS_RELATIVE_CARRY,20dfc83f7f3354c8d8d940afda7e9bc1ae8616b2bdb93622e157d23a9e0742c1,0.2204117699013914,True
SETTLED_FUNDING_BASIS_RELATIVE_CARRY,759fc043c32dc3dbd6c54ff3d532b285b53ba4d8811867ea5ef444fcd903ec64,0.07956697171924774,True
SETTLED_FUNDING_BASIS_RELATIVE_CARRY,a43d0c65af3df765a928c1a7f5242c34da9189015760b8c85cda24b8a51a63ff,0.06960792305854184,True
SETTLED_FUNDING_BASIS_RELATIVE_CARRY,cb0c4f325ae3e2229d9d6b43182f652c355b53816018486ba35586bc143251a3,0.07068822609103687,True
SETTLED_FUNDING_BASIS_RELATIVE_CARRY,101c96bed31c60488fc86fd67b532f32a631bd05e680f57ed8e9c18b721a8fd0,0.1663277178250359,True
SETTLED_FUNDING_BASIS_RELATIVE_CARRY,8039df59b35dd390c8d2f33256a3fbdef9bb0592173cf7bf971beaa3c69f24c2,0.05802651480407831,True
SETTLED_FUNDING_BASIS_RELATIVE_CARRY,9102876ad2afa0817e07b3f7a36015820cf64cac812ee16716da44c2b4992fc4,0.12728300972134987,True
SETTLED_FUNDING_BASIS_RELATIVE_CARRY,5b292ab02c081113d9f0db0225c3e57cc7a322f930dafaedf4465516c33a37c5,0.3728322397480111,True
SETTLED_FUNDING_BASIS_RELATIVE_CARRY,0f2fcc889e0250884783b7dd2f9a3925dfb3760249d2f36aaa616de1559fa320,0.19838854904417488,True
SETTLED_FUNDING_BASIS_RELATIVE_CARRY,4be2a244349c54c8771601409ccf3b65ce0bcf48328b5e0554bd8cb731058923,0.539694159968042,True
SETTLED_FUNDING_BASIS_RELATIVE_CARRY,921d0fac832c2bdc7a5711085ccd0ea84c27bb3c091662ea94acd2d336e3200a,0.7365372839299429,True
SETTLED_FUNDING_BASIS_RELATIVE_CARRY,81bf9ddb2f2e485f9f1c6cee6baa64e80bc7b23abd450fbfd156953c7211a725,0.06360603466459476,True
SETTLED_FUNDING_BASIS_RELATIVE_CARRY,93e18996d56ec5642a2d7bb40dfcb7b9a446045c79c242393afcd46701ef2921,0.08923442796222422,True
SETTLED_FUNDING_BASIS_RELATIVE_CARRY,14923b6a0022075d69e82a88d429da86e614f1cd85cb3795607d23a7cc994abf,0.06619773658768378,True
SETTLED_FUNDING_BASIS_RELATIVE_CARRY,02a8e0ba62ab51bd0e96ea343e152b4c5d01dafa04d89fc7c1dab29ee61fbbac,0.13330319198315976,True
SETTLED_FUNDING_BASIS_RELATIVE_CARRY,559266603d911693b42ea30d3dffd9bc1e7d0e8cef7cd3de4f67d474056cabd8,0.08493645699981665,True
SETTLED_FUNDING_BASIS_RELATIVE_CARRY,02844435c6de8ff76f39ad9e0ab654656a4dfb6b382f7813c77ab3823e84fabc,0.24142828555741505,True
SETTLED_FUNDING_BASIS_RELATIVE_CARRY,24481b7a1533f37a1b339f02391c659b75629e2792f4ca0e16989fcc07c9016e,0.3450945858699065,True
SETTLED_FUNDING_BASIS_RELATIVE_CARRY,c9bf1e2ec621e4557ab31b2f213d0344df50e8f24673cc2081e4e45ba9188e7a,0.3248570907565443,True
SETTLED_FUNDING_BASIS_RELATIVE_CARRY,3a07cb5d673751a49ddd5a8e889f4f82e635c334e13d32c47d8e4013c1508b20,0.06253482522543923,True
SETTLED_FUNDING_BASIS_RELATIVE_CARRY,cb6acf1b7025006df0a422024de4c126c85412cfd71d79f41ecea59e6c711556,0.5405442539104671,True
SETTLED_FUNDING_BASIS_RELATIVE_CARRY,8ccff3d86393005a1bf9ae01ee6631efb52fd775e715835c9adf892bed0f0388,0.3476269634527896,True
SETTLED_FUNDING_BASIS_RELATIVE_CARRY,33dea7c61445d36c619564946cc0073c15c633dee0b329d1279327b46a1b01fe,0.9658283134812823,True
SETTLED_FUNDING_BASIS_RELATIVE_CARRY,38d59d85e43666f93fb63bd2fe8d8faee37d1a05e635a74ed64fefa5f18dfa05,0.36358927834306853,True
SETTLED_FUNDING_BASIS_RELATIVE_CARRY,50eda3bb5a490cdc007452cc590ac6676b9668219ecc8086ea6bdbbb82f6ed01,0.12310625972185303,True
SETTLED_FUNDING_BASIS_RELATIVE_CARRY,ec5e0556890c72a5209f14135809862324ff9c5a2e2b9f4156f3e0474839e779,0.33526061684658387,True
SETTLED_FUNDING_BASIS_RELATIVE_CARRY,9a941732a6f374ef3424e0208a5dd065222c40cb2155da80d8192d90f94ecc57,0.10328596987680108,True
SETTLED_FUNDING_BASIS_RELATIVE_CARRY,361f78d1deed7397ddce009ab9384aff855c3cd1a45ba453cc84334bfb257347,0.06356572535592621,True
SETTLED_FUNDING_BASIS_RELATIVE_CARRY,816e417f3c3ec831c333d9f4bf1826a2719cc014ee028ac8511e8309a34e5567,0.07780642104347302,True
SETTLED_FUNDING_BASIS_RELATIVE_CARRY,6f1bace5f2794ebac58c5a3bf561b1532866e47458748b69972467de2aecb972,0.20795937511859725,True
SETTLED_FUNDING_BASIS_RELATIVE_CARRY,f33f203029cd15fa5dbbaf5e305d120c89ca0c4a35e65e54e6230fed76dc29e6,0.1535517459719746,True
SETTLED_FUNDING_BASIS_RELATIVE_CARRY,2710b4adb3d5b5e4b97315183002109bd41d48993a631103f80feef4e875218f,0.33045012392893214,True
SETTLED_FUNDING_BASIS_RELATIVE_CARRY,1f002232a85bd8e9951df89dd4be5b81c851cce79834981a493b774eeb2668b4,0.07269020794408487,True
SETTLED_FUNDING_BASIS_RELATIVE_CARRY,787e60b9e91d0626178ffec0ba06c8fe6b0042fac9d9840a98c1c2fd39fdfe5c,0.3587436659023637,True
SETTLED_FUNDING_BASIS_RELATIVE_CARRY,264da6c993258f2a1389b8742ee4016059e5a4f9987778c9cdc9a04e7257fb26,0.16560738276933862,True
SETTLED_FUNDING_BASIS_RELATIVE_CARRY,b55af38116c94a11ff6bd76e7e6ef4e50ba81acfb194cf6da41e971919195ffd,0.2657650088666201,True
SETTLED_FUNDING_BASIS_RELATIVE_CARRY,d3d9397c747b399dc98b90fa9d42dc8676252f957303db620539b84bd997428a,0.06121357210362038,True
SETTLED_FUNDING_BASIS_RELATIVE_CARRY,86a64555cff5e2a7c322e495173414f95e76b866dc3b85c0a6f1dd5fdabd7be3,0.17841875455900516,True
SETTLED_FUNDING_BASIS_RELATIVE_CARRY,af036986d0838e39eb58d50503c083e38a98460de2260f0fd20705d1cbf69a83,0.20048677854085958,True
SETTLED_FUNDING_BASIS_RELATIVE_CARRY,23f0d2ac48bad70b77a5ed4bcb9ab6986c0b965d9282b66e15d620b18688361d,0.22194240774156276,True
SETTLED_FUNDING_BASIS_RELATIVE_CARRY,a85f1ff731c7d98a9338657ef079c6865fbb6e3ae4e50627ea1c513eabca4ff2,0.21926110507124263,True
SETTLED_FUNDING_BASIS_RELATIVE_CARRY,f2d2a33ba72afddf0d7dcb6b32af569335874a1dd06889acc909da8dfaa28451,0.30794699095968586,True
SETTLED_FUNDING_BASIS_RELATIVE_CARRY,4abad6d6356e08c621d9d51edb4b512bff3fdc3b6219ac3559fb8c74e9e3d73d,0.25670598357563656,True
SETTLED_FUNDING_BASIS_RELATIVE_CARRY,8b8d461aae4f0b71d65f4513450ab5e7126b70a3a19d464ccd48241edcde2d42,0.4246482857728588,True
SETTLED_FUNDING_BASIS_RELATIVE_CARRY,d27000f555cdf7389f8b22ee42c9f5c89f2d9d074cc8856fa372ba1e93d8a336,0.1671518313382043,True
SETTLED_FUNDING_BASIS_RELATIVE_CARRY,e69473c4968707a8aaa89da01097cddd4b712026e6931d065bebcdf0b2df8a7d,0.10883049883047777,True
SETTLED_FUNDING_BASIS_RELATIVE_CARRY,940f17dfc39bf6d0410fe8425a6160ff80693eb8d13d05535b308f25fb5998cc,0.0475074508261376,True
SETTLED_FUNDING_BASIS_RELATIVE_CARRY,d1e31f041a08f84ee9aae15019462ba47860bea2856fae45b601d3406ba80b1a,0.01901296219286736,True
SETTLED_FUNDING_BASIS_RELATIVE_CARRY,b1c748151ba35481d2ea80320b356bc880a317444a489449a66b4011dfe6bca8,0.029454048189565107,True
SETTLED_FUNDING_BASIS_RELATIVE_CARRY,7848c2d4a6c88527b47a5ff2962357156cba205c6647684a793c3031376a77d4,0.037946630510148883,True
SETTLED_FUNDING_BASIS_RELATIVE_CARRY,2bacb616413b217ad77d9d4f7dccdc6860c706c18f3cf1274fac03ae650dab51,0.36112622819494705,True
SETTLED_FUNDING_BASIS_RELATIVE_CARRY,8b682bb077d00a796f700f858a87b365b13e9b9b2a95d360996ed444e083c638,0.2161897808087736,True
SETTLED_FUNDING_BASIS_RELATIVE_CARRY,4cc0169aa22e59d227acd32e1d5550edd9b145de5cf05665b41ddf5e113d9674,0.9982076594878131,True
SETTLED_FUNDING_BASIS_RELATIVE_CARRY,9b34e0287f328f01a472bea29f896fb03256379c98008b6be0ad36e7d1ed56d2,0.2219933802679087,True
SETTLED_FUNDING_BASIS_RELATIVE_CARRY,58ee8ac2560737f3b611504edfd157da4c3f331cfed9a7c33ffc249758e613a2,0.5789662208329508,True
SETTLED_FUNDING_BASIS_RELATIVE_CARRY,7b8a0248d7933137cd4879165bc71d1501afc80bd3fc94a42104b9aa802996f8,0.07018866848221679,True
SETTLED_FUNDING_BASIS_RELATIVE_CARRY,7e869a5244dda13b1e960779bb3b8e82b98c0bbeae962d627cefc70bd8b67b78,0.30920458923868854,True
SETTLED_FUNDING_BASIS_RELATIVE_CARRY,691e24fad2a25af86ba56ef34125007254cd4410a5725d1eaf47c53274045989,0.34942163628078154,True
SETTLED_FUNDING_BASIS_RELATIVE_CARRY,cae2a39bf0e9c6274e6c274897763fffaa232099cf9c3bd5f90548dfbe72f125,0.627147314541251,True
SETTLED_FUNDING_BASIS_RELATIVE_CARRY,bdfeb30a256513ab73424253c6df9a53cd488f63487ee41a5f663693989d4a25,0.16086287138855904,True
SETTLED_FUNDING_BASIS_RELATIVE_CARRY,49d68ad129ef94c45e11c515a05fe34767f18b5aeba76c492f25bf71c691640e,0.16127104880815166,True
SETTLED_FUNDING_BASIS_RELATIVE_CARRY,939b4bfa174b9b83374f2a1742b4994ddd611a9d667c59838e7756daceb593ac,0.1842051226884349,True
SETTLED_FUNDING_BASIS_RELATIVE_CARRY,4423514ea369e3f93378fee589e1f466325c84528198a831e67763fa35b3f267,0.1920659601428419,True
SETTLED_FUNDING_BASIS_RELATIVE_CARRY,8fc6f932c543fca7517ec96b4168a4baa71b4dedb42a049cf9f286e4f7a595fa,0.513933920056615,True
SETTLED_FUNDING_BASIS_RELATIVE_CARRY,09c1a54f61cf7820d0e4630336ff2cec4513a45863caf7917d73ca7cf959f606,0.043838661009743075,True
SETTLED_FUNDING_BASIS_RELATIVE_CARRY,82d944d50637dfc21befe41faa0ff4bd7b13d9caed4f579cef79a88b87f19a1a,0.12027558736789826,True
SETTLED_FUNDING_BASIS_RELATIVE_CARRY,1b4bdaf37dff7706daddb37718f5dff0cf6089649cf6958cfb1e915a21761ac2,0.10284217042488317,True
SETTLED_FUNDING_BASIS_RELATIVE_CARRY,c5f56975faa9b4601ca22b4ffa23a5d080f77d1ffca4b7399a925eb23762ab48,0.08254488655915385,True
SETTLED_FUNDING_BASIS_RELATIVE_CARRY,65411a0ab2c397b904747ba1a871a11cb3f0ba2f8a739220ce7201c7d86590b0,0.10015588631101632,True
SETTLED_FUNDING_BASIS_RELATIVE_CARRY,64a8f68c61d5164170d23ee7127fd4038e61e2c1831b42254490f64d302c7904,0.4222159867795035,True
SETTLED_FUNDING_BASIS_RELATIVE_CARRY,b3acf07480255482db33b06b9b7635be7800c782bc5278719d53a4e063c447cf,0.13311892969491432,True
SETTLED_FUNDING_BASIS_RELATIVE_CARRY,344d91623cfdc16f2f37e25c94096c8a08fc1b6fb9c963f1d4d4e1929063d286,0.08205212829356709,True
SETTLED_FUNDING_BASIS_RELATIVE_CARRY,04bdc392220d89ab9c4f6b300663adc961a9ec044a4b051459126047441754ff,0.14813919558175426,True
SETTLED_FUNDING_BASIS_RELATIVE_CARRY,6390b68747501432fa7f0e33ff1fcdf1cbd1abf273172fd761acb1254eb06087,0.16982125047668217,True
SETTLED_FUNDING_BASIS_RELATIVE_CARRY,f7182fad2905528639b474e9fb8d9a3f5132564258f2918d3fb7d18cd2e62c2e,0.20219510148986589,True
SETTLED_FUNDING_BASIS_RELATIVE_CARRY,d5f88678a30f8e793a8b62fad9ea3ec878487b709960ed39fd2545a243dda3dd,0.4393587852374164,True
SETTLED_FUNDING_BASIS_RELATIVE_CARRY,455b3c497bba4e7752c67b299befbe50ca0e108244f7139c374d681fa4755052,0.4109801258508865,True
SETTLED_FUNDING_BASIS_RELATIVE_CARRY,2d70fa0775e2067af09c4c48190d45fd632638a458679d2c406519797bc237b1,0.42707964057385256,True
SETTLED_FUNDING_BASIS_RELATIVE_CARRY,7ce4abcf626c38b861f09144620c92a33b6772b5cfdc841ea10fe0b2f0f4f4ab,0.08674752889560564,True
SETTLED_FUNDING_BASIS_RELATIVE_CARRY,c3292a9018af6b744ad224cb66ad318e540f03680e229002f2a65471d02fbee7,0.20639447750793438,True
SETTLED_FUNDING_BASIS_RELATIVE_CARRY,43cab31780715798cad54294fc956993f1b8f5b30509197ebd2ac4119bf956ff,0.11546312538453744,True
SETTLED_FUNDING_BASIS_RELATIVE_CARRY,73031e0ee0221cde30b841334aa81a2c0d95a0669b39be68c213b9db866e2079,0.15548535459147914,True
SETTLED_FUNDING_BASIS_RELATIVE_CARRY,112b8483abe08bbf87a0d0f102ce863e2282e0913022609c957a6a2c85af8ee0,0.058389304593298476,True
SETTLED_FUNDING_BASIS_RELATIVE_CARRY,3646cfe809f4755750d6a99e23724bb1d7444d1b0aa46065bafb6a01cc2efe7a,0.07199236249980409,True
SETTLED_FUNDING_BASIS_RELATIVE_CARRY,49c193f102e96139f3d1b459a06b2e0391be3baa650cbe8c94389fc794262bac,0.33356251001775056,True
SETTLED_FUNDING_BASIS_RELATIVE_CARRY,6d380517548a5a2972124f6e03a9a6db8752d1218af18617c3631f8957e85df0,0.02057493735122608,True
SETTLED_FUNDING_BASIS_RELATIVE_CARRY,0ed7054f307353c0393e8daca65ed5b309e37f4190a4b5f13e3944d7e0a62fd2,0.2492692676833205,True
SETTLED_FUNDING_BASIS_RELATIVE_CARRY,f8d20a9a9d258f8dec63337baa63e968ce94e165be743129cc2ccd860333bc31,0.14871975550766953,True
SETTLED_FUNDING_BASIS_RELATIVE_CARRY,e097100ee14cefeb709e83aecde133e130eac2d582d239d15a9c3c17663c2dbf,0.08324631181095074,True
SETTLED_FUNDING_BASIS_RELATIVE_CARRY,59c33f00a06007ea2466f3d966ab3f0763c53c9da4b5bef8699a1488ecde82f4,0.21104039492667234,True
SETTLED_FUNDING_BASIS_RELATIVE_CARRY,9ac0e22b26483d193b47144d84be2df3c82758bfbb4c7e7a7a413366a706d97d,0.12570372426466675,True
SETTLED_FUNDING_BASIS_RELATIVE_CARRY,3fbece325b9329d102c346439e91094bc52ee1b568f0dde89744908b94974764,0.4784543456499328,True
SETTLED_FUNDING_BASIS_RELATIVE_CARRY,9f20680645340455e4a5aaefedff6fee07eee74e58c6c0c9a94cf26b9269ee26,0.22286127289964386,True
SETTLED_FUNDING_BASIS_RELATIVE_CARRY,6e520837e2cfd55d640d58aa82e3e4e9cb47d7cc2e15566f7e0e8600a6106453,0.1588950968608578,True
SETTLED_FUNDING_BASIS_RELATIVE_CARRY,f2ca1ae0a07376ae62843b82093e9e75aa2c204cda11eff922ee98725d88a801,0.09262818631980674,True
SETTLED_FUNDING_BASIS_RELATIVE_CARRY,35f17da13f5c19613eeb364852ed6a2ad572e59a7d8bbf9b05aae104e206b3e5,0.2482578003929121,True
SETTLED_FUNDING_BASIS_RELATIVE_CARRY,43fd4bf6cd53b4072476c960b4f5e1f5aad12073b78fc1a0c344472eb76be97b,0.37182531570811417,True
SETTLED_FUNDING_BASIS_RELATIVE_CARRY,f5da16d22d54b6c282f3e71e1c20b02e6c10435391ca77a0a7913aac99e9c77d,0.30496715506545913,True
SETTLED_FUNDING_BASIS_RELATIVE_CARRY,734920f6fd235bed2bf895abb8943817419ef8455ed77b997a43d8f0da377c82,0.05021429575660096,True
SETTLED_FUNDING_BASIS_RELATIVE_CARRY,915aea6ce6df8cbd045398b825e54e3d89f5b1bbde20e992565848214d9649a4,0.20551646725898318,True
SETTLED_FUNDING_BASIS_RELATIVE_CARRY,a515743d291e439792e545009f27a370dac199b4942d5e967622edfba5777438,0.07591135545489547,True
SETTLED_FUNDING_BASIS_RELATIVE_CARRY,59e654046d8a5e405b14149d92e382819f1e838a9caef05471e59cc9e2f81a98,0.12567114599726417,True
SETTLED_FUNDING_BASIS_RELATIVE_CARRY,6999e304b21a2a0bcf861b67b5ef148250e5fd7608fed4e5f1e7d2443687faee,0.2687512497218563,True
SETTLED_FUNDING_BASIS_RELATIVE_CARRY,5661172234a57d56275b57db1adc68bb348d1350d98661ddbfaca13b1b78a9c9,0.35474783128412685,True
SETTLED_FUNDING_BASIS_RELATIVE_CARRY,f0f40ff800dca156328f949e94b674ccc72a05db097b014bc103f3fc9ecbb65f,0.13346164240298247,True
SETTLED_FUNDING_BASIS_RELATIVE_CARRY,8155c8c45173fd734af54e7775e6d1544cee7819197faa64eb2adff9f3d90d48,0.2872635662940635,True
SETTLED_FUNDING_BASIS_RELATIVE_CARRY,77633f6159fc0dd0ec841a9226daccffb664da3c734573255d2e9f2a23511861,0.473479627124608,True
SETTLED_FUNDING_BASIS_RELATIVE_CARRY,9a2a34cdaf11b9cb9662ead701f9552d16df69d6066ae1c0cf618badfe0ac0a4,0.25024453325218715,True
SETTLED_FUNDING_BASIS_RELATIVE_CARRY,54e7ccd33bd8b82de86547c598d779b8768778aa905f27a38edf58df01693801,0.30337104431858364,True
SETTLED_FUNDING_BASIS_RELATIVE_CARRY,aad256bb7f01e49199ce4b84269852734b785a7ff2d7c41f1837ed3f7d0c6311,0.09154455772985809,True
SETTLED_FUNDING_BASIS_RELATIVE_CARRY,0a0d48dd3532c049a6ccf0e13a9f9fac6b1e3b2b27d0d58613253dae839f6931,0.12710272809561762,True
SETTLED_FUNDING_BASIS_RELATIVE_CARRY,29ffe6b6fb701d8e9b090a089206881a1cd207aee9665b386ca04b6db0f89eac,0.06026964863734951,True
SETTLED_FUNDING_BASIS_RELATIVE_CARRY,19bb43904e64f257a6cb467a096c3775ad533ef4e40b81240c04167ce2676f4b,0.26140076177021293,True
SETTLED_FUNDING_BASIS_RELATIVE_CARRY,598509438d287d5ef461938276253b84841cb85f01b0c74d31d11fff85f343c2,0.10752577169992523,True
SETTLED_FUNDING_BASIS_RELATIVE_CARRY,6b4733806b1ca7a3a55aefda207473fde746ffd319f43fe583b7db3e7181f261,0.06697555598380249,True
SETTLED_FUNDING_BASIS_RELATIVE_CARRY,e5f62309a9347be37f8341bca0ae304930aeecaf3305f8648eabaceae853e3e2,0.35043441075468407,True
SETTLED_FUNDING_BASIS_RELATIVE_CARRY,74f01b5dfd6502a9a76074c58fd9c292788f9735523f97655bacfdfe95d464ee,0.02873997328059203,True
SETTLED_FUNDING_BASIS_RELATIVE_CARRY,18231829a6dac9249e575764845a21c313f153b6428bcd3a57e14b782ca0576d,0.01941267707834791,True
SETTLED_FUNDING_BASIS_RELATIVE_CARRY,903893d27e59d7544126c9d86b75cf40f5e1f663bc8b6e128e041b68b3e61dba,0.04279879176672817,True
SETTLED_FUNDING_BASIS_RELATIVE_CARRY,dd90d130764fe1ebbc626ef86c9805aa3aed061327d7ce62fc6a878600636b89,0.22315559485676292,True
SETTLED_FUNDING_BASIS_RELATIVE_CARRY,ab6651db68166026498edb562bc5cd196f5a1fdaff39ebbcdc142a8fdbab9eff,0.3614659123428576,True
SETTLED_FUNDING_BASIS_RELATIVE_CARRY,bb53733099510486aeb6278a5cefac9a92ef5b58a7463485b417a5fce49ec49e,0.10784961509022684,True
SETTLED_FUNDING_BASIS_RELATIVE_CARRY,4c2615db56fc557372f98d6747365d9c30051bc5e5f0e2c485a7549d6ad66493,0.26477607055139196,True
SETTLED_FUNDING_BASIS_RELATIVE_CARRY,29aa327cdf98b242250b64ebb4240f6096cecd99e7efa4d92cfdf11556a0366e,0.9201787395201806,True
SETTLED_FUNDING_BASIS_RELATIVE_CARRY,aabdaf60e015c1e36574f143ae69ba0e30a64e5e6b0560c5a22ce443e4ae388c,0.5471498224614015,True
SETTLED_FUNDING_BASIS_RELATIVE_CARRY,3ddb5d0d6f51807c11bef7e78724e8433c3ed05c1a76ecc57809797e95330cfa,0.0991427682178419,True
SETTLED_FUNDING_BASIS_RELATIVE_CARRY,9543829e8419cebe8f6228c00145bc25e002f4e593e8596c0b2941fca96b0566,0.057248091742075555,True
SETTLED_FUNDING_BASIS_RELATIVE_CARRY,4d2a62ea9ef5037386d2c14e550d77012694c6fe38544f4bd1a0f2adcb859251,1.1441367858708857,True
SETTLED_FUNDING_BASIS_RELATIVE_CARRY,3b4653240ffd65e2aad38dfa65d39d00dd3a01afe9bf6c7f602798f1f83b750a,0.4373751262280265,True
SETTLED_FUNDING_BASIS_RELATIVE_CARRY,8b24135a6cf0a70e33f4a0dd2bc95111fd1d87e4982a3ad749534b703f401a63,0.058967894269567424,True
SETTLED_FUNDING_BASIS_RELATIVE_CARRY,c294c12f47741e31e4e3e363bc537cd02e82b74ea9fb9e5bed0fbeed72a989a5,0.10395669523234295,True
SETTLED_FUNDING_BASIS_RELATIVE_CARRY,3d2515efca0e9c44669bd18b03ec3030a1f0849960a68c7ed2d3cfa2ae12682e,0.0809861556621134,True
SETTLED_FUNDING_BASIS_RELATIVE_CARRY,c1402d6733ac1525b51cbfefcefa47acd4dc68b69703673eeee3ebb868528703,0.21879348599919443,True
SETTLED_FUNDING_BASIS_RELATIVE_CARRY,3f1d0e23405b24d12940cedc8791045147e0a45b4b5d978913850568f617f1f3,0.29330380749759666,True
SETTLED_FUNDING_BASIS_RELATIVE_CARRY,04440b93cc8c9df519cfbc763e2e30627c5ab993cc54af7231832b5af9b24854,0.0909764441199719,True
SETTLED_FUNDING_BASIS_RELATIVE_CARRY,3b2593866b80751cffe64aaa83e11cbbe852ed1a7a432bc1320b16c26198d1da,0.3520476526420033,True
SETTLED_FUNDING_BASIS_RELATIVE_CARRY,6bfc5e11e374f5f3dc126b9c0e6cefc4b037b661dc329340af325ee5d754d67c,0.6215028328939259,True
SETTLED_FUNDING_BASIS_RELATIVE_CARRY,86001fbe1dac06c039b22fe2aaf069c03610b049e46dbc42aa998471df211e63,1.0379740328552176,True
SETTLED_FUNDING_BASIS_RELATIVE_CARRY,e36de0416eef4b81d431f8ce19d822a57272617d43de1d3e569d5409bc71e361,0.21644658186304444,True
SETTLED_FUNDING_BASIS_RELATIVE_CARRY,c207556a6f8fdcbb5f9f26a1a0fb6b0407df85bd3fdc3de2c73cc84590b36d8e,0.9541224614617785,True
SETTLED_FUNDING_BASIS_RELATIVE_CARRY,1adb22eeaba3325711c7766f7cc614538298ab198b19963f3d9754c97a8de08f,0.8950977840957358,True
SETTLED_FUNDING_BASIS_RELATIVE_CARRY,167077442dd1705565dda13ffac8b0bdd7cf1870f2e51126c95d6e2bc8599ea9,0.25756105211546143,True
SETTLED_FUNDING_BASIS_RELATIVE_CARRY,ba1c829999efd0b7c813f5e4d14a733d6fe503e37bf99f0da5eafb963a370bb5,0.09488966946242858,True
SETTLED_FUNDING_BASIS_RELATIVE_CARRY,2c1fcb4aba641a0525ae64efbfab47dea3b45dffa31dd92534b8daf23b4963d1,1.1427087318643876,True
SETTLED_FUNDING_BASIS_RELATIVE_CARRY,106b7d2ad212ab15d7b868b711243f1d3273809dc077cfa2bb907b43de045a1a,0.8765816907814508,True
SETTLED_FUNDING_BASIS_RELATIVE_CARRY,3910203a50876343382b448d6e6bfb2715dfdfc4d8941b779ae16f5221a8992f,0.038902867794976405,True
SETTLED_FUNDING_BASIS_RELATIVE_CARRY,34c4db2033c8be3a1b3aeb1fa8acd74a8ccc20840e2d77fdf55bed1d3f75a3be,0.9555268870212592,True
SETTLED_FUNDING_BASIS_RELATIVE_CARRY,93ff56ea002c5f911c70a4ad1a6aeee6711755146b72bf19e094237457ce0000,0.9321790345829882,True
SETTLED_FUNDING_BASIS_RELATIVE_CARRY,343965cb7096ca84940d0b8a1bd79eace3bd8b3786c91a589ea4e3072fbce475,1.1861372965834482,True
SETTLED_FUNDING_BASIS_RELATIVE_CARRY,5e34e4017bb8823362aad4f5c74887ea4955cd172287a2698d9a2eb3c661df99,0.6269060550234782,True
SETTLED_FUNDING_BASIS_RELATIVE_CARRY,50afd430b67edb14db11033e6d59405d888f0ea236157b67ad42d4f675020dbd,0.8705866003727862,True
SETTLED_FUNDING_BASIS_RELATIVE_CARRY,a0cad0d5bfd81c498c5525e86450be6711f7b0dbdfcb13d1e8b2ea9bdcb5cf0e,1.2267668702575052,True
SETTLED_FUNDING_BASIS_RELATIVE_CARRY,9a4eb1a167b89869922552cb17e15e05559eabb2bcf2f947c53ec662114183b6,0.8086376914544321,True
SETTLED_FUNDING_BASIS_RELATIVE_CARRY,56b0b58f045b259e37886a7bb61ce9d781ae0ef1b0f4628f8ad9f7eaf75b2877,0.6926239021679704,True
SETTLED_FUNDING_BASIS_RELATIVE_CARRY,0998d1d1b026067e9d382866e07d714e6c9d6b42beaacacc803ae49ff2f98b42,2.1196310171915864,True
SETTLED_FUNDING_BASIS_RELATIVE_CARRY,68fde326a83fa8af83f6b80816893697eb002c495fa818bf791e4e61e485286e,0.9549904259898663,True
SETTLED_FUNDING_BASIS_RELATIVE_CARRY,10de0f32d918fe365b6a4510c0875fba0d2ae709ca314304b6eaa29188de0b95,0.05483638818979008,True
SETTLED_FUNDING_BASIS_RELATIVE_CARRY,d773450573f9dd47b81e858eff6b92fe0b351a0997f693225e275d8f0cdf1cd9,1.5144313741964042,True
SETTLED_FUNDING_BASIS_RELATIVE_CARRY,59a106f7de6a1eb65656856ecc71cf3bad4ab3cb037e832c1e2ce38d11f713f0,0.9377473675975163,True
SETTLED_FUNDING_BASIS_RELATIVE_CARRY,fa3ed7f9e36858fb4fde51c2cb87bea0b0bfa12e18d86646bd798f66cb6c1a14,1.5261111561193494,True
SETTLED_FUNDING_BASIS_RELATIVE_CARRY,6b067ad3bd12bc7468e8cc3b2a4a28cd420d2173435dcad3f74bc19547d8c973,1.0919936182596566,True
SETTLED_FUNDING_BASIS_RELATIVE_CARRY,40ceb2948ceaf3693b7957fa930fc30fe47d879aecc67dc6aa1f392df9cd2f1f,0.2161989486645886,True
SETTLED_FUNDING_BASIS_RELATIVE_CARRY,9b83e4ece955c03f7755813720e65b63b5ce6b5449cd17f385eccda4f8f3362a,0.7495257737384237,True
SETTLED_FUNDING_BASIS_RELATIVE_CARRY,1fe8a811203ad0ef88563bea4969a06e232dc5ebc308b4432b31448783b4f281,0.7714516992179566,True
SETTLED_FUNDING_BASIS_RELATIVE_CARRY,4a86d9a776aad9683c0432cdd4c0c6cdec395d642d2c7c5637e41d8fb6b7199e,0.25035662706990086,True
SETTLED_FUNDING_BASIS_RELATIVE_CARRY,0fe4b66e1463ca4a58d650a0e88e55e3fcd961cf7be5f9b6ef3e2b1104c480c7,0.1282825982470826,True
SETTLED_FUNDING_BASIS_RELATIVE_CARRY,3367c2308819b1029743886e6b96de24202fd2182c2090f719602231a38fbb4c,0.6391701843684151,True
SETTLED_FUNDING_BASIS_RELATIVE_CARRY,6c088026a51d95698c44ed363dd9ba6f0a331a7fee0f41dc7c38a3b649c7e5a4,1.0095438718634366,True
SETTLED_FUNDING_BASIS_RELATIVE_CARRY,137456c6cf1202e08624112f443c8634fa8541c9c3e6347357ac60b4da7dbe52,0.28253318051381665,True
SETTLED_FUNDING_BASIS_RELATIVE_CARRY,ad3403dfbc6b12f860190130c82a412cd0d042719ea688a1d61c27af8955743e,0.5431014674209886,True
SETTLED_FUNDING_BASIS_RELATIVE_CARRY,e78a5aa15e6e0137d2903e3b3441687dbf2cc0f535ddbcfa0e1c3553363d9f9b,0.10710723360107396,True
SETTLED_FUNDING_BASIS_RELATIVE_CARRY,46772b69bf49e8be68af4905bea0d2e111f747ea971f5187759bb242153423e1,0.29442346931143887,True
SETTLED_FUNDING_BASIS_RELATIVE_CARRY,eb43956737a8f3b2e800d5edf013975b3a997df5f0020ccc090e3a8decb51403,0.1092957418249123,True
SETTLED_FUNDING_BASIS_RELATIVE_CARRY,e1cf1c60b8d400d20fb6b44185f8d8230593cf81c9190e2fb0ba6d4f21b6a620,0.7290477396649775,True
SETTLED_FUNDING_BASIS_RELATIVE_CARRY,520712a41557620c98239311b099d8b7346a5bb31e291fbeefd25419b30bbb91,0.1838449002402429,True
SETTLED_FUNDING_BASIS_RELATIVE_CARRY,0fb34a9b232f7d72f5058a84b14c617caa7b6840774428e05ae56a9d4d5e106f,0.07709761348452478,True
SETTLED_FUNDING_BASIS_RELATIVE_CARRY,8f6d610c7c4420ccbf2b4cc9f45d00be20dd213856ea8fd52f1abfe1a731ab39,0.4129835001653061,True
SETTLED_FUNDING_BASIS_RELATIVE_CARRY,66e765d78e145b44e61f7be8858ada3ac4b5d2c8a89ad920b4f9f4812f68ffb1,1.3965571942748805,True
