population,terminal,elapsed_bars_low,elapsed_bars_high,administrative_censoring,samples,mean_gross_R,mean_cost_R,mean_net_R,profitable_rate,predicted_mean_R,mean_probability,TARGET_frequency,STOP_frequency,TIMEOUT_frequency,median_gross_R,median_net_R,std_net_R,p05,p25,p50,p75,p95,TARGET_mean_net_R,STOP_mean_net_R,TIMEOUT_mean_net_R
POOLED,TARGET,1,1,False,249,1.9007838241553088,0.5341690055297483,1.3666148186255604,0.9718875502008032,,,1.0,0.0,0.0,2.0,1.427159574468083,1.5675433367902187,0.6698384615385324,1.1961189793893774,1.427159574468083,1.6772517985611517,2.414894341527123,1.3666148186255604,,
POOLED,TARGET,2,2,False,339,1.892744624346795,0.23185553581980944,1.6608890885269856,1.0,,,1.0,0.0,0.0,1.741293532338346,1.4968585092348063,0.6891998966452625,1.0526086896322282,1.2174939602616848,1.4968585092348063,1.8268951860322244,3.0225872398254774,1.6608890885269856,,
POOLED,TARGET,3,4,False,909,1.9583423246596585,0.20609604562670272,1.752246279032956,1.0,,,1.0,0.0,0.0,1.7313019390581823,1.5272185741088073,0.751465776443986,1.0642065050224392,1.2603612167300207,1.5272185741088073,1.990791349809935,3.128460589968883,1.752246279032956,,
POOLED,TARGET,5,8,False,1778,2.0591705463410315,0.18625536580573065,1.872915180535301,1.0,,,1.0,0.0,0.0,1.8052434231149275,1.621577764976958,0.8418530440473533,1.099363195329295,1.3171205702575675,1.621577764976958,2.1262185915527962,3.6491242446393657,1.872915180535301,,
POOLED,TARGET,9,16,False,2656,2.1326288765214483,0.1583130118942531,1.9743158646271952,1.0,,,1.0,0.0,0.0,1.8314959730393783,1.689707451450896,0.9203044596807592,1.1089018289149828,1.3819869686234822,1.689707451450896,2.292879470787682,3.8237977610950833,1.9743158646271952,,
POOLED,TARGET,17,32,False,3146,2.137969131858662,0.12321870219166296,2.014750429666999,1.0,,,1.0,0.0,0.0,1.8571428571428599,1.7497892750929118,0.9177567673598326,1.1358667546327497,1.4088864913477015,1.7497892750929118,2.317789827522221,3.9522435515871974,2.014750429666999,,
POOLED,TARGET,33,48,False,1802,2.1626631075439153,0.10353311328767838,2.059129994256237,1.0,,,1.0,0.0,0.0,1.9235200283587472,1.8291779865125228,0.9123258610279826,1.122948660702707,1.4331893233260946,1.8291779865125228,2.4181206234643957,3.8903608097202804,2.059129994256237,,
POOLED,STOP,1,1,False,2557,-1.0,0.44699064128846167,-1.4469906412884617,0.0,,,0.0,1.0,0.0,-1.0,-1.2718482736775343,1.087434741556842,-2.0672957627118715,-1.4280487804878017,-1.2718482736775343,-1.1757392473118315,-1.0931172043639839,,-1.4469906412884617,
POOLED,STOP,2,2,False,2259,-1.0,0.225126150030294,-1.225126150030294,0.0,,,0.0,1.0,0.0,-1.0,-1.1862444196428554,0.16283813461654004,-1.5202958172146743,-1.2751455645986938,-1.1862444196428554,-1.123681863637219,-1.0661905560513818,,-1.225126150030294,
POOLED,STOP,3,4,False,3650,-1.0,0.18682909819765858,-1.1868290981976588,0.0,,,0.0,1.0,0.0,-1.0,-1.155622251832113,0.13319040737533622,-1.4135487288135573,-1.2333677144970387,-1.155622251832113,-1.1018927713338857,-1.051346760638081,,-1.1868290981976588,
POOLED,STOP,5,8,False,5064,-1.0,0.15801047946952593,-1.158010479469526,0.0,,,0.0,1.0,0.0,-1.0,-1.1299168788461775,0.11787730590697489,-1.3503392888123638,-1.1955470550824694,-1.1299168788461775,-1.0865683014354068,-1.0455612607099145,,-1.158010479469526,
POOLED,STOP,9,16,False,5933,-1.0,0.13580720462258744,-1.1358072046225873,0.0,,,0.0,1.0,0.0,-1.0,-1.1105244338498226,0.10156772263889832,-1.3133948296122246,-1.1661538461538457,-1.1105244338498226,-1.0723970588235294,-1.039128653846154,,-1.1358072046225873,
POOLED,STOP,17,32,False,5834,-1.0,0.11295670597513677,-1.1129567059751366,0.0,,,0.0,1.0,0.0,-1.0,-1.0909375403550745,0.08672853162635384,-1.2610069078947366,-1.137897719618137,-1.0909375403550745,-1.0609947183098591,-1.0333951265822785,,-1.1129567059751366,
POOLED,STOP,33,48,False,2966,-1.0,0.09089734085484825,-1.0908973408548481,0.0,,,0.0,1.0,0.0,-1.0,-1.0740437744246636,0.06585530798494636,-1.2077165028965537,-1.1102151073619633,-1.0740437744246636,-1.0494847803177692,-1.0264464720406177,,-1.0908973408548481,
POOLED,TIMEOUT,1,1,True,0,,,,,,,,,,,,,,,,,,,,
POOLED,TIMEOUT,2,2,True,0,,,,,,,,,,,,,,,,,,,,
POOLED,TIMEOUT,3,4,True,0,,,,,,,,,,,,,,,,,,,,
POOLED,TIMEOUT,5,8,True,0,,,,,,,,,,,,,,,,,,,,
POOLED,TIMEOUT,9,16,True,0,,,,,,,,,,,,,,,,,,,,
POOLED,TIMEOUT,17,32,True,0,,,,,,,,,,,,,,,,,,,,
POOLED,TIMEOUT,33,48,True,12745,0.39135184085065033,0.0686470290384322,0.32270481181221816,0.6170262848175755,,,0.0,0.0,1.0,0.25925925925926213,0.19864062499999996,0.7684594133279128,-0.6732745844269499,-0.22451655629139378,0.19864062499999996,0.7281250000000014,1.7475102690583115,,,0.32270481181221816
FOLD_1,TARGET,1,1,False,44,2.055825707984853,0.4315709298346225,1.6242547781502297,1.0,,,1.0,0.0,0.0,2.0,1.49741156462585,0.8401693352353851,0.96368040540538,1.2393721590909115,1.49741156462585,1.63504193341869,3.4892837046504286,1.6242547781502297,,
FOLD_1,TARGET,2,2,False,72,1.8666925066407787,0.19082708059014677,1.6758654260506316,1.0,,,1.0,0.0,0.0,1.7250047538584803,1.5547518251835246,0.5634037389403058,1.1087661408528526,1.263882688049562,1.5547518251835246,1.8036684691279472,2.923952336318245,1.6758654260506316,,
FOLD_1,TARGET,3,4,False,179,1.7844691381824764,0.1631894556128526,1.621279682569624,1.0,,,1.0,0.0,0.0,1.5356945213060293,1.4380985576923078,0.5741941026181073,1.0836100423776098,1.2595677395184752,1.4380985576923078,1.7692989650203068,2.843836866453065,1.621279682569624,,
FOLD_1,TARGET,5,8,False,359,1.9795590013634448,0.1485165383146975,1.8310424630487476,1.0,,,1.0,0.0,0.0,1.7480683680636868,1.623384615384615,0.7341098810388796,1.0937603349904481,1.3295150696730254,1.623384615384615,2.0421996624875227,3.5357807038346083,1.8310424630487476,,
FOLD_1,TARGET,9,16,False,592,2.0721424543369213,0.12875150568999408,1.9433909486469267,1.0,,,1.0,0.0,0.0,1.8369179771816109,1.6994681005423993,0.8108999746122697,1.1623298465207212,1.4178076491420268,1.6994681005423993,2.197836022715481,3.5739855056533196,1.9433909486469267,,
FOLD_1,TARGET,17,32,False,714,2.08420840331018,0.09299491414580732,1.991213489164373,1.0,,,1.0,0.0,0.0,1.8191176470588233,1.7175774475900174,0.9059870019982706,1.1483967164438555,1.4231648271855901,1.7175774475900174,2.236088353062355,3.9147839583808075,1.991213489164373,,
FOLD_1,TARGET,33,48,False,370,2.1889561681922283,0.09060951431258861,2.09834665387964,1.0,,,1.0,0.0,0.0,1.871350132881906,1.7942005292284517,0.9154822278420922,1.187496473789235,1.4516863389000512,1.7942005292284517,2.515121186751789,3.936893932327321,2.09834665387964,,
FOLD_1,STOP,1,1,False,537,-1.0,0.5170415672642679,-1.5170415672642676,0.0,,,0.0,1.0,0.0,-1.0,-1.2431397477624069,1.9533241106822328,-1.9531117391303798,-1.3847500000000068,-1.2431397477624069,-1.160698847262249,-1.0813192013498312,,-1.5170415672642676,
FOLD_1,STOP,2,2,False,473,-1.0,0.18444502599560889,-1.1844450259956087,0.0,,,0.0,1.0,0.0,-1.0,-1.150918826017981,0.11612081995843085,-1.3996095501885293,-1.2296565934065948,-1.150918826017981,-1.107757328261356,-1.057933108108108,,-1.1844450259956087,
FOLD_1,STOP,3,4,False,732,-1.0,0.1570559836423797,-1.1570559836423795,0.0,,,0.0,1.0,0.0,-1.0,-1.1345727049608092,0.112209410177733,-1.3484045725646194,-1.1938423664788615,-1.1345727049608092,-1.0861108557284298,-1.0449081951577404,,-1.1570559836423795,
FOLD_1,STOP,5,8,False,1034,-1.0,0.13224792465560023,-1.1322479246556003,0.0,,,0.0,1.0,0.0,-1.0,-1.1116622670807454,0.08699699085853248,-1.2947448240805766,-1.1629379096680503,-1.1116622670807454,-1.0752581610889849,-1.042266418918919,,-1.1322479246556003,
FOLD_1,STOP,9,16,False,1247,-1.0,0.1118368445267247,-1.1118368445267248,0.0,,,0.0,1.0,0.0,-1.0,-1.0917967032967033,0.07633635819258072,-1.2630411056049227,-1.135414772727271,-1.0917967032967033,-1.0628457142857144,-1.0340057257937134,,-1.1118368445267248,
FOLD_1,STOP,17,32,False,1153,-1.0,0.09382488278185769,-1.0938248827818577,0.0,,,0.0,1.0,0.0,-1.0,-1.0768376795162513,0.06500527126996146,-1.215183397683395,-1.1149943181818185,-1.0768376795162513,-1.0507551020408161,-1.0284592631578948,,-1.0938248827818577,
FOLD_1,STOP,33,48,False,584,-1.0,0.07292490743081191,-1.072924907430812,0.0,,,0.0,1.0,0.0,-1.0,-1.0631762351806011,0.048915869363103014,-1.168195690411801,-1.0884391366106718,-1.0631762351806011,-1.0411501580525322,-1.022037024408951,,-1.072924907430812,
FOLD_1,TIMEOUT,1,1,True,0,,,,,,,,,,,,,,,,,,,,
FOLD_1,TIMEOUT,2,2,True,0,,,,,,,,,,,,,,,,,,,,
FOLD_1,TIMEOUT,3,4,True,0,,,,,,,,,,,,,,,,,,,,
FOLD_1,TIMEOUT,5,8,True,0,,,,,,,,,,,,,,,,,,,,
FOLD_1,TIMEOUT,9,16,True,0,,,,,,,,,,,,,,,,,,,,
FOLD_1,TIMEOUT,17,32,True,0,,,,,,,,,,,,,,,,,,,,
FOLD_1,TIMEOUT,33,48,True,2750,0.38705843353304514,0.055743087075069295,0.3313153464579758,0.632,,,0.0,0.0,1.0,0.2838729288199614,0.2362249619096003,0.7337046129958877,-0.6597544580419582,-0.20227727868400083,0.2362249619096003,0.7633714338100419,1.6199524191173311,,,0.3313153464579758
FOLD_2,TARGET,1,1,False,43,1.89350560337682,0.3835541019468685,1.5099515014299518,1.0,,,1.0,0.0,0.0,2.0,1.4677846715328484,0.44068791602578183,1.0693159164636288,1.2899746258679958,1.4677846715328484,1.6329211538461492,2.2976911542045126,1.5099515014299518,,
FOLD_2,TARGET,2,2,False,61,1.8912970065436954,0.26023167533155217,1.6310653312121433,1.0,,,1.0,0.0,0.0,1.6025641025641466,1.4711346153846137,0.6498651992115358,0.9970806843680269,1.2342902995720468,1.4711346153846137,1.7738749999999985,3.0721041055717877,1.6310653312121433,,
FOLD_2,TARGET,3,4,False,199,1.9674980068143229,0.2045556096289598,1.7629423971853628,1.0,,,1.0,0.0,0.0,1.756198347107401,1.600187969924807,0.7575119095285727,1.067638445378151,1.257049334140429,1.600187969924807,1.942174569216911,3.2021183634448946,1.7629423971853628,,
FOLD_2,TARGET,5,8,False,362,2.0929969646359936,0.18064658451319918,1.9123503801227943,1.0,,,1.0,0.0,0.0,1.832178583471179,1.6672457435986092,0.8922346842255156,1.1254847712791043,1.294470663858567,1.6672457435986092,2.2049461862694066,3.7396124932721553,1.9123503801227943,,
FOLD_2,TARGET,9,16,False,589,2.204463296474118,0.14938001159601985,2.055083284878098,1.0,,,1.0,0.0,0.0,1.8983807928531313,1.7580714285714258,0.9676572590237487,1.1462443718817132,1.39000501002004,1.7580714285714258,2.4020576131687164,4.134953831397269,2.055083284878098,,
FOLD_2,TARGET,17,32,False,656,2.1151696356952416,0.11779924245201413,1.9973703932432276,1.0,,,1.0,0.0,0.0,1.8415686274509864,1.7480491364305937,0.9098680980172911,1.132717544133748,1.40158923290923,1.7480491364305937,2.310908182538082,3.942548003020855,1.9973703932432276,,
FOLD_2,TARGET,33,48,False,387,2.121830718095496,0.08835554721726688,2.033475170878229,1.0,,,1.0,0.0,0.0,1.9343283582089494,1.832135820895517,0.9019516199149193,1.1646000794659883,1.447295940170939,1.832135820895517,2.3424003742575854,3.5980201515356023,2.033475170878229,,
FOLD_2,STOP,1,1,False,560,-1.0,0.4267185695597277,-1.4267185695597278,0.0,,,0.0,1.0,0.0,-1.0,-1.260667112299465,0.8104818909355372,-2.0646489406780093,-1.389511519944974,-1.260667112299465,-1.1695635273739986,-1.0914927025055945,,-1.4267185695597278,
FOLD_2,STOP,2,2,False,485,-1.0,0.21352421344441383,-1.2135242134444137,0.0,,,0.0,1.0,0.0,-1.0,-1.1790925266903909,0.13843349222651077,-1.4662870578160985,-1.2708000000000044,-1.1790925266903909,-1.118762886597939,-1.0645432963016206,,-1.2135242134444137,
FOLD_2,STOP,3,4,False,810,-1.0,0.17374007226567684,-1.173740072265677,0.0,,,0.0,1.0,0.0,-1.0,-1.1467313838710935,0.12449952428532667,-1.3693260291337324,-1.2167295941055012,-1.1467313838710935,-1.098290585867621,-1.0571569430516057,,-1.173740072265677,
FOLD_2,STOP,5,8,False,1072,-1.0,0.1493056663883831,-1.1493056663883834,0.0,,,0.0,1.0,0.0,-1.0,-1.124439662026807,0.10149301354503754,-1.3308261790914988,-1.1835000899204464,-1.124439662026807,-1.0839007655687087,-1.0462017290192114,,-1.1493056663883834,
FOLD_2,STOP,9,16,False,1227,-1.0,0.13173270049823838,-1.1317327004982383,0.0,,,0.0,1.0,0.0,-1.0,-1.1070617828039244,0.09893533587598884,-1.3081648117839606,-1.1554205367776746,-1.1070617828039244,-1.0709414956515102,-1.041214573268921,,-1.1317327004982383,
FOLD_2,STOP,17,32,False,1188,-1.0,0.10767888048913246,-1.1076788804891324,0.0,,,0.0,1.0,0.0,-1.0,-1.0853093732922745,0.09860893969130531,-1.2386061204767544,-1.1291859964918145,-1.0853093732922745,-1.0580594631661442,-1.0341613032422123,,-1.1076788804891324,
FOLD_2,STOP,33,48,False,584,-1.0,0.08664357646692154,-1.0866435764669216,0.0,,,0.0,1.0,0.0,-1.0,-1.0716482245337158,0.055236843523667235,-1.1865244471744456,-1.1067693808409598,-1.0716482245337158,-1.049304157992135,-1.0278777684446825,,-1.0866435764669216,
FOLD_2,TIMEOUT,1,1,True,0,,,,,,,,,,,,,,,,,,,,
FOLD_2,TIMEOUT,2,2,True,0,,,,,,,,,,,,,,,,,,,,
FOLD_2,TIMEOUT,3,4,True,0,,,,,,,,,,,,,,,,,,,,
FOLD_2,TIMEOUT,5,8,True,0,,,,,,,,,,,,,,,,,,,,
FOLD_2,TIMEOUT,9,16,True,0,,,,,,,,,,,,,,,,,,,,
FOLD_2,TIMEOUT,17,32,True,0,,,,,,,,,,,,,,,,,,,,
FOLD_2,TIMEOUT,33,48,True,2672,0.452191692413117,0.06784046885448923,0.3843512235586278,0.6538173652694611,,,0.0,0.0,1.0,0.33012967200610366,0.26900140692640634,0.8018126309054743,-0.6513582601821595,-0.16806352848100775,0.26900140692640634,0.8077468931475029,1.826363687397706,,,0.3843512235586278
FOLD_3,TARGET,1,1,False,66,1.8823242112897824,0.7750345482714964,1.107289663018286,0.9393939393939394,,,1.0,0.0,0.0,1.9703710374640337,1.4432731288764749,2.8185515501640523,0.0797734374998903,1.2190842852182289,1.4432731288764749,1.6918860714285724,2.5008062859043494,1.107289663018286,,
FOLD_3,TARGET,2,2,False,81,1.858000911507428,0.23022032188532013,1.6277805896221076,1.0,,,1.0,0.0,0.0,1.8401639344262248,1.4968585092348063,0.5832391116211201,1.05211148648651,1.2292229729729862,1.4968585092348063,1.8596250000000003,2.4344543744120313,1.6277805896221076,,
FOLD_3,TARGET,3,4,False,169,2.0616126243156336,0.21967483388220765,1.8419377904334264,1.0,,,1.0,0.0,0.0,1.92240168539323,1.633408675799087,0.7990447890340008,1.0711087928323981,1.2936294212218478,1.633408675799087,2.1600703883495145,3.3929442731277852,1.8419377904334264,,
FOLD_3,TARGET,5,8,False,372,1.9805923821062263,0.18603791829666552,1.7945544638095605,1.0,,,1.0,0.0,0.0,1.735921239799357,1.565433187926522,0.758141241117707,1.090011375729017,1.288072414592417,1.565433187926522,2.026467491814188,3.347097430948321,1.7945544638095605,,
FOLD_3,TARGET,9,16,False,504,2.1264900369846678,0.1660165619360403,1.9604734750486272,1.0,,,1.0,0.0,0.0,1.7837434750186314,1.6422319750158825,0.8972524527140495,1.1034267936941298,1.3553485505444391,1.6422319750158825,2.3042670736616206,3.8196830533930055,1.9604734750486272,,
FOLD_3,TARGET,17,32,False,598,2.175734511920493,0.1316364570985719,2.044098054821921,1.0,,,1.0,0.0,0.0,1.8981808250769898,1.7610316595004023,0.967848834138503,1.1318263698538071,1.3977150493600567,1.7610316595004023,2.372069852941177,3.9820983781084824,2.044098054821921,,
FOLD_3,TARGET,33,48,False,349,2.100894292359268,0.11008144236291958,1.9908128499963489,1.0,,,1.0,0.0,0.0,1.8333333333333273,1.7261370392389894,0.8732208155500778,1.0564242050064319,1.378345626975756,1.7261370392389894,2.384181877444564,3.7519019938067104,1.9908128499963489,,
FOLD_3,STOP,1,1,False,530,-1.0,0.41611225889626113,-1.416112258896261,0.0,,,0.0,1.0,0.0,-1.0,-1.2761179365868447,0.5449273944700349,-2.1559943548387355,-1.449753394995712,-1.2761179365868447,-1.1723935145154143,-1.0979229806846402,,-1.416112258896261,
FOLD_3,STOP,2,2,False,412,-1.0,0.2182740051893155,-1.2182740051893155,0.0,,,0.0,1.0,0.0,-1.0,-1.1905950310429172,0.1631602535343029,-1.4423695467300555,-1.2624452357186735,-1.1905950310429172,-1.1262515488766154,-1.0637723804216288,,-1.2182740051893155,
FOLD_3,STOP,3,4,False,712,-1.0,0.19076311803927254,-1.1907631180392726,0.0,,,0.0,1.0,0.0,-1.0,-1.1592433733939946,0.12889285389217203,-1.425791570450735,-1.2431413667419702,-1.1592433733939946,-1.1045937095002274,-1.0467749137931035,,-1.1907631180392726,
FOLD_3,STOP,5,8,False,1008,-1.0,0.15902715797828582,-1.1590271579782858,0.0,,,0.0,1.0,0.0,-1.0,-1.1287472027972023,0.12140873407646678,-1.3515204297820813,-1.2063638836706467,-1.1287472027972023,-1.0862211037834089,-1.042993989769821,,-1.1590271579782858,
FOLD_3,STOP,9,16,False,1108,-1.0,0.1433588525408736,-1.1433588525408735,0.0,,,0.0,1.0,0.0,-1.0,-1.1138033143271222,0.11296726799231652,-1.3326327999518175,-1.1737195113148287,-1.1138033143271222,-1.0757964491217442,-1.0402375685991698,,-1.1433588525408735,
FOLD_3,STOP,17,32,False,1194,-1.0,0.11571298162662354,-1.1157129816266234,0.0,,,0.0,1.0,0.0,-1.0,-1.09294247311828,0.08187341481613296,-1.2639564907075678,-1.1419764905551062,-1.09294247311828,-1.0639702968009221,-1.035226773962804,,-1.1157129816266234,
FOLD_3,STOP,33,48,False,653,-1.0,0.09040927015016562,-1.0904092701501658,0.0,,,0.0,1.0,0.0,-1.0,-1.0732421874999998,0.06542275457194391,-1.207372502285492,-1.1128653444676404,-1.0732421874999998,-1.0479444444444446,-1.0257918101328087,,-1.0904092701501658,
FOLD_3,TIMEOUT,1,1,True,0,,,,,,,,,,,,,,,,,,,,
FOLD_3,TIMEOUT,2,2,True,0,,,,,,,,,,,,,,,,,,,,
FOLD_3,TIMEOUT,3,4,True,0,,,,,,,,,,,,,,,,,,,,
FOLD_3,TIMEOUT,5,8,True,0,,,,,,,,,,,,,,,,,,,,
FOLD_3,TIMEOUT,9,16,True,0,,,,,,,,,,,,,,,,,,,,
FOLD_3,TIMEOUT,17,32,True,0,,,,,,,,,,,,,,,,,,,,
FOLD_3,TIMEOUT,33,48,True,2555,0.3866396107658871,0.0686408975083137,0.3179987132575734,0.6109589041095891,,,0.0,0.0,1.0,0.2500000000000036,0.1915954391891863,0.7729494647567345,-0.6842374148053174,-0.23408501683501706,0.1915954391891863,0.7010591651113899,1.760101044681104,,,0.3179987132575734
FOLD_4,TARGET,1,1,False,46,1.9044554032095682,0.5125048061382282,1.3919505970713402,0.9565217391304348,,,1.0,0.0,0.0,2.0,1.4292089398004217,0.6895213815360062,0.6684756848367849,1.2621875000000182,1.4292089398004217,1.7194468595851702,2.192020476910174,1.3919505970713402,,
FOLD_4,TARGET,2,2,False,56,1.9297315929262824,0.23329607644904057,1.6964355164772418,1.0,,,1.0,0.0,0.0,1.7040282413540702,1.4131609375000158,0.8622427529426098,1.0474028869778778,1.1753105258873147,1.4131609375000158,1.8624633744957837,3.1333281221346097,1.6964355164772418,,
FOLD_4,TARGET,3,4,False,180,2.0964008677346384,0.2270491347224232,1.8693517330122151,1.0,,,1.0,0.0,0.0,1.8551212938005142,1.6575043129200608,0.8335173098765025,1.0984199140325532,1.3174212312733988,1.6575043129200608,2.1199096820809165,3.750303944353548,1.8693517330122151,,
FOLD_4,TARGET,5,8,False,332,2.2077223046268197,0.21474820230331826,1.9929741023235017,1.0,,,1.0,0.0,0.0,1.9210984536181885,1.6918028908776288,0.9690634878887835,1.1154497763590494,1.3537760043876008,1.6918028908776288,2.236513136207808,3.8997346532335078,1.9929741023235017,,
FOLD_4,TARGET,9,16,False,491,2.158774963684646,0.173141640209775,1.985633323474871,1.0,,,1.0,0.0,0.0,1.8292682926828971,1.6878436426116927,0.9813179054977224,1.1057283114642544,1.402488060050684,1.6878436426116927,2.253114573259175,3.9436625037621456,1.985633323474871,,
FOLD_4,TARGET,17,32,False,590,2.153106313915342,0.13426618689133935,2.0188401270240024,1.0,,,1.0,0.0,0.0,1.8371173469387756,1.724111557649677,0.9061799007017953,1.1596177514792805,1.4228303571428633,1.724111557649677,2.334970712443581,3.922598020017961,2.0188401270240024,,
FOLD_4,TARGET,33,48,False,350,2.1757142008738626,0.10948508024029313,2.0662291206335697,1.0,,,1.0,0.0,0.0,1.9765068134172077,1.9009568106312291,0.9283808088459079,1.1027902025401712,1.3859318277310977,1.9009568106312291,2.4058844315895453,3.9836877708978347,2.0662291206335697,,
FOLD_4,STOP,1,1,False,481,-1.0,0.453266674957645,-1.4532666749576448,0.0,,,0.0,1.0,0.0,-1.0,-1.3032751091703034,0.6896813884856811,-2.241161764705857,-1.438018292682904,-1.3032751091703034,-1.2057100297914625,-1.1133408071748887,,-1.4532666749576448,
FOLD_4,STOP,2,2,False,450,-1.0,0.2535336679444613,-1.2535336679444615,0.0,,,0.0,1.0,0.0,-1.0,-1.2050546217347757,0.20668161093421367,-1.5697646655522868,-1.295663024643824,-1.2050546217347757,-1.1400536419587404,-1.0767435344827587,,-1.2535336679444615,
FOLD_4,STOP,3,4,False,666,-1.0,0.2054698162459559,-1.2054698162459558,0.0,,,0.0,1.0,0.0,-1.0,-1.173955681282414,0.1388311794014534,-1.4513464179870064,-1.2587164961998683,-1.173955681282414,-1.117309239130435,-1.0587121426906947,,-1.2054698162459558,
FOLD_4,STOP,5,8,False,947,-1.0,0.17185010648588656,-1.1718501064858866,0.0,,,0.0,1.0,0.0,-1.0,-1.1433422459893052,0.1314362557445328,-1.3612004686490065,-1.2101582564890716,-1.1433422459893052,-1.0978377018580665,-1.0498063263472537,,-1.1718501064858866,
FOLD_4,STOP,9,16,False,1182,-1.0,0.1480821237470691,-1.148082123747069,0.0,,,0.0,1.0,0.0,-1.0,-1.120324445840224,0.11063130178212796,-1.3378847982731261,-1.183699682938335,-1.120324445840224,-1.079405,-1.0411397826086957,,-1.148082123747069,
FOLD_4,STOP,17,32,False,1117,-1.0,0.1229484995287431,-1.122948499528743,0.0,,,0.0,1.0,0.0,-1.0,-1.099767441860465,0.08824125397638259,-1.278313385002098,-1.1520684371807972,-1.099767441860465,-1.0651404494382022,-1.0367729582577132,,-1.122948499528743,
FOLD_4,STOP,33,48,False,562,-1.0,0.10064534469642827,-1.1006453446964282,0.0,,,0.0,1.0,0.0,-1.0,-1.0843245614035086,0.06931251334304626,-1.2224947637677601,-1.1179588087979089,-1.0843245614035086,-1.0593841218703977,-1.0334777511961724,,-1.1006453446964282,
FOLD_4,TIMEOUT,1,1,True,0,,,,,,,,,,,,,,,,,,,,
FOLD_4,TIMEOUT,2,2,True,0,,,,,,,,,,,,,,,,,,,,
FOLD_4,TIMEOUT,3,4,True,0,,,,,,,,,,,,,,,,,,,,
FOLD_4,TIMEOUT,5,8,True,0,,,,,,,,,,,,,,,,,,,,
FOLD_4,TIMEOUT,9,16,True,0,,,,,,,,,,,,,,,,,,,,
FOLD_4,TIMEOUT,17,32,True,0,,,,,,,,,,,,,,,,,,,,
FOLD_4,TIMEOUT,33,48,True,2364,0.3606924210794507,0.07534499692707793,0.28534742415237274,0.5917935702199661,,,0.0,0.0,1.0,0.22270720540677885,0.15589829545454537,0.7649731804790154,-0.6838257989578808,-0.2659848693339507,0.15589829545454537,0.6533315217391212,1.7280395682457121,,,0.28534742415237274
FOLD_5,TARGET,1,1,False,50,1.7915950725073855,0.4559726762438261,1.3356223962635594,0.98,,,1.0,0.0,0.0,1.816766533625605,1.319629223580156,0.5986876979320931,0.6705694513715703,1.1123800675675852,1.319629223580156,1.5672433485609631,2.4086979011161174,1.3356223962635594,,
FOLD_5,TARGET,2,2,False,69,1.9319769092795445,0.250332149149898,1.6816447601296467,1.0,,,1.0,0.0,0.0,1.7696629213483541,1.4481990291262137,0.78905841569743,1.080808313294395,1.1970394736842123,1.4481990291262137,1.8197802197801827,2.9598844455842994,1.6816447601296467,,
FOLD_5,TARGET,3,4,False,182,1.8869033204579073,0.216647996855384,1.6702553236025233,1.0,,,1.0,0.0,0.0,1.6315365894633467,1.4696061676669792,0.737549886925717,1.032576246978673,1.1957995799095933,1.4696061676669792,1.8907847383720968,2.9344663328729643,1.6702553236025233,,
FOLD_5,TARGET,5,8,False,353,2.04853959611056,0.20381878408717677,1.8447208120233831,1.0,,,1.0,0.0,0.0,1.7930327868851896,1.5698170731707517,0.8319209646687107,1.0977886295386292,1.2870869565217629,1.5698170731707517,2.052222222222203,3.533236784140903,1.8447208120233831,,
FOLD_5,TARGET,9,16,False,480,2.098782490918376,0.1824765600705003,1.916305930847876,1.0,,,1.0,0.0,0.0,1.8126630364452407,1.6327650038782198,0.93983092460648,1.050391864763881,1.2986519619841885,1.6327650038782198,2.251334357923489,3.752625784632058,1.916305930847876,,
FOLD_5,TARGET,17,32,False,588,2.175089871614452,0.14631924104678193,2.02877063056767,1.0,,,1.0,0.0,0.0,1.9345238095238195,1.793392314647393,0.8985850589094151,1.1285291608369739,1.4071384796910742,1.793392314647393,2.366447415329762,3.9500993757588696,2.02877063056767,,
FOLD_5,TARGET,33,48,False,346,2.22931957029138,0.12170332834362675,2.107616241947753,1.0,,,1.0,0.0,0.0,2.0,1.8862900432900238,0.9371584477946351,1.1296288704128425,1.4549979178331465,1.8862900432900238,2.4760830748998286,3.9946127147605868,2.107616241947753,,
FOLD_5,STOP,1,1,False,449,-1.0,0.41821955752915707,-1.4182195575291572,0.0,,,0.0,1.0,0.0,-1.0,-1.2957499999999984,0.6951798647694538,-1.8737736842105368,-1.4588541666666721,-1.2957499999999984,-1.189365671641788,-1.0946672261369415,,-1.4182195575291572,
FOLD_5,STOP,2,2,False,439,-1.0,0.259086996330216,-1.259086996330216,0.0,,,0.0,1.0,0.0,-1.0,-1.2153846153846146,0.1673877574654947,-1.607620736406461,-1.3286328974746935,-1.2153846153846146,-1.139462761305291,-1.0722786622615639,,-1.259086996330216,
FOLD_5,STOP,3,4,False,730,-1.0,0.2103637427346095,-1.2103637427346094,0.0,,,0.0,1.0,0.0,-1.0,-1.1752039620018526,0.1520566082184731,-1.4535491071428621,-1.2610674259285308,-1.1752039620018526,-1.1126288956428094,-1.0564481120365963,,-1.2103637427346094,
FOLD_5,STOP,5,8,False,1003,-1.0,0.17978426070507997,-1.17978426070508,0.0,,,0.0,1.0,0.0,-1.0,-1.152000000000002,0.13710052458062486,-1.3984208669354883,-1.2168487262234065,-1.152000000000002,-1.095044916271727,-1.0518577191213059,,-1.17978426070508,
FOLD_5,STOP,9,16,False,1169,-1.0,0.1460846000900971,-1.146084600090097,0.0,,,0.0,1.0,0.0,-1.0,-1.1212170530327095,0.10224106755249449,-1.3253237300354892,-1.1815988717339678,-1.1212170530327095,-1.0808181818181821,-1.0398605789373452,,-1.146084600090097,
FOLD_5,STOP,17,32,False,1182,-1.0,0.12469716476698989,-1.1246971647669899,0.0,,,0.0,1.0,0.0,-1.0,-1.1010171783625724,0.09206478566973895,-1.2951509803921604,-1.1516446932764228,-1.1010171783625724,-1.068492388114453,-1.035825029481132,,-1.1246971647669899,
FOLD_5,STOP,33,48,False,583,-1.0,0.104311460123075,-1.104311460123075,0.0,,,0.0,1.0,0.0,-1.0,-1.0825914634146343,0.08106831798485313,-1.2520847260845354,-1.1243166576726846,-1.0825914634146343,-1.0555573645104896,-1.0290545576076673,,-1.104311460123075,
FOLD_5,TIMEOUT,1,1,True,0,,,,,,,,,,,,,,,,,,,,
FOLD_5,TIMEOUT,2,2,True,0,,,,,,,,,,,,,,,,,,,,
FOLD_5,TIMEOUT,3,4,True,0,,,,,,,,,,,,,,,,,,,,
FOLD_5,TIMEOUT,5,8,True,0,,,,,,,,,,,,,,,,,,,,
FOLD_5,TIMEOUT,9,16,True,0,,,,,,,,,,,,,,,,,,,,
FOLD_5,TIMEOUT,17,32,True,0,,,,,,,,,,,,,,,,,,,,
FOLD_5,TIMEOUT,33,48,True,2404,0.3637983479031421,0.07772466596914678,0.28607368193399535,0.5902662229617305,,,0.0,0.0,1.0,0.21090718081819385,0.13607338198187163,0.7634748108322917,-0.6820247695852538,-0.24206081319679204,0.13607338198187163,0.6893688010707315,1.7543095103264579,,,0.28607368193399535
