population,threshold,samples,mean_gross_R,mean_cost_R,mean_net_R,profitable_rate,predicted_mean_R,mean_probability,TARGET_frequency,STOP_frequency,TIMEOUT_frequency,median_gross_R,median_net_R,std_net_R,p05,p25,p50,p75,p95,TARGET_mean_net_R,STOP_mean_net_R,TIMEOUT_mean_net_R,fold_coverage
POOLED,0.0,5182,0.012900948737907925,0.06854168583608006,-0.05564073709817215,0.41084523350057894,0.05789503141199313,0.4488206540957006,0.1275569278270938,0.4141258201466615,0.4583172520262447,-0.26157751083517067,-0.30725607805502175,1.1540365755959703,-1.1238170856057645,-1.063427396902732,-0.30725607805502175,0.688931025035424,2.022429337975543,1.9098010212545755,-1.0796130837938265,0.3225856434229682,5
POOLED,0.05,1998,0.025038995059312556,0.06927622843729382,-0.04423723337798126,0.40790790790790793,0.11642621433072418,0.4606187092998901,0.11161161161161161,0.42592592592592593,0.4624624624624625,-0.2770858770858766,-0.3158983223894923,1.2065947471258138,-1.1242511363636374,-1.0637642079282943,-0.3158983223894923,0.6962567215534131,2.1932080341880265,2.042937231316722,-1.0793221258084837,0.4053486300759568,5
POOLED,0.1,801,0.08732538919710812,0.06793017213586616,0.019395217061241952,0.4232209737827715,0.18373781067458225,0.4742654737688897,0.10986267166042447,0.42946317103620474,0.4606741573033708,-0.27926421404682455,-0.308272113022113,1.2987698459625012,-1.1314705882352951,-1.062873831775701,-0.308272113022113,0.8195797872340502,2.3700520833333294,2.2935909299463133,-1.0775513796064504,0.4996673214509438,5
POOLED,0.2,195,0.022694239686955192,0.06815250221896418,-0.04545826253200899,0.39487179487179486,0.33002859692519537,0.49264492685772876,0.07179487179487179,0.4512820512820513,0.47692307692307695,-0.4190476190476201,-0.4823942093541209,1.3018991035343315,-1.129672406753156,-1.0721596136062077,-0.4823942093541209,0.609350266193434,2.2184336600538392,2.417738072741492,-1.0804387278165917,0.5630743423197575,5
FOLD_1,0.0,992,0.029672637044267123,0.06981197044298829,-0.04013933339872116,0.41431451612903225,0.060964332368345774,0.43873082343507647,0.1935483870967742,0.4576612903225806,0.3487903225806452,-0.3921906042939838,-0.43168576555024,1.1841727975408527,-1.1230832577444108,-1.0682581056044465,-0.43168576555024,1.0090332278481042,1.9891010572589694,1.7608078290330331,-1.0797269438215278,0.3245743080609821,5
FOLD_1,0.05,414,0.014711576365226608,0.07071168396417445,-0.05600010759894786,0.391304347826087,0.11688627461381038,0.4496440060266491,0.1956521739130435,0.47342995169082125,0.3309178743961353,-0.5252433459562726,-0.554009975581027,1.202997258999338,-1.1243411666666654,-1.068497873535897,-0.554009975581027,1.0225821046086736,1.9985007345084143,1.7995553676197749,-1.0795996976660351,0.31133949941150946,5
FOLD_1,0.1,181,-0.007906075098745663,0.06780249863934966,-0.07570857373809531,0.3867403314917127,0.1736536108863506,0.4632036924956235,0.20994475138121546,0.4972375690607735,0.292817679558011,-0.8338983050847462,-0.8431347457627123,1.234154378255579,-1.1353749999999994,-1.0661363636363634,-0.8431347457627123,1.029861356932152,2.2201308139534914,1.8407840200997383,-1.0778208531875964,0.25190249389619596,5
FOLD_1,0.2,32,-0.053989162987070925,0.06753463522061956,-0.1215237982076905,0.34375,0.3458105020993897,0.479306089360634,0.25,0.46875,0.28125,-0.7297398502167917,-0.7432688221567181,1.231654570932502,-1.140322342621259,-1.0894738808237494,-0.7432688221567181,1.1615297685995636,2.0957972193562244,1.8047998983743208,-1.0975536587063368,-0.20709509433840073,5
FOLD_2,0.0,871,0.12534278991302086,0.06608169823236709,0.059261091680653764,0.452353616532721,0.045105596908249085,0.44066809162776055,0.1423650975889782,0.37543053960964407,0.48220436280137774,-0.10810810810810811,-0.14597297297297296,1.1910359661242993,-1.1203521712662343,-1.0556529569892472,-0.14597297297297296,0.8799861214605069,2.1638512601494586,1.9649299968302603,-1.0790211099086238,0.3828690337786122,5
FOLD_2,0.05,282,0.028620495547956454,0.062276166051654314,-0.033655670503697846,0.41843971631205673,0.09488375162711123,0.45772139579852106,0.11347517730496454,0.41843971631205673,0.46808510638297873,-0.19987289096149474,-0.2312033521972861,1.1470905242190461,-1.112004588700626,-1.05959682118773,-0.2312033521972861,0.7372678030303037,2.127214057033321,1.8925124008697063,-1.0732275054918912,0.42870871013764983,5
FOLD_2,0.1,87,0.15058363452556103,0.05444614417078415,0.09613749035477691,0.41379310344827586,0.15048904254792364,0.47339351044599554,0.14942528735632185,0.4367816091954023,0.41379310344827586,-0.15789473684210334,-0.18803684210526123,1.2995633446376746,-1.090345122723161,-1.0555453783996844,-0.18803684210526123,1.2484423116774637,2.2918077713815808,2.2079547508283617,-1.060532762017288,0.5544665237987175,5
FOLD_2,0.2,11,-0.02653233508953202,0.06864101570025044,-0.09517335078978247,0.2727272727272727,0.266059266168176,0.45514215378884515,0.2727272727272727,0.5454545454545454,0.18181818181818182,-1.0,-1.0291556886227544,1.2560048380461082,-1.0882049718574107,-1.0714795031772226,-1.0291556886227544,0.8049544669063152,1.9492619081898734,1.8711088886496705,-1.0639766339211978,-0.13818686055471607,5
FOLD_3,0.0,1674,-0.02782809456357027,0.0726035233908591,-0.10043161795442937,0.3966547192353644,0.06236754324343737,0.4574387308462786,0.1260454002389486,0.43130227001194743,0.44265232974910396,-0.34603143572098916,-0.39394193188163135,1.1474196933091583,-1.137226538461538,-1.065646649389115,-0.39394193188163135,0.6327144485453766,1.9687011487050912,1.8612409983997602,-1.0830065025123607,0.2983620994546022,5
FOLD_3,0.05,681,0.05019529491207173,0.0743535090502067,-0.024158214138134966,0.42290748898678415,0.12144133257527182,0.46906797290628516,0.11747430249632893,0.4287812041116006,0.45374449339207046,-0.2769230769230774,-0.3089156250000005,1.2534261625135796,-1.1441715617057315,-1.0649396551724135,-0.3089156250000005,0.7078361473522619,2.1916999999999947,2.047501816281262,-1.085381012168697,0.44232804667536796,5
FOLD_3,0.1,270,0.2172169437297942,0.07246287327607362,0.14475407045372057,0.4777777777777778,0.19661012876797987,0.4801254239569306,0.10740740740740741,0.4111111111111111,0.48148148148148145,-0.12060704803282585,-0.1543836953898135,1.4298497259283867,-1.1421368589381522,-1.0601165078707542,-0.1543836953898135,0.8682887061403499,3.143604908906887,2.6463084966600894,-1.0824013692908123,0.6345169585434012,5
FOLD_3,0.2,77,0.1059806048050086,0.0726018812928409,0.03337872351216767,0.45454545454545453,0.35103528975574005,0.49673085894988556,0.012987012987012988,0.4805194805194805,0.5064935064935064,-0.40311804008908764,-0.4823942093541209,1.3920111705563532,-1.1334164824286403,-1.0670200000000003,-0.4823942093541209,0.727255604557149,2.416177160307662,3.9597917808219045,-1.0778650197773063,0.9869583502916757,5
FOLD_4,0.0,904,-0.012159069842755244,0.06214256708850961,-0.07430163693126486,0.40707964601769914,0.05627112394827775,0.45584003543310814,0.09070796460176991,0.3838495575221239,0.5254424778761062,-0.2359649122807047,-0.27639876898899884,1.1302901859119943,-1.1111319928613927,-1.0581533536585366,-0.27639876898899884,0.4699295974423566,2.0218431481481494,2.2376832142927716,-1.075357997970269,0.257874783026974,5
FOLD_4,0.05,328,0.04022278324281638,0.0622699471548149,-0.0220471639119985,0.42378048780487804,0.11841433831467722,0.4715504243657248,0.0701219512195122,0.375,0.5548780487804879,-0.2048368298368277,-0.24781662679425698,1.205074108357529,-1.1072211189516135,-1.0577853605802758,-0.24781662679425698,0.5064812511780636,2.4569315463917536,2.843514676760227,-1.0751662804575792,0.32754475366846986,5
FOLD_4,0.1,134,0.01870444457713877,0.06275956412110341,-0.044055119543964634,0.417910447761194,0.18811947704384327,0.49074748619171576,0.04477611940298507,0.3880597014925373,0.5671641791044776,-0.20123106060605978,-0.2532573742746581,1.214572731637306,-1.109026336898396,-1.0582503048780492,-0.2532573742746581,0.5441420890937045,2.331630480392155,3.384159766646976,-1.0757531963715,0.39119502095453795,5
FOLD_4,0.2,36,-0.17258144913357468,0.06331574760511317,-0.23589719673868784,0.3055555555555556,0.3203363425606345,0.5062770842304037,0.027777777777777776,0.4722222222222222,0.5,-0.5722689075630271,-0.6232810924369767,1.2232986757102173,-1.1035914842681265,-1.0649575892857146,-0.6232810924369767,0.17511345116027927,1.4097020089285783,5.0525000000000055,-1.0690515532526446,0.2571709623723441,5
FOLD_5,0.0,741,-0.019136410479147048,0.06836329737978399,-0.08749970785893102,0.3940620782726046,0.06069648680392334,0.4438784310396022,0.07017543859649122,0.39946018893387314,0.5303643724696356,-0.2599999999999991,-0.30422901080631665,1.1019281955483788,-1.1143870967741938,-1.0622500000000001,-0.30422901080631665,0.5773139240506346,2.0740785714285743,2.0084649621850574,-1.0768034536380084,0.3802960832563858,5
FOLD_5,0.05,293,-0.039282351433398165,0.07002766587033539,-0.10931001730373356,0.36860068259385664,0.1226279526718425,0.4470385676785894,0.023890784982935155,0.41638225255972694,0.5597269624573379,-0.30589680589680585,-0.34963888888888844,1.1546552004344823,-1.1127469512195123,-1.0633749999999997,-0.34963888888888844,0.5195909090909161,2.2760521367521283,2.8642340158015083,-1.0744593001876372,0.48174732586760516,5
FOLD_5,0.1,129,-0.022303180188746326,0.0730871605231051,-0.09539034071185143,0.37209302325581395,0.18881698749621714,0.4609884738008533,0.015503875968992248,0.4108527131782946,0.5736434108527132,-0.2710472279260783,-0.276810061601643,1.1486311689827498,-1.1217877742946707,-1.07228,-0.276810061601643,0.5663499999999917,2.1492081853281912,3.0674461538461664,-1.0809025403486823,0.5249674105264729,5
FOLD_5,0.2,39,0.1153156728038567,0.06420170922057979,0.051113963583276856,0.4358974358974359,0.3025939169745606,0.4935166926821484,0.02564102564102564,0.3333333333333333,0.6410256410256411,-0.06084656084656287,-0.15097225274727408,1.2318639855785258,-1.1132949859418937,-1.0784512622720897,-0.15097225274727408,0.5106680643127444,2.1921524989824976,4.784315384615399,-1.0905047097448106,0.45542761687259753,5
