population,fraction,samples,mean_gross_R,mean_cost_R,mean_net_R,profitable_rate,predicted_mean_R,mean_probability,TARGET_frequency,STOP_frequency,TIMEOUT_frequency,median_gross_R,median_net_R,std_net_R,p05,p25,p50,p75,p95,TARGET_mean_net_R,STOP_mean_net_R,TIMEOUT_mean_net_R,utc_day_clusters,clustered_standard_error_R,approximate_95_lower_R,approximate_95_upper_R
POOLED,0.005,260,0.007455733159814011,0.06747967111685864,-0.0600239379570446,0.3923076923076923,0.29489829771696513,0.48814692366104473,0.07692307692307693,0.4461538461538462,0.47692307692307695,-0.41108282956835385,-0.4673210622710636,1.247913935706778,-1.1294596801517425,-1.071205695620169,-0.4673210622710636,0.6588549059208425,2.1916191066341058,2.1778490704684654,-1.0797624517221491,0.532977734851358,142,0.0821603196055762,-0.22105816438397394,0.10101028846988472
POOLED,0.01,519,0.03787152158677521,0.06659743606607853,-0.028725914479303314,0.4046242774566474,0.2224088683768169,0.4799920672104867,0.08863198458574181,0.44315992292870904,0.4682080924855491,-0.35137195121951303,-0.4047740091463424,1.2664769773727547,-1.1303882959369318,-1.0634931866626065,-0.4047740091463424,0.8133220364741661,2.1893060714285735,2.2858454859371533,-1.0758170832914231,0.524198712712592,233,0.06406916531215046,-0.1543014784911182,0.09684964953251157
POOLED,0.02,1038,0.036376593717916295,0.06811035880720238,-0.03173376508928609,0.4094412331406551,0.16296619110388283,0.4692203349558192,0.10211946050096339,0.4421965317919075,0.4556840077071291,-0.3359788359788347,-0.3851061207021945,1.2546550249741324,-1.1298172213395055,-1.0618409695143565,-0.3851061207021945,0.7319869735684954,2.2773545092936804,2.237225091616152,-1.0771426361009047,0.4742557338188671,369,0.04990202204423755,-0.1295417282959917,0.0660741981174195
POOLED,0.05,2595,0.025293804753638446,0.06916472603139749,-0.04387092127775904,0.4115606936416185,0.099475663355994,0.4578578179878182,0.11560693641618497,0.42003853564547206,0.464354527938343,-0.2546180728906686,-0.30447389033942474,1.1849769461295263,-1.122708333333334,-1.063584821428572,-0.30447389033942474,0.7059577352472111,2.139435362617928,1.9888516953237028,-1.0788285700896516,0.3862428150081533,502,0.03358006545092554,-0.1096878495615731,0.021946007006055014
POOLED,0.1,5189,0.012871973230498818,0.06856305876370615,-0.05569108553320734,0.4108691462709578,0.057816889803978457,0.4487708921495353,0.12738485257275003,0.41414530738099825,0.4584698400462517,-0.26150627615062827,-0.3066666666666662,1.1538546084995982,-1.123831125827814,-1.0634238733252128,-0.3066666666666662,0.6887054794520531,2.0222889160581117,1.9098010212545755,-1.0796043094596646,0.3231232211634012,542,0.025674160770141768,-0.1060124406426852,-0.005369730423729478
POOLED,0.2,10378,0.003248030339795996,0.0693098979387554,-0.06606186759895939,0.40990556947388707,0.01804069239194582,0.43686981715636064,0.14145307380998265,0.40980921179418,0.4487377143958374,-0.2691090555014616,-0.31394493112521327,1.1253753938031648,-1.125014731515406,-1.0629730642099438,-0.31394493112521327,0.6800187372318669,1.9661698126763283,1.7994690916217881,-1.0804500863645914,0.27226616466949133,546,0.019764046317303365,-0.10479939838087399,-0.027324336817044798
POOLED,0.3,15567,-0.003542309414695162,0.0711028595290897,-0.07464516894378485,0.4060512622856042,-0.006555098230031008,0.42688694285554957,0.15141003404638018,0.4216612063981499,0.4269287595554699,-0.30357142857142816,-0.34991721854304014,1.1337335998055973,-1.1287577777777775,-1.0655012402933564,-0.34991721854304014,0.6991781104350472,1.9661988995391384,1.7876027262464478,-1.0821237634120668,0.25995778096991135,547,0.017785967266318266,-0.10950566478576865,-0.03978467310180105
FOLD_1,0.005,55,0.061821602679330824,0.07286863839127342,-0.011047035711942604,0.38181818181818183,0.27768658076475805,0.4742866224537778,0.2727272727272727,0.45454545454545453,0.2727272727272727,-0.6255813953488372,-0.643402898550724,1.254012259834499,-1.1377475748194013,-1.0863764197888235,-0.643402898550724,1.35823817368948,2.1993438323746073,1.7462628562418192,-1.1013795707014955,0.04886396398355004,32,0.1380848007082831,-0.28169324510017746,0.25959917367629226
FOLD_1,0.01,109,-0.03595766823396892,0.0669324156181378,-0.10289008385210673,0.3761467889908257,0.2137220822958421,0.47402369228377467,0.22018348623853212,0.5137614678899083,0.26605504587155965,-1.0,-1.0224696356275305,1.1950387772524806,-1.1321470588235294,-1.0652415413533836,-1.0224696356275305,1.1162453531598548,1.9870715878466092,1.6693348267697108,-1.0771695180396763,0.3118082078575581,47,0.1403522017883591,-0.3779803993572906,0.17220023165307713
FOLD_1,0.02,217,-0.061050536515652974,0.070015141653735,-0.131065678169388,0.3686635944700461,0.16064256236407728,0.45910213510722864,0.18433179723502305,0.5069124423963134,0.3087557603686636,-1.0,-1.0224696356275305,1.1949869782437437,-1.1331534313725484,-1.0701012607296139,-1.0224696356275305,0.8832751677852341,2.1921783367037584,1.8243066875188134,-1.0810775753401647,0.26126886005833394,76,0.09266920486056177,-0.31269731969608905,0.05056596335731306
FOLD_1,0.05,542,0.029055319977618232,0.07101895624307826,-0.041963636265460014,0.4003690036900369,0.09886075772963103,0.4474386010942383,0.1974169741697417,0.466789667896679,0.33579335793357934,-0.4944444444444458,-0.5355655365769512,1.1974713259004837,-1.1222897388408715,-1.0675596713857471,-0.5355655365769512,1.0504236725663663,1.9961989234901347,1.7800458319739099,-1.0783832070633936,0.3275920687359936,104,0.06249300711673868,-0.16444993021426782,0.08052265768334779
FOLD_1,0.1,1084,0.027844627067290385,0.06967393639063255,-0.041829309323342154,0.4151291512915129,0.05554510782648004,0.43704829682162055,0.18911439114391143,0.45571955719557194,0.3551660516605166,-0.37016285671596993,-0.4102867022312954,1.1860554868420512,-1.1237337456186052,-1.067319573384668,-0.4102867022312954,0.9543906971153879,1.989110963906323,1.7883468317032079,-1.0794419243792854,0.3150395813966407,109,0.0427656250298159,-0.12564993438178132,0.04199131573509701
FOLD_1,0.2,2168,0.01856126860202567,0.06872231222847683,-0.05016104362645116,0.4128228782287823,0.01155891844309898,0.4249481335605819,0.18219557195571956,0.4483394833948339,0.3694649446494465,-0.3626266017570362,-0.40729786488244846,1.1716466234396132,-1.125682974526756,-1.0650954543298872,-0.40729786488244846,0.9030584465521636,1.9880658200316343,1.7626908242680825,-1.0784998613785333,0.30373264306104336,110,0.037390981355985266,-0.12344736708418227,0.02312527983127996
FOLD_1,0.3,3252,0.010100595347142624,0.07036361033869101,-0.06026301499154838,0.41051660516605165,-0.017427518831036704,0.4139325895611377,0.18511685116851168,0.45633456334563344,0.35854858548585483,-0.4017101825290978,-0.45335690376569115,1.1717878924172422,-1.1313175339366526,-1.0669962930270336,-0.45335690376569115,0.9022813024915965,1.9874806244607408,1.7615709992627577,-1.0805391920956198,0.29766646205935177,110,0.03328376131365061,-0.12549918716630357,0.00497315718320681
FOLD_2,0.005,55,0.11024108797274688,0.057133805019668193,0.05310728295307872,0.4,0.1759987887751661,0.47480925074396996,0.12727272727272726,0.43636363636363634,0.43636363636363634,-0.12621359223300904,-0.18119660194174703,1.2113683217623894,-1.090986841841965,-1.0610965480691525,-0.18119660194174703,1.2484423116774637,2.138862676700634,1.9032848551850294,-1.0648924784006206,0.6314719190724589,33,0.17723830956578826,-0.29427980379586627,0.4004943697020237
FOLD_2,0.01,109,0.0885518279020661,0.05366474567469646,0.034887082227369616,0.4036697247706422,0.1391523071449155,0.46994437852344684,0.12844036697247707,0.44036697247706424,0.43119266055045874,-0.1993911719939118,-0.21902815829528166,1.248139450693631,-1.0903324048428489,-1.0531627906976744,-0.21902815829528166,0.8977235817575081,2.15693008677063,2.1867586070451988,-1.0598253952450911,0.5119083071471251,57,0.13341819902803437,-0.22661258786757774,0.296386752322317
FOLD_2,0.02,218,0.020808106798435196,0.06046415915591222,-0.03965605235747704,0.40825688073394495,0.10667479737569488,0.4585805594060155,0.11467889908256881,0.43119266055045874,0.4541284403669725,-0.22459045050444526,-0.26635770027969263,1.1527319571727406,-1.107501322077595,-1.0584219915254238,-0.26635770027969263,0.760829166666666,2.1375458618864838,1.9543501163802153,-1.0690095590046726,0.4341729921515539,83,0.09011727620663734,-0.21628591372248623,0.13697380900753214
FOLD_2,0.05,545,0.13055001240250358,0.06349814918641984,0.06705186321608374,0.44403669724770645,0.06590632549059573,0.44699937450589616,0.14311926605504588,0.3871559633027523,0.46972477064220186,-0.12621359223300904,-0.17156725146198765,1.2134839893152773,-1.1122252173913036,-1.054728812024629,-0.17156725146198765,0.8977499999999957,2.1720515159925107,1.992690401972079,-1.0734730524826923,0.42037589129996733,101,0.07906043865329729,-0.08790659654437895,0.22201032297654644
FOLD_2,0.1,1090,0.12662691448671295,0.0658575267680405,0.060769387718672414,0.4559633027522936,0.03501606255768101,0.4378129521754214,0.15229357798165138,0.3706422018348624,0.47706422018348627,-0.07644972882770282,-0.12402275910364281,1.1770422148841901,-1.1185737837837837,-1.0531552961482558,-0.12402275910364281,0.8926631934764351,2.1356688115180082,1.8972186859950353,-1.0781515146698377,0.35937219743229154,109,0.06569702844238806,-0.0679967880284082,0.189535563465753
FOLD_2,0.2,2179,0.06677772672054805,0.06796100754638164,-0.0011832808258336047,0.44332262505736575,0.0037499916478424956,0.42912886257434174,0.15787058283616337,0.39238182652592934,0.4497475906379073,-0.17241379310345153,-0.21902815829528166,1.1423836642419842,-1.1215343478260869,-1.059991383989145,-0.21902815829528166,0.8311671250015499,1.9860271088579535,1.800220000288422,-1.0800027190515857,0.3077023222146909,110,0.05261940681123567,-0.10431731817585552,0.10195075652418831
FOLD_2,0.3,3269,0.04926278860043539,0.07034703431260912,-0.021084245712173728,0.43377179565616397,-0.015747031454275612,0.42185114432702087,0.16641174671153258,0.41021719180177424,0.4233710614866932,-0.22169811320754634,-0.26947483443708586,1.1520504537065286,-1.1239892241379317,-1.0634238733252128,-0.26947483443708586,0.8281279069767465,1.9882967994891634,1.8002442755026078,-1.0816899537301952,0.29067120147809045,110,0.045440216405504,-0.11014706986696156,0.06797857844261411
FOLD_3,0.005,52,-0.03404008746172589,0.07030529609008417,-0.10434538355181007,0.4423076923076923,0.4125878798640526,0.5146114278384861,0.0,0.5192307692307693,0.4807692307692308,-1.0,-1.0181017246835444,1.2054295270430848,-1.1141160062799038,-1.0688473864764827,-1.0181017246835444,0.6629769309637645,2.090639290830952,,-1.074193243076695,0.9430903047350659,26,0.14481412152954037,-0.3881810617497092,0.17949029464608907
FOLD_3,0.01,104,0.013823807457847547,0.06971151267682328,-0.05588770521897568,0.4230769230769231,0.30821170253209035,0.49522780251542736,0.028846153846153848,0.5,0.47115384615384615,-0.9375,-0.9797395371835442,1.3183865838313897,-1.13307732521238,-1.0688473864764827,-0.9797395371835442,0.6905028109137239,2.2476224104584634,2.646446568809972,-1.077210291699448,0.8625157983503652,43,0.13319351002407942,-0.31694698486617134,0.20517157442821998
FOLD_3,0.02,207,0.20793429655924903,0.07270623465717493,0.13522806190207404,0.48792270531400966,0.22342771180701548,0.48324795955091077,0.07729468599033816,0.42028985507246375,0.5024154589371981,-0.1294212218649483,-0.1782303054662345,1.4246992595368884,-1.1338566119452225,-1.0617204005671748,-0.1782303054662345,0.82162214285714,2.8505042009169483,2.874565616550444,-1.0784521783831325,0.7290817160409113,70,0.10773889787995829,-0.07594017794264421,0.34639630174679226
FOLD_3,0.05,516,0.07174496901132268,0.07411931710230037,-0.0023743480909776426,0.4263565891472868,0.14194766074407714,0.4705645791070414,0.1124031007751938,0.436046511627907,0.45155038759689925,-0.2921462423832083,-0.3518396988831567,1.30483220413427,-1.1461262875079803,-1.0641238098712291,-0.3518396988831567,0.7276160731657613,2.2883953275529874,2.226604171771241,-1.0853552911128501,0.4885696777798921,102,0.07926777563869734,-0.15773918834282444,0.15299049216086916
FOLD_3,0.1,1032,0.010925486955503912,0.07383148707931271,-0.06290600012380879,0.40988372093023256,0.09308902995351999,0.4639641924317851,0.12887596899224807,0.4428294573643411,0.42829457364341084,-0.3359788359788347,-0.3888313206577595,1.2169381321460093,-1.1372626923076918,-1.0671654411764706,-0.3888313206577595,0.6906342632486097,2.1318536443354232,1.9451020081762054,-1.0838630878805986,0.3884793482946326,109,0.05902953485083601,-0.17860388843144737,0.05279188818382978
FOLD_3,0.2,2063,-0.010803489628291175,0.07188938953306945,-0.08269287916136062,0.40475036354823074,0.04931068183135608,0.4540700310325375,0.13184682501211828,0.4154144449830344,0.4527387300048473,-0.3076923076923087,-0.3700416666666683,1.1386576786859062,-1.1334740430622003,-1.0643610032023565,-0.3700416666666683,0.6546295589048134,1.9683182692307672,1.8129530214444958,-1.0823345464812593,0.282486161447162,109,0.046861195060805126,-0.17454082148053868,0.00915506315781743
FOLD_3,0.3,3094,-0.03689826985781026,0.07257586540168853,-0.10947413525949877,0.39528118939883644,0.023305405874776874,0.4439107714132664,0.13574660633484162,0.42436974789915966,0.4398836457659987,-0.34102934102933824,-0.3860028170859544,1.113904717574929,-1.137783991252664,-1.065646649389115,-0.3860028170859544,0.6068610071353616,1.8894821631205672,1.7606269749541543,-1.0841938113602045,0.25376206490985653,109,0.03794016490623022,-0.18383685847571002,-0.035111412043287535
FOLD_4,0.005,50,-0.11301852873241389,0.06516700482755425,-0.17818553355996816,0.34,0.28304643801510443,0.5005277629991556,0.02,0.46,0.52,-0.35149244121661705,-0.3888393483709305,1.2014120503968817,-1.109343907563025,-1.0622465701219517,-0.3888393483709305,0.35284757905138037,2.1627306666666644,5.0525000000000055,-1.0730928296174873,0.4122830155078383,25,0.2012503112503787,-0.5726361436107105,0.21626507649077412
FOLD_4,0.01,99,-0.002078374981097992,0.06299059559290202,-0.06506897057399999,0.3838383838383838,0.2157231374971418,0.4926999338494247,0.04040404040404041,0.40404040404040403,0.5555555555555556,-0.20454545454545153,-0.2546170212765918,1.2387934674831689,-1.1086293735676094,-1.0614866071428573,-0.2546170212765918,0.46483890576941345,2.2932134705882303,4.037290568668104,-1.0732551905121657,0.36980395016342205,42,0.16825183917494463,-0.3948425753568915,0.26470463420889145
FOLD_4,0.02,197,0.05352936854764404,0.06210436809524753,-0.008574999547603478,0.41624365482233505,0.1555209467439998,0.48159144662776926,0.06091370558375635,0.4010152284263959,0.5380710659898477,-0.20454545454545153,-0.2546170212765918,1.2640775442340746,-1.1054413043478262,-1.0581048780487805,-0.2546170212765918,0.5548438155136237,2.5851743697478966,3.242505028193919,-1.0726431589982341,0.4164101350156187,68,0.1434810395443608,-0.2897978370545507,0.2726478379593437
FOLD_4,0.05,491,0.009855648792345717,0.06097831308328647,-0.05112266429094074,0.42362525458248473,0.09221217865820101,0.46659931730540427,0.07128309572301425,0.3665987780040733,0.5621181262729125,-0.20289855072463736,-0.24243589743589616,1.141887573208026,-1.1071631659836068,-1.0558154550527594,-0.24243589743589616,0.4709634816282366,2.2714649999999956,2.5948119252808626,-1.0745400254633952,0.28078825736133717,99,0.08743478509392665,-0.22249484307503697,0.12024951449315548
FOLD_4,0.1,982,-0.017799480385052396,0.06246348470637138,-0.08026296509142378,0.4073319755600815,0.05161663934235731,0.4546515976305479,0.09470468431771895,0.3890020366598778,0.5162932790224033,-0.24567025275146065,-0.2827926109948836,1.1237683148127666,-1.1101738768667389,-1.059107834994463,-0.2827926109948836,0.4896176823282211,2.0122500074460237,2.141225344120002,-1.0756572868374137,0.2622266170590803,108,0.06217802591182695,-0.20213189587860458,0.041605965695757044
FOLD_4,0.2,1963,-0.007280164123481721,0.0653620720353086,-0.07264223615879033,0.4009169638308711,0.01297103735759518,0.4403900032014694,0.12124299541518084,0.380539989811513,0.49821701477330615,-0.24848484848484556,-0.2893623595505635,1.1036057824663326,-1.117189420289855,-1.0576727480612447,-0.2893623595505635,0.5326058101629889,1.9635770025839792,1.871362258638993,-1.0776385744420895,0.22189681796774566,110,0.0486380270992515,-0.16797276927332327,0.02268829695574262
FOLD_4,0.3,2945,0.0010862217314369638,0.0678650343015943,-0.06677881257015732,0.4061120543293718,-0.011154504487690292,0.4300471909950275,0.1405772495755518,0.3925297113752122,0.466893039049236,-0.2500000000000025,-0.2943326923076919,1.106855888879011,-1.121072173913044,-1.0605769230769229,-0.2943326923076919,0.6063384615384642,1.9527102922885529,1.784885415861012,-1.079413441179814,0.22705147114057647,110,0.04380175792572971,-0.15263025810458755,0.019072632964272918
FOLD_5,0.005,51,0.02573642386610691,0.06704538125092034,-0.041308957384813424,0.37254901960784315,0.27570836882758265,0.47783305482474064,0.0196078431372549,0.35294117647058826,0.6274509803921569,-0.20469083155650308,-0.21083475479744124,1.174096841023847,-1.1208385660731026,-1.0784512622720897,-0.21083475479744124,0.38031923076923657,2.0601894088669996,4.784315384615399,-1.089211026688278,0.3973351959108789,37,0.20694955417576522,-0.44693008356931324,0.36431216879968636
FOLD_5,0.01,101,-0.06877773930043377,0.0694218272749421,-0.13819956657537588,0.36633663366336633,0.2100411752738088,0.46343948263871526,0.009900990099009901,0.4158415841584158,0.5742574257425742,-0.30589680589680585,-0.34963888888888844,1.093735727505268,-1.1247727272727268,-1.0770930232558147,-0.34963888888888844,0.5663499999999917,1.9292931034482852,4.784315384615399,-1.0797528335847713,0.4587439207212419,57,0.1310658997381812,-0.395088730062211,0.11868959691145928
FOLD_5,0.02,201,0.004734987596233987,0.0734362084054289,-0.06870122080919491,0.3880597014925373,0.15123068705292286,0.4508736761888849,0.01990049751243781,0.4079601990049751,0.572139303482587,-0.28472222222222193,-0.3149030100334465,1.1746951934424985,-1.1187448979591825,-1.0645763888888886,-0.3149030100334465,0.5781470588235315,2.2017535612535477,2.7024401392053132,-1.0775982110675184,0.5542986727658008,85,0.09743653118897237,-0.25967682193958075,0.12227438032119092
FOLD_5,0.05,502,-0.030472730412977996,0.06948444480457384,-0.09995717521755185,0.38645418326693226,0.08539150020266616,0.44521857439610835,0.05179282868525897,0.40836653386454186,0.5398406374501992,-0.28199321813452327,-0.3156757202633593,1.1171762794906017,-1.1172957891246686,-1.064460451007326,-0.3156757202633593,0.5569901525614163,2.159877180631864,2.178776084877547,-1.077257881368481,0.42070548160336296,104,0.06654145214290537,-0.23037842141764636,0.030464070982542668
FOLD_5,0.1,1003,-0.012938614231459547,0.06985485611570792,-0.08279347034716748,0.40079760717846463,0.042788161307222024,0.4395311094131771,0.08075772681954138,0.4067796610169492,0.5124626121635095,-0.21981200289226413,-0.2816239316239314,1.1033277354713933,-1.1187334516415253,-1.0640516017001866,-0.2816239316239314,0.6218811536468474,2.0201886519729015,1.9679491221944465,-1.078436621032956,0.3843509955748773,109,0.04426901487377903,-0.16956073949977438,0.00397379880543941
FOLD_5,0.2,2006,-0.03077738638494567,0.07107780273692307,-0.10185518912186876,0.39232303090727816,0.004613355299675963,0.43125733987741244,0.11365902293120637,0.4057826520438684,0.48055832502492524,-0.2909012006364817,-0.3347780140532548,1.0917921066554257,-1.1229628473915172,-1.065487310844893,-0.3347780140532548,0.5839420821680417,1.9680591260577862,1.8316549065862444,-1.0805470712954157,0.2672473941435022,110,0.033048130359827184,-0.16662952462713004,-0.037080853616607484
FOLD_5,0.3,3009,-0.04488893062411449,0.07334429032358243,-0.11823322094769693,0.3875041542040545,-0.018385661724515407,0.42351152757085264,0.13426387504154205,0.42140245928880027,0.4443336656696577,-0.3291139240506296,-0.38423417721518643,1.1001846606727808,-1.130707216494846,-1.0689965357967668,-0.38423417721518643,0.5663499999999917,1.9502980753809072,1.7819422011148003,-1.0833744688910725,0.22292476849056125,110,0.03173652075044567,-0.18043680161857045,-0.056029640276823424
