feature,population,decile,value_mean,samples,mean_gross_R,mean_cost_R,mean_net_R,profitable_rate,predicted_mean_R,mean_probability,TARGET_frequency,STOP_frequency,TIMEOUT_frequency,median_gross_R,median_net_R,std_net_R,p05,p25,p50,p75,p95,TARGET_mean_net_R,STOP_mean_net_R,TIMEOUT_mean_net_R
room_to_target_R,POOLED,1,1.2295436920030103,5189,-0.035605310923489626,0.08225422211353754,-0.11785953303702715,0.4347658508383118,,,0.27327037964925804,0.37521680477934094,0.351512815571401,-0.2,-0.2411701244813288,0.9317485877012914,-1.1762069804212312,-1.057827922077922,-0.2411701244813288,1.013515275707872,1.212606966403164,1.1359336169198466,-1.1010245683829145,-0.04310973195172244
room_to_target_R,POOLED,2,1.4289908444584902,4892,-0.0169330199305781,0.10377941676465667,-0.12071243669523476,0.4178250204415372,,,0.2957890433360589,0.45768601798855274,0.24652493867538838,-0.425801986647126,-0.4764478315725491,1.0617355635978287,-1.2132363763140954,-1.0926403280196197,-0.4764478315725491,1.2082435448403686,1.401963155130146,1.303431457859905,-1.1191657670290691,0.02423017623691096
room_to_target_R,POOLED,3,1.5515436507315472,5485,-0.020601509200234614,0.0923181965488913,-0.11291970574912592,0.40692798541476755,,,0.25961713764813127,0.45907019143117594,0.2813126709206928,-0.40485829959513153,-0.45800000000000135,1.0811818030821039,-1.1976581257823546,-1.0804692307692307,-0.45800000000000135,1.284734449760766,1.506222297133137,1.4425770388162933,-1.108967999609606,0.07698453253961764
room_to_target_R,POOLED,4,1.7542590783629672,5189,-0.01643402808903844,0.11409697616746386,-0.13053100425650233,0.39121217961071497,,,0.2455193678936211,0.49874735016380806,0.25573328194257083,-0.8666666666666613,-0.9454694808899027,1.1610068051809128,-1.24205216890498,-1.1067358657243824,-0.9454694808899027,1.2042386363636308,1.7056772230292676,1.6125169636903176,-1.1301136813755652,0.14548772763489656
room_to_target_R,POOLED,5,1.9635832018355732,5188,-0.018893295467883698,0.2311432316229993,-0.250036527090883,0.36854279105628374,,,0.23978411719352352,0.5481881264456437,0.21202775636083268,-1.0,-1.045830688542227,1.5438529338403906,-1.513182165492946,-1.146685122003969,-1.045830688542227,1.12786834733893,1.892253063217385,1.740425027858973,-1.3014508931214712,0.21731645712127354
room_to_target_R,POOLED,6,2.161193818242636,5189,-0.01967710361611773,0.1267543045901895,-0.14643140820630723,0.36095586818269415,,,0.20427828097899403,0.5523222200809405,0.24339949894006552,-1.0,-1.0509605263157895,1.2866172612620184,-1.2756648648648643,-1.1234913793103445,-1.0509605263157895,0.8938490401396209,2.095997251193935,2.0095090839123277,-1.1429302384381337,0.30540447920355934
room_to_target_R,POOLED,7,2.477377080343797,5189,0.014429286879356653,0.13626417664533425,-0.12183488976597759,0.3517055309308152,,,0.19175178261707457,0.5748699171323954,0.23337830025052997,-1.0,-1.062047297297297,1.3879246355930734,-1.296989671378606,-1.1316510695187163,-1.062047297297297,0.8944367816091982,2.4091396937587004,2.303127951069794,-1.1498916136767874,0.4180950696017786
room_to_target_R,POOLED,8,2.9122489592106313,5188,-0.0016950097148071331,0.15146776859261007,-0.1531627783074172,0.3263299922898998,,,0.16017733230531997,0.6137239784117193,0.22609868928296067,-1.0,-1.0754477629559673,1.4870566019915228,-1.3306327345488151,-1.1546915518321326,-1.0754477629559673,0.7701797706117026,2.801568175994694,2.7121931066094027,-1.166389535075838,0.5672151016455024
room_to_target_R,POOLED,9,3.572655213060139,5189,-0.015853006225145443,0.17066672772279168,-0.1865197339479371,0.29331277702832914,,,0.12873386008864907,0.6583156677587204,0.21295047215263058,-1.0,-1.0960274627681386,1.6276782107639203,-1.3791069906524023,-1.1832307692307718,-1.0960274627681386,0.5204262435677544,3.430798941261755,3.3521362622032953,-1.1864874412608821,0.7655775355108835
room_to_target_R,POOLED,10,5.42180581654625,5189,0.04830552320659643,0.23113341789632771,-0.1828278946897313,0.259973019849682,,,0.09982655617652728,0.7088070919252264,0.1913663518982463,-1.0,-1.1293888888888903,1.9889520854340925,-1.5616944503395724,-1.2485975609756101,-1.1293888888888903,0.1576834862385314,4.465836977648146,4.698200606794023,-1.2480702328287596,1.2165563509364141
room_to_target_R,FOLD_1,1,1.2309779877947096,1051,-0.02816564744691857,0.07091781360838192,-0.09908346105530048,0.44814462416745954,,,0.27117031398667935,0.37678401522359656,0.3520456707897241,-0.17289719626168112,-0.20239953271027922,0.9313187493284132,-1.142989393605125,-1.053783083441982,-0.20239953271027922,1.0248741916957362,1.2221032063133612,1.1534728395387182,-1.085892569907966,-0.007737889605678244
room_to_target_R,FOLD_1,2,1.4326389503741366,1069,0.011360716734733975,0.08178387309045289,-0.07042315635571891,0.4237605238540692,,,0.3068288119738073,0.44340505144995324,0.24976613657623947,-0.41471571906354476,-0.44637214611872245,1.0761503467620086,-1.1638554831806862,-1.0747341450258148,-0.44637214611872245,1.2731666666666634,1.4312759627727818,1.3437563716290672,-1.097591806572968,0.015820495419435178
room_to_target_R,FOLD_1,3,1.5474522340045744,1290,0.03299932872570154,0.07481253314472606,-0.04181320441902454,0.4317829457364341,,,0.27054263565891473,0.4325581395348837,0.29689922480620157,-0.28001720077780223,-0.31677657014058735,1.0847454140549715,-1.1554203057532866,-1.0636009319738728,-0.31677657014058735,1.3736437127528511,1.5189640533180302,1.461006136637626,-1.0885242493678886,0.11375027613631533
room_to_target_R,FOLD_1,4,1.756942689493571,1067,0.055435271067686115,0.09275802977742037,-0.037322758709734255,0.4104967197750703,,,0.26804123711340205,0.4742268041237113,0.25773195876288657,-0.4614305750350623,-0.496849929873772,1.1844679668887232,-1.188210438309529,-1.0857476117446145,-0.496849929873772,1.5138083663203021,1.7322747332644977,1.6450340936535655,-1.107549056742635,0.182242503212971
room_to_target_R,FOLD_1,5,1.967360292323321,1167,0.04129657988507866,0.2532324782636994,-0.21193589837862076,0.401885175664096,,,0.2519280205655527,0.517566409597258,0.23050556983718937,-1.0,-1.030657894736842,1.9063774675864071,-1.5152711363636362,-1.129325256839596,-1.030657894736842,1.3712561425061476,1.9109767911983593,1.7935529407532913,-1.384014695115547,0.22792237122852219
room_to_target_R,FOLD_1,6,2.1602320006164657,1043,-0.025832866877075276,0.10310419891789493,-0.12893706579497022,0.36720997123681687,,,0.1975071907957814,0.5465004793863855,0.25599232981783315,-1.0,-1.0428910714285713,1.2744286896489874,-1.2266305593480546,-1.102348349139445,-1.0428910714285713,0.8034355976437488,2.110000448281306,2.0478532572569663,-1.1194696054174662,0.3062117770369538
room_to_target_R,FOLD_1,7,2.4833817021084665,1038,0.02654625483803963,0.11168257045022946,-0.0851363156121898,0.36897880539499034,,,0.1791907514450867,0.5664739884393064,0.2543352601156069,-1.0,-1.0490040294211704,1.3721991701214569,-1.2442697532985152,-1.1114483508245878,-1.0490040294211704,0.9077356599506653,2.4297715221987413,2.3355247406813384,-1.1245191966447867,0.5243870842990629
room_to_target_R,FOLD_1,8,2.9205711639733662,1056,-0.03348465827113264,0.12702407136580718,-0.16050872963693982,0.32007575757575757,,,0.15246212121212122,0.6145833333333334,0.23295454545454544,-1.0,-1.0678819022087065,1.4583848725902369,-1.2725856863957048,-1.132012797941495,-1.0678819022087065,0.6675608843537406,2.790909382788921,2.7330234393115846,-1.1392544398508804,0.5278948749489741
room_to_target_R,FOLD_1,9,3.5696528509670853,1060,-0.0440267909568659,0.14380506312270314,-0.187831854079569,0.28679245283018867,,,0.12924528301886792,0.6716981132075471,0.19905660377358492,-1.0,-1.0856846131044438,1.6223088888990942,-1.3333198757764004,-1.161368040983191,-1.0856846131044438,0.503789359763043,3.465880147456704,3.3939275800756543,-1.1599291777683938,0.7668233686084769
room_to_target_R,FOLD_1,10,5.405912124511534,999,0.03309322690395434,0.18871609642073695,-0.15562286951678264,0.2722722722722723,,,0.0980980980980981,0.7037037037037037,0.1981981981981982,-1.0,-1.1029404761904766,1.9170071640908806,-1.4735404628221316,-1.2135780790961381,-1.1029404761904766,0.4498888732526529,4.29469487577639,4.590483999485174,-1.206597527014871,1.2267847620941488
room_to_target_R,FOLD_2,1,1.237504062361496,1028,-0.0033349547577821324,0.08080120027476143,-0.08413615503254356,0.45525291828793774,,,0.30544747081712065,0.39299610894941633,0.301556420233463,-0.16735917690211943,-0.2128277027027033,0.9680915171501766,-1.1597783494847564,-1.0631569652614892,-0.2128277027027033,1.0819684318567264,1.2231787076535876,1.149421851732645,-1.0973840697004562,-0.01312020857587417
room_to_target_R,FOLD_2,2,1.4326201864943386,963,0.006206330257758384,0.09782533707737506,-0.09161900681961667,0.4402907580477674,,,0.29179646936656284,0.4434060228452752,0.26479750778816197,-0.34928229665072025,-0.39433773245350684,1.0540073722222374,-1.1878272271732022,-1.0834454304302037,-0.39433773245350684,1.2183064865077418,1.4069322544239742,1.3050618914452776,-1.1106161741555067,0.07561416196465655
room_to_target_R,FOLD_2,3,1.547971522237613,1188,-0.018687582840187844,0.09110350485136606,-0.10979108769155389,0.4158249158249158,,,0.255050505050505,0.4562289562289562,0.2887205387205387,-0.3794191919191947,-0.43153018707482926,1.0728135262492955,-1.1958476724873794,-1.0825673666007904,-0.43153018707482926,1.2136618481054735,1.4957364094453585,1.4358302164422196,-1.1072089863732568,0.10092974593220587
room_to_target_R,FOLD_2,4,1.7585572517483612,1060,-0.03099632353257784,0.10417863929174034,-0.1351749628243182,0.39811320754716983,,,0.22924528301886793,0.5047169811320755,0.2660377358490566,-1.0,-1.0282634437138556,1.1473809501253376,-1.2084060222902535,-1.1037934464104586,-1.0282634437138556,0.9855093537414964,1.7175630748784305,1.6281729865881545,-1.1190423771030424,0.21190133126038613
room_to_target_R,FOLD_2,5,1.9621934427509315,1138,0.0036117776100718915,0.2126079043142883,-0.20899612670421644,0.37434094903339193,,,0.24340949033391915,0.539543057996485,0.21704745166959577,-1.0,-1.0422942259106196,1.4326197399493295,-1.483470504545128,-1.1347536855036857,-1.0422942259106196,1.3060631671796243,1.8936718484637094,1.7791145148720575,-1.2881279029020438,0.24396040312913633
room_to_target_R,FOLD_2,6,2.1630457774452356,1071,0.008674798797595718,0.12188948267461237,-0.11321468387701664,0.3697478991596639,,,0.21475256769374415,0.5499533146591971,0.23529411764705882,-1.0,-1.0513375,1.3040849781758557,-1.2377434809058991,-1.1200573144104804,-1.0513375,1.0558180670463369,2.106026252573773,2.015049600418527,-1.1345319843252488,0.3314484295199421
room_to_target_R,FOLD_2,7,2.4772757836040706,1122,0.01732605542558867,0.12768884349548765,-0.11036278806989898,0.3484848484848485,,,0.19607843137254902,0.5766488413547237,0.22727272727272727,-1.0,-1.0566655331270929,1.39335764789373,-1.2871569536229415,-1.1221243905141847,-1.0566655331270929,0.8844643675484363,2.4098142378614558,2.32195681660656,-1.140138487612529,0.4039688377154369
room_to_target_R,FOLD_2,8,2.9109475624142083,1155,-0.007021727489321118,0.1443194286177156,-0.15134115610703672,0.33506493506493507,,,0.1523809523809524,0.6095238095238096,0.23809523809523808,-1.0,-1.0722776049766716,1.4706252836301215,-1.318804584965578,-1.1534199713330144,-1.0722776049766716,0.718186561941055,2.8207907848791005,2.732625301576746,-1.1623050910689534,0.5909879844778491
room_to_target_R,FOLD_2,9,3.5709645094358664,1078,-0.005058773635522652,0.16566105926579514,-0.17071983290131776,0.29962894248608535,,,0.1280148423005566,0.6586270871985158,0.21335807050092764,-1.0,-1.0936951843698406,1.6247424689897005,-1.352500986582478,-1.1811161712398364,-1.0936951843698406,0.6308496676933024,3.4187648807926556,3.3477029901414914,-1.1794684303378398,0.832189534924869
room_to_target_R,FOLD_2,10,5.3433427605554815,1092,0.15439836171200058,0.22499777947586852,-0.07059941776386792,0.2866300366300366,,,0.10531135531135531,0.6904761904761905,0.2042124542124542,-1.0,-1.1261057692307685,2.0817719237665187,-1.5419433740601605,-1.2510288461538428,-1.1261057692307685,0.5734203125,4.698994162488913,4.75493965174795,-1.2474656530393666,1.4200738934642358
room_to_target_R,FOLD_3,1,1.2213419564984171,1170,-0.016077436563629106,0.07829049155684875,-0.09436792812047785,0.45213675213675214,,,0.2623931623931624,0.3547008547008547,0.38290598290598293,-0.11234468948362647,-0.1525047279289719,0.9128411323640362,-1.1693347506174088,-1.0485908136061721,-0.1525047279289719,0.9729972954340534,1.2098866687648595,1.1284052070496822,-1.1002160397890322,-0.0005384329302751004
room_to_target_R,FOLD_3,2,1.427237768301856,991,-0.050931700004634935,0.10319633690536663,-0.15412803691000157,0.4056508577194753,,,0.27648839556004035,0.4661957618567104,0.25731584258324924,-0.46969696969696995,-0.5307473684210531,1.0464340741088325,-1.2100157343685662,-1.0966994870221602,-0.5307473684210531,1.1905005812263774,1.399624218564942,1.304766889632915,-1.118874017672006,0.02616777971465331
room_to_target_R,FOLD_3,3,1.5513218626235574,1048,-0.013144375468393019,0.09508611433998845,-0.10823048980838149,0.4083969465648855,,,0.27099236641221375,0.4666030534351145,0.26240458015267176,-0.46651785714285543,-0.5131489898989905,1.0893781988379492,-1.1883187269372688,-1.0785971590909091,-0.5131489898989905,1.3041892250772267,1.5013119171351226,1.432695365991331,-1.1049530398535055,0.07276726991869918
room_to_target_R,FOLD_3,4,1.751201794489026,996,-0.05708941278558951,0.11904867759005733,-0.17613809037564687,0.37349397590361444,,,0.2359437751004016,0.5150602409638554,0.24899598393574296,-1.0,-1.032106275890638,1.1463548878176402,-1.2498301233055846,-1.1048458820662779,-1.032106275890638,1.0425854918168964,1.6770616344648108,1.5905880786678899,-1.1323269937803953,0.12766940043646915
room_to_target_R,FOLD_3,5,1.9652740196397633,1030,-0.022221007091779165,0.24787094999856263,-0.2700919570903418,0.3553398058252427,,,0.2504854368932039,0.5650485436893203,0.18446601941747573,-1.0,-1.0521623707362249,1.5067392558780228,-1.53272110389612,-1.163829272808056,-1.0521623707362249,1.3239553571428755,1.8817256048387163,1.6359827040712183,-1.272396687722125,0.21187694105710805
room_to_target_R,FOLD_3,6,2.1619416372339932,1013,-0.07202274314735553,0.12881290441972174,-0.20083564756707725,0.3415597235932873,,,0.18657453109575517,0.5686080947680158,0.24481737413622903,-1.0,-1.0573235294117647,1.2565351757223866,-1.2777423076923087,-1.129134877384196,-1.0573235294117647,0.7695760171306258,2.0632400453955837,1.9927715138680075,-1.1427629978391067,0.31512564374525304
room_to_target_R,FOLD_3,7,2.473882118366159,998,0.02484935177017467,0.1389802064538147,-0.11413085468364002,0.35971943887775554,,,0.18537074148296592,0.5651302605210421,0.24949899799599198,-1.0,-1.0656047789539227,1.3810702387041804,-1.3144459672166824,-1.1344783486203749,-1.0656047789539227,0.9750565092190124,2.39886117193199,2.291875166404481,-1.156085474512894,0.45836429263522277
room_to_target_R,FOLD_3,8,2.90486529076238,987,-0.0054217260800949515,0.15326356893342716,-0.15868529501352208,0.3191489361702128,,,0.16109422492401215,0.6139817629179332,0.22492401215805471,-1.0,-1.0788225806451615,1.4825442231316752,-1.3208140039263434,-1.1550300021026438,-1.0788225806451615,0.7702653316645817,2.7852925328157183,2.69624667720613,-1.1662412972308205,0.5469217039088116
room_to_target_R,FOLD_3,9,3.576130557268889,1035,0.07650263303654845,0.17847349831032505,-0.1019708652737766,0.3178743961352657,,,0.1468599033816425,0.633816425120773,0.21932367149758455,-1.0,-1.0960340909090907,1.6989694051007331,-1.3937801989170973,-1.1847670454545454,-1.0960340909090907,0.728550352399026,3.4769845641726196,3.3643474454510662,-1.1977105560295895,0.7435130726365191
room_to_target_R,FOLD_3,10,5.434479367500726,1043,-0.024948015970472887,0.23237892894247178,-0.2573269449129447,0.23969319271332695,,,0.09204218600191755,0.7229146692233941,0.1850431447746884,-1.0,-1.1341206896551717,1.9147146271019946,-1.561793715808768,-1.2463982479784306,-1.1341206896551717,-0.2151345689334787,4.412016532811723,4.6003910812811375,-1.2489086342676932,1.2002464398479287
room_to_target_R,FOLD_4,1,1.2291115722630044,960,-0.08839331693636575,0.08847484448287296,-0.1768681614192387,0.390625,,,0.2552083333333333,0.3770833333333333,0.36770833333333336,-0.3120857297604008,-0.34879202602416914,0.914897918982669,-1.1841512493295174,-1.060882109815,-0.34879202602416914,0.9319777317807851,1.2054939989411437,1.1269612476919262,-1.1079841774204353,-0.12693673773595882
room_to_target_R,FOLD_4,2,1.4265165232694894,860,-0.011990522850537498,0.11426150193346389,-0.12625202478400135,0.41511627906976745,,,0.3,0.4604651162790698,0.23953488372093024,-0.3318591929525424,-0.36759328556263204,1.060553041004293,-1.2377162688416217,-1.1067328540457517,-0.36759328556263204,1.2026725102213949,1.3835147335850704,1.2907673297856135,-1.1312725738616607,0.03101566432178744
room_to_target_R,FOLD_4,3,1.5550637869087467,971,-0.032800911735522756,0.10118880890167178,-0.13398972063719455,0.39752832131822863,,,0.26570545829042225,0.47167868177136973,0.262615859938208,-0.5059288537549398,-0.5504536082474236,1.0986224092090606,-1.2371093750000002,-1.0915928697377124,-0.5504536082474236,1.3359806633882725,1.4975694444444423,1.4460720719494753,-1.125391107829958,0.04799417288015806
room_to_target_R,FOLD_4,4,1.75256661066883,1018,-0.024968995892662087,0.12311051498453413,-0.1480795108771962,0.3831041257367387,,,0.2544204322200393,0.5098231827111984,0.2357563850687623,-1.0,-1.0374673061470472,1.176069373245629,-1.2592248263888886,-1.1221864851177947,-1.0374673061470472,1.3461954295335021,1.7031037289915822,1.6109960990169294,-1.1418292501444527,0.10256853794416834
room_to_target_R,FOLD_4,5,1.9604248068097614,960,-0.1166552658489191,0.23200661122249364,-0.3486618770714127,0.3385416666666667,,,0.20729166666666668,0.575,0.21770833333333334,-1.0,-1.0605807351258583,1.343165410817897,-1.5655449999999878,-1.1648892045454557,-1.0605807351258583,0.5586224351517652,1.8715056818181992,1.7277189477929678,-1.2945756737826815,0.17260430300805438
room_to_target_R,FOLD_4,6,2.1597608310361673,998,0.048939416540564495,0.13157795421386242,-0.0826385376732979,0.3927855711422846,,,0.22044088176352705,0.5210420841683366,0.25851703406813625,-1.0,-1.0414824782203191,1.2998394526590393,-1.2893137565476698,-1.1223806262230918,-1.0414824782203191,1.027784666000584,2.0919127951034486,2.0025289907978734,-1.1516571362783867,0.29392276081890545
room_to_target_R,FOLD_4,7,2.4754443667579435,1029,-0.0012127353374838002,0.1530573042901494,-0.1542700396276332,0.33819241982507287,,,0.19825072886297376,0.5811467444120505,0.2206025267249757,-1.0,-1.0688245823389022,1.3888027772467841,-1.3119007950574695,-1.148550356052898,-1.0688245823389022,0.8968309445488833,2.3933610169491706,2.268357947639229,-1.1632565161310129,0.3266013416348389
room_to_target_R,FOLD_4,8,2.913747044371245,985,-0.006323533007500979,0.1732059438233848,-0.1795294768308858,0.3197969543147208,,,0.16446700507614212,0.6284263959390863,0.20710659898477157,-1.0,-1.0875833333333336,1.5099135822389145,-1.374150269138755,-1.1752500000000003,-1.0875833333333336,0.8304600000000111,2.7811543579947418,2.6944075025968406,-1.1893378425456944,0.6023018354738928
room_to_target_R,FOLD_4,9,3.572384757217437,1010,-0.00511512435010334,0.1834742542567615,-0.18858937860686487,0.29306930693069305,,,0.12673267326732673,0.6475247524752475,0.22574257425742575,-1.0,-1.1011896317350471,1.6310685823174134,-1.4218949361661646,-1.1946868055555546,-1.1011896317350471,0.488788426189325,3.425975833333337,3.357284585746955,-1.201337409025173,0.7257323076049095
room_to_target_R,FOLD_4,10,5.550063773784806,1023,0.07202531768990789,0.250107575891873,-0.17808225820196513,0.25219941348973607,,,0.10948191593352884,0.7106549364613881,0.1798631476050831,-1.0,-1.141596153846155,2.048213408578075,-1.5840776243907193,-1.261231481481481,-1.141596153846155,0.04255494505494073,4.554911476847603,4.764470410848996,-1.262095197372364,1.096436806163102
room_to_target_R,FOLD_5,1,1.2298703857633986,980,-0.049038106516243914,0.09457467014001131,-0.14361277665625521,0.42142857142857143,,,0.2724489795918367,0.37755102040816324,0.35,-0.2393007836045816,-0.285128826530611,0.9286565805951282,-1.2049087188818646,-1.0659070951803047,-0.285128826530611,0.9916592126678427,1.20012220080792,1.1182387409400119,-1.115292659622568,-0.07770256820339093
room_to_target_R,FOLD_5,2,1.425492661197258,1009,-0.03981414407530679,0.12440404889742003,-0.16421819297272683,0.4043607532210109,,,0.30327056491575816,0.4757185332011893,0.22101090188305253,-0.5777777777777758,-0.6454803921568621,1.0665631888728029,-1.251491732150752,-1.1141565217391303,-0.6454803921568621,1.163091216216211,1.391233025166922,1.2681919584598649,-1.1383683214258609,-0.03294216015151031
room_to_target_R,FOLD_5,3,1.5579566041097883,988,-0.08880827208424108,0.10498137173959321,-0.1937896438238343,0.3714574898785425,,,0.23279352226720648,0.4767206477732793,0.29048582995951416,-0.5287749466549525,-0.5960897052966939,1.0538990456447528,-1.2268769139441549,-1.0942665211500826,-0.5960897052966939,0.8548924441465111,1.5024252941176384,1.4317822934842406,-1.1234107375390991,0.029102305859205774
room_to_target_R,FOLD_5,4,1.7517290306398823,1048,-0.027948482906041877,0.13239317440578705,-0.16034165731182892,0.3893129770992366,,,0.23950381679389313,0.491412213740458,0.26908396946564883,-0.7172964210001244,-0.7967747300592137,1.144390210507094,-1.2773519656952066,-1.1213403278446716,-0.7967747300592137,1.0249129273504158,1.6789144249512793,1.5824089126824084,-1.1497739501043656,0.09542868921158543
room_to_target_R,FOLD_5,5,1.9618633789078956,893,-0.01729567302803403,0.20567476275992103,-0.22297043578795506,0.3650615901455767,,,0.24188129899216126,0.5509518477043673,0.20716685330347145,-1.0,-1.0462272727272726,1.3815115524413626,-1.4606128390596789,-1.1499111374407571,-1.0462272727272726,1.0832401315789488,1.888743653869712,1.7549529684924066,-1.258801397608743,0.22242079605674506
room_to_target_R,FOLD_5,6,2.1609046340997047,1064,-0.05670490500252126,0.14835009456767503,-0.2050549995701963,0.33458646616541354,,,0.20206766917293234,0.5742481203007519,0.2236842105263158,-1.0,-1.0599736842105263,1.2921720740825213,-1.3192741502683336,-1.147923253735009,-1.0599736842105263,0.8210395085012927,2.092754541198516,1.9886988639966767,-1.1656429654469351,0.2792398175886683
room_to_target_R,FOLD_5,7,2.4767359544792975,1002,0.004318337827567381,0.1513804490298336,-0.1470621112022662,0.34331337325349304,,,0.1996007984031936,0.5848303393213573,0.2155688622754491,-1.0,-1.0730024089306698,1.4026615942194607,-1.3239540816326467,-1.150381987577639,-1.0730024089306698,0.8077642045454526,2.408880357142862,2.2981614139552047,-1.1665190959279823,0.354591074065213
room_to_target_R,FOLD_5,8,2.910783219853059,1005,0.04602597774876091,0.16229793715361238,-0.1162719594048515,0.336318407960199,,,0.17213930348258707,0.6029850746268657,0.22487562189054727,-1.0,-1.0755526315789472,1.516513986132891,-1.3581204182678117,-1.1591186523437507,-1.0755526315789472,0.8438688311688305,2.8042811859838213,2.7033318363542076,-1.176902662455514,0.569350825472955
room_to_target_R,FOLD_5,9,3.574326447126415,1006,-0.10353224901404745,0.18344393022311925,-0.28697617923716673,0.268389662027833,,,0.11232604373757456,0.679920477137177,0.2077534791252485,-1.0,-1.1035499999999994,1.5508531871119393,-1.4191905233339126,-1.1960632042253527,-1.1035499999999994,0.30904752776308836,3.2936108201581122,3.2846256049357416,-1.196456358155464,0.7584469823349695
room_to_target_R,FOLD_5,10,5.380268075833108,1032,0.0012917596055245426,0.2586192605888525,-0.2573275009833279,0.24806201550387597,,,0.0939922480620155,0.7170542635658915,0.18895348837209303,-1.0,-1.1438896648044685,1.9643439072194002,-1.6189651864035108,-1.275643601371735,-1.1438896648044685,-0.016547656249998956,4.4681644726039,4.7600432226872735,-1.2734524780182326,1.1029162057334978
initial_risk_fraction,POOLED,1,0.0038719680182314614,5189,0.006949798428550534,0.4946588186023762,-0.4877090201738257,0.26517633455386397,,,0.25322798227018695,0.7292349200231258,0.017537097706687224,-1.0,-1.3253091872791563,1.9977109014485328,-1.812654368957622,-1.4314189189189022,-1.3253091872791563,0.9329128440367123,3.402219269102953,2.350118406097011,-1.5121911874809872,1.1357556278527672
initial_risk_fraction,POOLED,2,0.006618518719710456,5189,-0.01410305676687501,0.2288429615659649,-0.2429460183328399,0.3012141067643091,,,0.269223357101561,0.6891501252649836,0.04162651763345539,-1.0,-1.2109625668449162,1.5978507290891655,-1.266309596007155,-1.237678753830441,-1.2109625668449162,1.165460947503225,2.892443098591512,2.0858074421071517,-1.2293743853550267,1.0264949827628629
initial_risk_fraction,POOLED,3,0.008805404887373606,5188,-0.026185929526812573,0.17120706992744308,-0.1973929994542556,0.3163068619892059,,,0.2561680801850424,0.6653816499614496,0.0784502698535081,-1.0,-1.1607023416121978,1.5057803338790037,-1.1902796740172592,-1.175500000000001,-1.1607023416121978,1.2166828805385899,2.6628820653965124,2.0076663182762147,-1.1712825633407837,0.8624176670629443
initial_risk_fraction,POOLED,4,0.011038480109424266,5189,0.009528329003120737,0.136399547739345,-0.12687121873622434,0.34361148583542106,,,0.25419155906725766,0.6243977645018308,0.12141067643091154,-1.0,-1.1279178082191779,1.447596027990286,-1.1491386343168934,-1.1391836734693865,-1.1279178082191779,1.2411470898673198,2.5442422353668004,1.9437992436162455,-1.1365474601991115,0.7304885947508347
initial_risk_fraction,POOLED,5,0.013533234837848258,5188,-0.004437796370854449,0.11120522529201383,-0.11564302166286831,0.3548573631457209,,,0.2220508866615266,0.5969545104086353,0.1809946029298381,-1.0,-1.1038289241873152,1.3998134769764645,-1.1207696656050947,-1.112772792580983,-1.1038289241873152,1.163598724250926,2.4694105535643085,1.9531725546247896,-1.1112716490478625,0.630029305416946
initial_risk_fraction,POOLED,6,0.0164486270948849,5189,-0.03871106839092261,0.09148095605700948,-0.1301920244479321,0.36384659857390633,,,0.20312198882250915,0.5696666024282135,0.2272114087492773,-1.0,-1.0849971098265896,1.2910877865240304,-1.0989682881293512,-1.0927942857142854,-1.0849971098265896,1.10895,2.1836080593424154,1.8508591186879941,-1.0916655736852,0.5094075571297585
initial_risk_fraction,POOLED,7,0.020176249475471503,5189,-0.01585541592932556,0.07461741909435296,-0.09047283502367855,0.3862015802659472,,,0.1846213143187512,0.5141645789169397,0.3012141067643091,-1.0,-1.0672803504380475,1.2316288970388654,-1.08110682180831,-1.0752524752475243,-1.0672803504380475,0.9022564789991191,2.2384966798418935,1.8539538434078477,-1.0748752752821402,0.3980907943251206
initial_risk_fraction,POOLED,8,0.025274809997701948,5188,-0.003740922446078459,0.059651744374534736,-0.0633926668206132,0.4070932922127988,,,0.17289899768696992,0.44680030840400925,0.3803006939090208,-0.38663781799108166,-0.44490166373313067,1.134598935883085,-1.065348367861524,-1.0591220930232559,-0.44490166373313067,0.8384881424629197,1.9952696121579785,1.748136217822267,-1.0598839219036031,0.2837565069035162
initial_risk_fraction,POOLED,9,0.03402343616874327,5189,-0.008212491573687052,0.044540559043225576,-0.05275305061691262,0.424359221429948,,,0.15802659471959915,0.3742532279822702,0.46772017729813065,-0.2050473186119872,-0.24855672823219044,1.026434954255221,-1.0502664892766023,-1.0426600000000001,-0.24855672823219044,0.6887054794520531,1.7622066202090585,1.6420304062358382,-1.044872281449628,0.16849668636614362
initial_risk_fraction,POOLED,10,0.06358487891098266,5189,0.011602424460120726,0.02659253211957617,-0.014990107659455435,0.44825592599730196,,,0.12314511466563885,0.23703989207939874,0.6398149932549624,-0.0888450148075009,-0.11351714285714243,0.8697972508201427,-1.0340714285714285,-0.8012352941176469,-0.11351714285714243,0.4724842105263175,1.4856609264178993,1.5546542554764051,-1.0281252810878894,0.05824890296499005
initial_risk_fraction,FOLD_1,1,0.003925320583712999,691,-0.09179866229054215,0.5879941946419055,-0.6797928569324477,0.24167872648335745,,,0.23589001447178004,0.7554269175108539,0.008683068017366137,-1.0,-1.3216666666666705,2.4818646255165175,-1.8750160256410027,-1.4287147219192962,-1.3216666666666705,-1.2753255702877597,3.083594693538644,2.3590696588714075,-1.6466186042562643,0.8782821475681816
initial_risk_fraction,FOLD_1,2,0.006643432027638904,819,-0.07691357818332803,0.22799560631022317,-0.30490918449355114,0.2771672771672772,,,0.25274725274725274,0.7216117216117216,0.02564102564102564,-1.0,-1.21229773462783,1.601131249196298,-1.2655743964365065,-1.2383142528524127,-1.21229773462783,1.050546392343091,3.158424740132908,2.2017741222030773,-1.2284193231430494,0.9765692657755536
initial_risk_fraction,FOLD_1,3,0.008834550875322998,841,-0.027875489661133422,0.17065157928946798,-0.19852706895060138,0.3103448275862069,,,0.272294887039239,0.6837098692033293,0.04399524375743163,-1.0,-1.1602589285714284,1.517700291367772,-1.1904966012084603,-1.1739700000000033,-1.1602589285714284,1.2799272486772424,2.7506620762712037,1.9960270213934805,-1.1701659904130601,1.3187565297553192
initial_risk_fraction,FOLD_1,4,0.011054001246057632,1028,-0.018606503648278313,0.13621389030074763,-0.15482039394902594,0.32782101167315175,,,0.26556420233463035,0.6498054474708171,0.08463035019455253,-1.0,-1.1287834687271716,1.458039365653454,-1.1493652456790475,-1.1391327552992285,-1.1287834687271716,1.2390977798258984,2.520934709241982,1.9558523230882974,-1.136236314306986,0.7575035491306064
initial_risk_fraction,FOLD_1,5,0.013519423670713316,979,0.061415426290397,0.11132832750071793,-0.04991290121032091,0.3534218590398366,,,0.2522982635342186,0.6159346271705822,0.1317671092951992,-1.0,-1.1044255,1.5344262516868858,-1.1211855918526348,-1.113469474861331,-1.1044255,1.2753519284984467,2.7530589576863362,2.1001250069687933,-1.1115992745081864,0.7961143838933363
initial_risk_fraction,FOLD_1,6,0.016475117690545,1127,-0.03705471044194439,0.09133367860566538,-0.12838838904760977,0.36024844720496896,,,0.2191659272404614,0.5962732919254659,0.18456078083407276,-1.0,-1.0855010317255607,1.3335841330653724,-1.0991345468085103,-1.0924921953046955,-1.0855010317255607,1.1835340223377546,2.2273381538461523,1.8830094500910843,-1.0915188160849378,0.5947288258650196
initial_risk_fraction,FOLD_1,7,0.020239143398812356,1185,0.06472168583417255,0.07439106081217703,-0.009669374978004462,0.40675105485232066,,,0.2219409282700422,0.5282700421940928,0.249789029535865,-1.0,-1.0676178010471205,1.3235968307761763,-1.0809190073166177,-1.0747631578947372,-1.0676178010471205,1.2049918831168789,2.372955182944209,1.9316842484736603,-1.0744333242973692,0.5172435618670442
initial_risk_fraction,FOLD_1,8,0.02532794910294857,1200,0.01248452190490974,0.05953272789780764,-0.047048205992897926,0.4091666666666667,,,0.195,0.4841666666666667,0.32083333333333336,-0.5740059555088448,-0.63286092135225,1.189794891365156,-1.06545145985119,-1.0595919116701942,-0.63286092135225,1.0504394087865498,2.015642919741691,1.758842229587501,-1.0597572529465813,0.3836156754467815
initial_risk_fraction,FOLD_1,9,0.03401151777964382,1398,0.040883925170715624,0.044556293171537566,-0.003672368000821938,0.43776824034334766,,,0.18454935622317598,0.3977110157367668,0.4177396280400572,-0.2052843955023127,-0.2512469398746561,1.088768920563052,-1.0505720094664373,-1.0436055863023177,-0.2512469398746561,0.8982560866013068,1.8587208027720847,1.6762953092078112,-1.045137554095557,0.24568205451432423
initial_risk_fraction,FOLD_1,10,0.06408436340771889,1572,0.054641176783469345,0.02617246183955763,0.028468714943911712,0.47010178117048346,,,0.13295165394402036,0.23282442748091603,0.6342239185750637,-0.0601684152846934,-0.08006582269715251,0.8911897597779622,-1.0333586647727273,-0.7748218276412303,-0.08006582269715251,0.5597481941944197,1.5253472404960118,1.5360337492382146,-1.0279895850224046,0.10026675468329233
initial_risk_fraction,FOLD_2,1,0.003900482996037713,975,-0.03990730197196526,0.48697283830009835,-0.5268801402720638,0.2512820512820513,,,0.23487179487179488,0.7466666666666667,0.018461538461538463,-1.0,-1.3257843352347576,1.9240117601688072,-1.8747112990964658,-1.4227252842819826,-1.3257843352347576,0.2196097955395091,3.453727163273009,2.429590717577853,-1.5124478368324585,1.7209785624132987
initial_risk_fraction,FOLD_2,2,0.006640264100349602,1033,0.11171641420629416,0.22803457677088695,-0.11631816256459282,0.32623426911907066,,,0.2962245885769603,0.6679574056147144,0.03581800580832527,-1.0,-1.2082252836304654,1.7269388333494915,-1.2642913275726637,-1.2353708219341073,-1.2082252836304654,1.3265595903165668,3.241068803418802,2.2106600264686547,-1.2279490783786933,1.3693576770990736
initial_risk_fraction,FOLD_2,3,0.008819750065859002,1069,-0.02984226696844845,0.17095818075908803,-0.20080044772753647,0.31524789522918617,,,0.25257249766136575,0.6697848456501403,0.07764265668849392,-1.0,-1.1609021406727817,1.511012995834844,-1.190429912520503,-1.1760333333333337,-1.1609021406727817,1.2219200992182913,2.591887918239839,2.0083798911227815,-1.1714235766593424,0.9857955622192962
initial_risk_fraction,FOLD_2,4,0.011049467409507074,1063,0.015455394376898957,0.13627403308952532,-0.12081863871262641,0.34148635936030103,,,0.24835371589840075,0.6368767638758231,0.1147695202257761,-1.0,-1.1280867970660147,1.4856511808277464,-1.1490794628412155,-1.1397140131330197,-1.1280867970660147,1.211055076938657,2.6470262962962776,1.9958549909101593,-1.136559017926741,0.9353649556114751
initial_risk_fraction,FOLD_2,5,0.013522637531458033,1117,-0.028588514749406248,0.11129601482251344,-0.13988452957191969,0.34825425246195163,,,0.21396598030438674,0.6204118173679498,0.1656222023276634,-1.0,-1.1044999350775826,1.4067499731062634,-1.1208415922491124,-1.1133571428571427,-1.1044999350775826,1.1397629310344939,2.554650103090678,1.985297858911904,-1.1113499587137183,0.7536665598747427
initial_risk_fraction,FOLD_2,6,0.016398180947144073,1110,0.013808457030405669,0.09175228507099223,-0.07794382804058657,0.36936936936936937,,,0.21891891891891893,0.5711711711711712,0.2099099099099099,-1.0,-1.0852074943009122,1.3470846155647143,-1.0988605189608078,-1.093293514991117,-1.0852074943009122,1.1945061162507615,2.348150222717147,1.9186773818524017,-1.0918703291203906,0.5986675353954632
initial_risk_fraction,FOLD_2,7,0.020164913266826786,1134,-0.019752593997937568,0.07466364390323277,-0.09441623790117033,0.3897707231040564,,,0.1931216931216931,0.5264550264550265,0.2804232804232804,-1.0,-1.0676211875405581,1.226592511719606,-1.0813320312499999,-1.075255820888727,-1.0676211875405581,0.9941301020408102,2.203545921391749,1.8009975893098886,-1.0748238451264331,0.4408281437159992
initial_risk_fraction,FOLD_2,8,0.025289853548124942,1251,0.060287005990540314,0.05961706395540303,0.0006699420351372801,0.43325339728217427,,,0.18225419664268586,0.42685851318944845,0.3908872901678657,-0.25862068965517265,-0.32003409090909213,1.1595790862340132,-1.0652526978417267,-1.058625859633327,-0.32003409090909213,0.9959563195457244,2.0597070493979333,1.765592068512732,-1.0599488906114378,0.33598325859215056
initial_risk_fraction,FOLD_2,9,0.03394416503646282,1160,0.044253087853838746,0.04463517335541644,-0.00038208550157769875,0.4603448275862069,,,0.16724137931034483,0.3646551724137931,0.4681034482758621,-0.07508051529790813,-0.12120857020600515,1.0232181385596197,-1.050022430528927,-1.0421388343270015,-0.12120857020600515,0.823427618849434,1.7586061454311426,1.597863307107729,-1.0448270454193358,0.2422341426365552
initial_risk_fraction,FOLD_2,10,0.05786113458593392,983,-0.013628304025066934,0.027971894874383486,-0.041600198899450436,0.4526958290946083,,,0.10681586978636826,0.2380467955239064,0.6551373346897253,-0.06725888324873198,-0.0925019280205675,0.8492070241037742,-1.034762256592292,-0.78574414424634,-0.0925019280205675,0.43273215076991245,1.4689888608872217,1.576218384223648,-1.0293711062244462,0.053535579184592556
initial_risk_fraction,FOLD_3,1,0.0038523776231113352,1093,0.045994417159379374,0.495573198524855,-0.4495787813654756,0.2799634034766697,,,0.2744739249771272,0.7090576395242452,0.01646843549862763,-1.0,-1.3248939861218196,1.926992937117043,-1.81406375300724,-1.4344310344827567,-1.3248939861218196,1.082434290953453,3.3375165598552035,2.1510326689713857,-1.4882409426358996,0.9270734343856473
initial_risk_fraction,FOLD_3,2,0.006606038655947694,1075,-0.030772031899835867,0.22925571889290877,-0.2600277507927447,0.29953488372093023,,,0.26232558139534884,0.693953488372093,0.04372093023255814,-1.0,-1.2133749999999988,1.5552068895393076,-1.266537094336496,-1.2394076933381981,-1.2133749999999988,1.215639528563318,2.806504826997859,2.0557824851956004,-1.2303430635165522,1.2462857969359205
initial_risk_fraction,FOLD_3,3,0.008823212605720578,1024,0.009368182972413493,0.17085123504605992,-0.16148305207364644,0.3251953125,,,0.2626953125,0.6513671875,0.0859375,-1.0,-1.1602137793176968,1.5277383498932062,-1.1889810600155881,-1.1747763392857156,-1.1602137793176968,1.2466331444401282,2.7764089148339326,2.038005450704315,-1.1710402958977806,0.7670655204652834
initial_risk_fraction,FOLD_3,4,0.011031053103826668,1048,0.03080527490605308,0.13649007166375265,-0.10568479675769955,0.3520992366412214,,,0.26049618320610685,0.6135496183206107,0.12595419847328243,-1.0,-1.1272159295622415,1.4444982416547456,-1.1487325984990615,-1.1391602673742987,-1.1272159295622415,1.2765626191358699,2.575860388198745,1.9383528546412216,-1.1365998076068746,0.6886793937280128
initial_risk_fraction,FOLD_3,5,0.01354900848635393,1024,-0.04245731405020541,0.11106489632101658,-0.153522210371222,0.34375,,,0.21484375,0.59765625,0.1875,-1.0,-1.104002960557731,1.350350962576874,-1.120566543496535,-1.1123364532396087,-1.104002960557731,1.125434335389106,2.3981823861021696,1.8865428570395275,-1.111000221252317,0.5608643929041176
initial_risk_fraction,FOLD_3,6,0.016466064238092604,993,-0.08439825676601209,0.09137539987490685,-0.17577365664091893,0.35850956696878145,,,0.17925478348439072,0.5709969788519638,0.2497482376636455,-1.0,-1.0851538461538461,1.2533733281940709,-1.0986393617021275,-1.0926624999999999,-1.0851538461538461,0.939272584033622,2.010272035763653,1.779840036579611,-1.0916686657316155,0.5146022819121883
initial_risk_fraction,FOLD_3,7,0.0201273968821515,1009,-0.0630651159973146,0.07479614594946828,-0.13786126194678286,0.3607532210109019,,,0.1565906838453915,0.533201189296333,0.31020812685827553,-1.0,-1.0678157894736842,1.2403917831622269,-1.0812205882352939,-1.075850393700787,-1.0678157894736842,0.789,2.1693395261913846,1.9064075956317168,-1.075068369910493,0.44112578146239667
initial_risk_fraction,FOLD_3,8,0.025275762194480276,951,-0.040230675818425876,0.05965071473078455,-0.09988139054921044,0.39852786540483703,,,0.17560462670872765,0.4668769716088328,0.35751840168243953,-0.490196078431373,-0.5471078431372554,1.1288969625296148,-1.0654416062475707,-1.059758447160316,-0.5471078431372554,0.769068335950888,1.944804217575188,1.7105307198179553,-1.0598555507127692,0.2645000938075647
initial_risk_fraction,FOLD_3,9,0.03410106801006445,964,-0.051140545476574324,0.04445102061797823,-0.09559156609455256,0.39522821576763484,,,0.1483402489626556,0.38381742738589214,0.4678423236514523,-0.2785135135135104,-0.321320096685082,1.0246676212321653,-1.0503813143224698,-1.042625,-0.321320096685082,0.5854106510564973,1.713551666752845,1.6450873720404786,-1.0446444537437565,0.13108799106042732
initial_risk_fraction,FOLD_3,10,0.06735886219782941,1130,0.049776380310581736,0.025956278097586338,0.0238201022129954,0.4725663716814159,,,0.13185840707964602,0.22566371681415928,0.6424778761061947,-0.03827838827838877,-0.06651132310147248,0.8831856230342892,-1.0337447555464847,-0.7198802026158644,-0.06651132310147248,0.5137866555054451,1.527979513060619,1.5612906633663886,-1.0278497680535936,0.0776668009817621
initial_risk_fraction,FOLD_4,1,0.003824453759669567,1170,0.1023768553416546,0.48482550956072135,-0.3824486542190667,0.2794871794871795,,,0.2641025641025641,0.7145299145299145,0.021367521367521368,-1.0,-1.3257446949602167,1.9728663214462787,-1.8422793478260975,-1.4350193269924376,-1.3257446949602167,1.1043436895551146,3.6510141141371117,2.53044721925184,-1.5002260158915344,0.992633324007851
initial_risk_fraction,FOLD_4,2,0.006614506565676266,1099,-0.16241933543806208,0.22899625878123173,-0.3914155942192938,0.26205641492265697,,,0.23202911737943585,0.7233848953594176,0.044585987261146494,-1.0,-1.2135869565217385,1.4770973113502999,-1.2667967928011132,-1.2395846065698994,-1.2135869565217385,0.9600565870196807,2.563559820771765,1.9971342941226322,-1.2299984498969503,0.7839547881591941
initial_risk_fraction,FOLD_4,3,0.008771227626506306,1093,-0.04635185069902393,0.17184022178830294,-0.2181920724873269,0.312900274473925,,,0.24611161939615736,0.6678865507776761,0.08600182982616651,-1.0,-1.161576086956524,1.5101916424980968,-1.1903815232946422,-1.1761220825852765,-1.161576086956524,1.1824869224062897,2.6825051066205234,2.0406213944776628,-1.1718243654336176,0.7236244300361843
initial_risk_fraction,FOLD_4,4,0.011041405112469142,996,0.036574867487826145,0.13635279839726586,-0.0997779309094397,0.35441767068273095,,,0.2660642570281124,0.6134538152610441,0.12048192771084337,-1.0,-1.127684317786984,1.4535339710272905,-1.1491722208801831,-1.1386028638861492,-1.127684317786984,1.2958099096120006,2.555554203174864,1.9291730292119538,-1.1364654773187028,0.6980894559563157
initial_risk_fraction,FOLD_4,5,0.013533236435938817,1034,-0.006210527188106749,0.11119918776961407,-0.11740971495772083,0.36266924564796904,,,0.21179883945841393,0.586073500967118,0.20212765957446807,-1.0,-1.1036794642857144,1.3701690120354673,-1.1207032437376865,-1.1127332293064227,-1.1036794642857144,1.1526431675518902,2.420610006639669,1.9147395592504695,-1.1114447259809355,0.635434905274214
initial_risk_fraction,FOLD_4,6,0.01647174228436743,961,-0.03257202257582021,0.09137321871303608,-0.12394524128885628,0.3756503642039542,,,0.1987513007284079,0.5608740894901144,0.24037460978147762,-1.0,-1.0845833333333337,1.2686507490783148,-1.0990762711864412,-1.0928499999999999,-1.0845833333333337,1.0911527777777785,2.1320774647887273,1.8165109498466714,-1.091723592619403,0.5297577840803162
initial_risk_fraction,FOLD_4,7,0.020180643640374574,947,0.059979070638800036,0.07459105867357892,-0.014611988034778887,0.40971488912354803,,,0.19957761351636746,0.4477296726504752,0.3526927138331573,-0.3562176165803099,-0.4284112903225836,1.219075310448217,-1.0806887987012983,-1.0748427665430178,-0.4284112903225836,0.9411275950353395,2.2703902610786715,1.8589486364823538,-1.0752651756374596,0.27165745361132465
initial_risk_fraction,FOLD_4,8,0.025165270378325853,959,-0.018199474614054825,0.05988898053781479,-0.07808845515186962,0.3983315954118874,,,0.1543274244004171,0.41397288842544316,0.4316996871741397,-0.22905759162303843,-0.287695978186771,1.080758280873362,-1.0652282258064514,-1.058944124423963,-0.287695978186771,0.6231254385964928,1.9553812104430484,1.7263257448479572,-1.0601221613895566,0.21856391145776186
initial_risk_fraction,FOLD_4,9,0.03413138289353276,846,-0.062671167590332,0.04441059101691092,-0.10708175860724292,0.4078014184397163,,,0.13238770685579196,0.35106382978723405,0.516548463356974,-0.24562739959778257,-0.29298443068424784,0.9607404406008286,-1.049787517651069,-1.0415551509533896,-0.29298443068424784,0.4514110263056859,1.6747719183168333,1.6350129201715997,-1.0445707527955748,0.08358100398018092
initial_risk_fraction,FOLD_4,10,0.060566709483428544,709,-0.042592070890252055,0.026970183947234435,-0.06956225483748651,0.39633286318758815,,,0.12411847672778561,0.2397743300423131,0.6361071932299013,-0.16877323420074228,-0.1984843866170992,0.8521722509916703,-1.0339614312516752,-0.8198549382716033,-0.1984843866170992,0.33106722689075635,1.4939625542119468,1.5778035363577678,-1.0281336517848,-0.02967545249633146
initial_risk_fraction,FOLD_5,1,0.003881757905751207,1260,-0.02511731713790319,0.45775773945545,-0.4828750565933531,0.2626984126984127,,,0.24841269841269842,0.7325396825396825,0.01904761904761905,-1.0,-1.327597857142862,1.8233127887440999,-1.7582209249722072,-1.4331238919909857,-1.327597857142862,0.8280868112014659,3.3929992248060605,2.300105320926102,-1.4669109826263385,1.066804175275643
initial_risk_fraction,FOLD_5,2,0.0065969868610990245,1163,0.0739356724268987,0.22963131726822206,-0.15569564484132334,0.3344797936371453,,,0.29836629406706794,0.648323301805675,0.05331040412725709,-1.0,-1.2080390334572486,1.6105974035558825,-1.2673904940596927,-1.236750318018558,-1.2080390334572486,1.2127352679833843,2.792538656544406,1.9960918714749711,-1.2298109083810493,0.8638630736618913
initial_risk_fraction,FOLD_5,3,0.00878755292430241,1161,-0.03396931846730171,0.17155639816355422,-0.20552571663085595,0.3169681309216193,,,0.25150732127476316,0.6580534022394487,0.09043927648578812,-1.0,-1.160464759154746,1.4675951954198312,-1.1906250000000003,-1.175854037267083,-1.160464759154746,1.2021895973153969,2.6319529411765004,1.9578258805920516,-1.1716845800345899,0.808252428620226
initial_risk_fraction,FOLD_5,4,0.011016881409601177,1054,-0.015722576275558345,0.13666137998940975,-0.15238395626496812,0.3425047438330171,,,0.2314990512333966,0.6081593927893738,0.1603415559772296,-1.0,-1.127820124016357,1.3940586607170884,-1.1494058624416894,-1.13927538159112,-1.127820124016357,1.1851449523594955,2.43469968456375,1.8959697478205713,-1.1368851404347946,0.624343589628447
initial_risk_fraction,FOLD_5,5,0.013542136632207573,1034,-0.001274317442255385,0.11113560314169786,-0.11240992058395327,0.3665377176015474,,,0.21953578336557059,0.5638297872340425,0.21663442940038685,-1.0,-1.1025134427985384,1.3323438935709404,-1.12048135907648,-1.112069965751031,-1.1025134427985384,1.132594365683307,2.323657895799663,1.8611027572774064,-1.1109447235562986,0.48651156271224655
initial_risk_fraction,FOLD_5,6,0.016435211806693942,998,-0.05944817620457225,0.09155426202748075,-0.15100243823205303,0.3557114228456914,,,0.19539078156312625,0.5450901803607214,0.2595190380761523,-1.0,-1.0839707694870087,1.2336333545235265,-1.0990107142857144,-1.092464410429519,-1.0839707694870087,0.9079962779427249,2.1250946837656173,1.8240946420647668,-1.0915475236219871,0.3374631825951451
initial_risk_fraction,FOLD_5,7,0.020158149862715354,914,-0.1419441873421847,0.07468354989607123,-0.21662773723825596,0.3588621444201313,,,0.14113785557986872,0.5284463894967177,0.3304157549234136,-1.0,-1.067639211886305,1.0966839715905479,-1.0811476084288874,-1.0755821570217254,-1.067639211886305,0.5743389526542354,1.89293499710498,1.7138190711031303,-1.074954286583826,0.3315314848076761
initial_risk_fraction,FOLD_5,8,0.02530087595655367,827,-0.06541198013556357,0.059602983415679954,-0.12501496355124353,0.3845223700120919,,,0.14510278113663846,0.437726723095526,0.41717049576783555,-0.4090909090909068,-0.473795454545452,1.0749150568663375,-1.0654062135853344,-1.0585736222732494,-0.473795454545452,0.5910674084932475,2.021214578774624,1.7733272799591615,-1.059764908386623,0.19550216922892663
initial_risk_fraction,FOLD_5,9,0.033953346518561564,821,-0.05942099202696343,0.044619145009947896,-0.10404013703691133,0.40194884287454324,,,0.13763702801461633,0.36053593179049936,0.5018270401948843,-0.2405063291139251,-0.2823826530612221,0.9804826185358653,-1.0501129032258065,-1.042375,-0.2823826530612221,0.5339861286254828,1.6755594059405967,1.6427108008660622,-1.045025975743896,0.09292333935685425
initial_risk_fraction,FOLD_5,10,0.06700190036086016,795,-0.04823126794110087,0.026285172108572816,-0.07451644004967369,0.41132075471698115,,,0.11069182389937107,0.2578616352201258,0.6314465408805031,-0.13888888888888637,-0.1675172413793095,0.8405819477044012,-1.034373470072363,-1.0093496558197748,-0.1675172413793095,0.3984581439393948,1.4812404055390713,1.538762105387245,-1.0272812541770795,0.03175502388990666
cost_burden_R,POOLED,1,0.02659253211957617,5189,0.011602424460120726,0.02659253211957617,-0.014990107659455435,0.44825592599730196,,,0.12314511466563885,0.23703989207939874,0.6398149932549624,-0.0888450148075009,-0.11351714285714243,0.8697972508201427,-1.0340714285714285,-0.8012352941176469,-0.11351714285714243,0.4724842105263175,1.4856609264178993,1.5546542554764051,-1.0281252810878894,0.05824890296499005
cost_burden_R,POOLED,2,0.044540559043225576,5189,-0.008212491573687052,0.044540559043225576,-0.05275305061691262,0.424359221429948,,,0.15802659471959915,0.3742532279822702,0.46772017729813065,-0.2050473186119872,-0.24855672823219044,1.026434954255221,-1.0502664892766023,-1.0426600000000001,-0.24855672823219044,0.6887054794520531,1.7622066202090585,1.6420304062358382,-1.044872281449628,0.16849668636614362
cost_burden_R,POOLED,3,0.059651744374534736,5188,-0.003740922446078459,0.059651744374534736,-0.0633926668206132,0.4070932922127988,,,0.17289899768696992,0.44680030840400925,0.3803006939090208,-0.38663781799108166,-0.44490166373313067,1.134598935883085,-1.065348367861524,-1.0591220930232559,-0.44490166373313067,0.8384881424629197,1.9952696121579785,1.748136217822267,-1.0598839219036031,0.2837565069035162
cost_burden_R,POOLED,4,0.07461741909435296,5189,-0.01585541592932556,0.07461741909435296,-0.09047283502367855,0.3862015802659472,,,0.1846213143187512,0.5141645789169397,0.3012141067643091,-1.0,-1.0672803504380475,1.2316288970388654,-1.08110682180831,-1.0752524752475243,-1.0672803504380475,0.9022564789991191,2.2384966798418935,1.8539538434078477,-1.0748752752821402,0.3980907943251206
cost_burden_R,POOLED,5,0.09147920109204635,5188,-0.0385257775405739,0.09147920109204635,-0.13000497863262025,0.36391673091750193,,,0.20316114109483424,0.5695836545875096,0.22725520431765614,-1.0,-1.0849938455483858,1.2911419093489602,-1.0989652814356796,-1.0927740226607814,-1.0849938455483858,1.1091712696335088,2.183731405372888,1.8508591186879941,-1.0916625550250982,0.5094075571297585
cost_burden_R,POOLED,6,0.11120317874913346,5189,-0.004629656498745985,0.11120317874913346,-0.11583283524787945,0.3547889766814415,,,0.2220080940450954,0.5970321834650222,0.18095972248988246,-1.0,-1.1038253012048196,1.3997453583907637,-1.1207681528662414,-1.112772727272728,-1.1038253012048196,1.163444132334569,2.4691258861011462,1.9531725546247896,-1.111268199746777,0.630029305416946
cost_burden_R,POOLED,7,0.136399547739345,5189,0.009528329003120737,0.136399547739345,-0.12687121873622434,0.34361148583542106,,,0.25419155906725766,0.6243977645018308,0.12141067643091154,-1.0,-1.1279178082191779,1.447596027990286,-1.1491386343168934,-1.1391836734693865,-1.1279178082191779,1.2411470898673198,2.5442422353668004,1.9437992436162455,-1.1365474601991115,0.7304885947508347
cost_burden_R,POOLED,8,0.17120706992744308,5188,-0.026185929526812573,0.17120706992744308,-0.1973929994542556,0.3163068619892059,,,0.2561680801850424,0.6653816499614496,0.0784502698535081,-1.0,-1.1607023416121978,1.5057803338790037,-1.1902796740172592,-1.175500000000001,-1.1607023416121978,1.2166828805385899,2.6628820653965124,2.0076663182762147,-1.1712825633407837,0.8624176670629443
cost_burden_R,POOLED,9,0.2288429615659649,5189,-0.01410305676687501,0.2288429615659649,-0.2429460183328399,0.3012141067643091,,,0.269223357101561,0.6891501252649836,0.04162651763345539,-1.0,-1.2109625668449162,1.5978507290891655,-1.266309596007155,-1.237678753830441,-1.2109625668449162,1.165460947503225,2.892443098591512,2.0858074421071517,-1.2293743853550267,1.0264949827628629
cost_burden_R,POOLED,10,0.4946588186023762,5189,0.006949798428550534,0.4946588186023762,-0.4877090201738257,0.26517633455386397,,,0.25322798227018695,0.7292349200231258,0.017537097706687224,-1.0,-1.3253091872791563,1.9977109014485328,-1.812654368957622,-1.4314189189189022,-1.3253091872791563,0.9329128440367123,3.402219269102953,2.350118406097011,-1.5121911874809872,1.1357556278527672
cost_burden_R,FOLD_1,1,0.02617246183955763,1572,0.054641176783469345,0.02617246183955763,0.028468714943911712,0.47010178117048346,,,0.13295165394402036,0.23282442748091603,0.6342239185750637,-0.0601684152846934,-0.08006582269715251,0.8911897597779622,-1.0333586647727273,-0.7748218276412303,-0.08006582269715251,0.5597481941944197,1.5253472404960118,1.5360337492382146,-1.0279895850224046,0.10026675468329233
cost_burden_R,FOLD_1,2,0.044556293171537566,1398,0.040883925170715624,0.044556293171537566,-0.003672368000821938,0.43776824034334766,,,0.18454935622317598,0.3977110157367668,0.4177396280400572,-0.2052843955023127,-0.2512469398746561,1.088768920563052,-1.0505720094664373,-1.0436055863023177,-0.2512469398746561,0.8982560866013068,1.8587208027720847,1.6762953092078112,-1.045137554095557,0.24568205451432423
cost_burden_R,FOLD_1,3,0.05953272789780764,1200,0.01248452190490974,0.05953272789780764,-0.047048205992897926,0.4091666666666667,,,0.195,0.4841666666666667,0.32083333333333336,-0.5740059555088448,-0.63286092135225,1.189794891365156,-1.06545145985119,-1.0595919116701942,-0.63286092135225,1.0504394087865498,2.015642919741691,1.758842229587501,-1.0597572529465813,0.3836156754467815
cost_burden_R,FOLD_1,4,0.07439106081217703,1185,0.06472168583417255,0.07439106081217703,-0.009669374978004462,0.40675105485232066,,,0.2219409282700422,0.5282700421940928,0.249789029535865,-1.0,-1.0676178010471205,1.3235968307761763,-1.0809190073166177,-1.0747631578947372,-1.0676178010471205,1.2049918831168789,2.372955182944209,1.9316842484736603,-1.0744333242973692,0.5172435618670442
cost_burden_R,FOLD_1,5,0.09132546187770797,1126,-0.0361995192434026,0.09132546187770797,-0.12752498112111058,0.3605683836589698,,,0.21936056838365897,0.5959147424511545,0.1847246891651865,-1.0,-1.0855005158627804,1.333861285564219,-1.0991298988764044,-1.092451687405732,-1.0855005158627804,1.1840541807056244,2.2289594505494486,1.8830094500910843,-1.0915053035689901,0.5947288258650196
cost_burden_R,FOLD_1,6,0.11131736565049855,980,0.06033234932479456,0.11131736565049855,-0.050985016325703965,0.35306122448979593,,,0.25204081632653064,0.6163265306122448,0.13163265306122449,-1.0,-1.1044181032882427,1.5340100066274927,-1.1211852329011072,-1.1134676205964942,-1.1044181032882427,1.2733320290007042,2.7525387956133556,2.1001250069687933,-1.1115810401369572,0.7961143838933363
cost_burden_R,FOLD_1,7,0.13621389030074763,1028,-0.018606503648278313,0.13621389030074763,-0.15482039394902594,0.32782101167315175,,,0.26556420233463035,0.6498054474708171,0.08463035019455253,-1.0,-1.1287834687271716,1.458039365653454,-1.1493652456790475,-1.1391327552992285,-1.1287834687271716,1.2390977798258984,2.520934709241982,1.9558523230882974,-1.136236314306986,0.7575035491306064
cost_burden_R,FOLD_1,8,0.17065157928946798,841,-0.027875489661133422,0.17065157928946798,-0.19852706895060138,0.3103448275862069,,,0.272294887039239,0.6837098692033293,0.04399524375743163,-1.0,-1.1602589285714284,1.517700291367772,-1.1904966012084603,-1.1739700000000033,-1.1602589285714284,1.2799272486772424,2.7506620762712037,1.9960270213934805,-1.1701659904130601,1.3187565297553192
cost_burden_R,FOLD_1,9,0.22799560631022317,819,-0.07691357818332803,0.22799560631022317,-0.30490918449355114,0.2771672771672772,,,0.25274725274725274,0.7216117216117216,0.02564102564102564,-1.0,-1.21229773462783,1.601131249196298,-1.2655743964365065,-1.2383142528524127,-1.21229773462783,1.050546392343091,3.158424740132908,2.2017741222030773,-1.2284193231430494,0.9765692657755536
cost_burden_R,FOLD_1,10,0.5879941946419055,691,-0.09179866229054215,0.5879941946419055,-0.6797928569324477,0.24167872648335745,,,0.23589001447178004,0.7554269175108539,0.008683068017366137,-1.0,-1.3216666666666705,2.4818646255165175,-1.8750160256410027,-1.4287147219192962,-1.3216666666666705,-1.2753255702877597,3.083594693538644,2.3590696588714075,-1.6466186042562643,0.8782821475681816
cost_burden_R,FOLD_2,1,0.027971894874383486,983,-0.013628304025066934,0.027971894874383486,-0.041600198899450436,0.4526958290946083,,,0.10681586978636826,0.2380467955239064,0.6551373346897253,-0.06725888324873198,-0.0925019280205675,0.8492070241037742,-1.034762256592292,-0.78574414424634,-0.0925019280205675,0.43273215076991245,1.4689888608872217,1.576218384223648,-1.0293711062244462,0.053535579184592556
cost_burden_R,FOLD_2,2,0.04463517335541644,1160,0.044253087853838746,0.04463517335541644,-0.00038208550157769875,0.4603448275862069,,,0.16724137931034483,0.3646551724137931,0.4681034482758621,-0.07508051529790813,-0.12120857020600515,1.0232181385596197,-1.050022430528927,-1.0421388343270015,-0.12120857020600515,0.823427618849434,1.7586061454311426,1.597863307107729,-1.0448270454193358,0.2422341426365552
cost_burden_R,FOLD_2,3,0.05961706395540303,1251,0.060287005990540314,0.05961706395540303,0.0006699420351372801,0.43325339728217427,,,0.18225419664268586,0.42685851318944845,0.3908872901678657,-0.25862068965517265,-0.32003409090909213,1.1595790862340132,-1.0652526978417267,-1.058625859633327,-0.32003409090909213,0.9959563195457244,2.0597070493979333,1.765592068512732,-1.0599488906114378,0.33598325859215056
cost_burden_R,FOLD_2,4,0.07466364390323277,1134,-0.019752593997937568,0.07466364390323277,-0.09441623790117033,0.3897707231040564,,,0.1931216931216931,0.5264550264550265,0.2804232804232804,-1.0,-1.0676211875405581,1.226592511719606,-1.0813320312499999,-1.075255820888727,-1.0676211875405581,0.9941301020408102,2.203545921391749,1.8009975893098886,-1.0748238451264331,0.4408281437159992
cost_burden_R,FOLD_2,5,0.09175228507099223,1110,0.013808457030405669,0.09175228507099223,-0.07794382804058657,0.36936936936936937,,,0.21891891891891893,0.5711711711711712,0.2099099099099099,-1.0,-1.0852074943009122,1.3470846155647143,-1.0988605189608078,-1.093293514991117,-1.0852074943009122,1.1945061162507615,2.348150222717147,1.9186773818524017,-1.0918703291203906,0.5986675353954632
cost_burden_R,FOLD_2,6,0.11129601482251344,1117,-0.028588514749406248,0.11129601482251344,-0.13988452957191969,0.34825425246195163,,,0.21396598030438674,0.6204118173679498,0.1656222023276634,-1.0,-1.1044999350775826,1.4067499731062634,-1.1208415922491124,-1.1133571428571427,-1.1044999350775826,1.1397629310344939,2.554650103090678,1.985297858911904,-1.1113499587137183,0.7536665598747427
cost_burden_R,FOLD_2,7,0.13627403308952532,1063,0.015455394376898957,0.13627403308952532,-0.12081863871262641,0.34148635936030103,,,0.24835371589840075,0.6368767638758231,0.1147695202257761,-1.0,-1.1280867970660147,1.4856511808277464,-1.1490794628412155,-1.1397140131330197,-1.1280867970660147,1.211055076938657,2.6470262962962776,1.9958549909101593,-1.136559017926741,0.9353649556114751
cost_burden_R,FOLD_2,8,0.17095818075908803,1069,-0.02984226696844845,0.17095818075908803,-0.20080044772753647,0.31524789522918617,,,0.25257249766136575,0.6697848456501403,0.07764265668849392,-1.0,-1.1609021406727817,1.511012995834844,-1.190429912520503,-1.1760333333333337,-1.1609021406727817,1.2219200992182913,2.591887918239839,2.0083798911227815,-1.1714235766593424,0.9857955622192962
cost_burden_R,FOLD_2,9,0.22803457677088695,1033,0.11171641420629416,0.22803457677088695,-0.11631816256459282,0.32623426911907066,,,0.2962245885769603,0.6679574056147144,0.03581800580832527,-1.0,-1.2082252836304654,1.7269388333494915,-1.2642913275726637,-1.2353708219341073,-1.2082252836304654,1.3265595903165668,3.241068803418802,2.2106600264686547,-1.2279490783786933,1.3693576770990736
cost_burden_R,FOLD_2,10,0.48697283830009835,975,-0.03990730197196526,0.48697283830009835,-0.5268801402720638,0.2512820512820513,,,0.23487179487179488,0.7466666666666667,0.018461538461538463,-1.0,-1.3257843352347576,1.9240117601688072,-1.8747112990964658,-1.4227252842819826,-1.3257843352347576,0.2196097955395091,3.453727163273009,2.429590717577853,-1.5124478368324585,1.7209785624132987
cost_burden_R,FOLD_3,1,0.025956278097586338,1130,0.049776380310581736,0.025956278097586338,0.0238201022129954,0.4725663716814159,,,0.13185840707964602,0.22566371681415928,0.6424778761061947,-0.03827838827838877,-0.06651132310147248,0.8831856230342892,-1.0337447555464847,-0.7198802026158644,-0.06651132310147248,0.5137866555054451,1.527979513060619,1.5612906633663886,-1.0278497680535936,0.0776668009817621
cost_burden_R,FOLD_3,2,0.04445102061797823,964,-0.051140545476574324,0.04445102061797823,-0.09559156609455256,0.39522821576763484,,,0.1483402489626556,0.38381742738589214,0.4678423236514523,-0.2785135135135104,-0.321320096685082,1.0246676212321653,-1.0503813143224698,-1.042625,-0.321320096685082,0.5854106510564973,1.713551666752845,1.6450873720404786,-1.0446444537437565,0.13108799106042732
cost_burden_R,FOLD_3,3,0.05965071473078455,951,-0.040230675818425876,0.05965071473078455,-0.09988139054921044,0.39852786540483703,,,0.17560462670872765,0.4668769716088328,0.35751840168243953,-0.490196078431373,-0.5471078431372554,1.1288969625296148,-1.0654416062475707,-1.059758447160316,-0.5471078431372554,0.769068335950888,1.944804217575188,1.7105307198179553,-1.0598555507127692,0.2645000938075647
cost_burden_R,FOLD_3,4,0.07479614594946828,1009,-0.0630651159973146,0.07479614594946828,-0.13786126194678286,0.3607532210109019,,,0.1565906838453915,0.533201189296333,0.31020812685827553,-1.0,-1.0678157894736842,1.2403917831622269,-1.0812205882352939,-1.075850393700787,-1.0678157894736842,0.789,2.1693395261913846,1.9064075956317168,-1.075068369910493,0.44112578146239667
cost_burden_R,FOLD_3,5,0.09137539987490685,993,-0.08439825676601209,0.09137539987490685,-0.17577365664091893,0.35850956696878145,,,0.17925478348439072,0.5709969788519638,0.2497482376636455,-1.0,-1.0851538461538461,1.2533733281940709,-1.0986393617021275,-1.0926624999999999,-1.0851538461538461,0.939272584033622,2.010272035763653,1.779840036579611,-1.0916686657316155,0.5146022819121883
cost_burden_R,FOLD_3,6,0.11106489632101658,1024,-0.04245731405020541,0.11106489632101658,-0.153522210371222,0.34375,,,0.21484375,0.59765625,0.1875,-1.0,-1.104002960557731,1.350350962576874,-1.120566543496535,-1.1123364532396087,-1.104002960557731,1.125434335389106,2.3981823861021696,1.8865428570395275,-1.111000221252317,0.5608643929041176
cost_burden_R,FOLD_3,7,0.13649007166375265,1048,0.03080527490605308,0.13649007166375265,-0.10568479675769955,0.3520992366412214,,,0.26049618320610685,0.6135496183206107,0.12595419847328243,-1.0,-1.1272159295622415,1.4444982416547456,-1.1487325984990615,-1.1391602673742987,-1.1272159295622415,1.2765626191358699,2.575860388198745,1.9383528546412216,-1.1365998076068746,0.6886793937280128
cost_burden_R,FOLD_3,8,0.17085123504605992,1024,0.009368182972413493,0.17085123504605992,-0.16148305207364644,0.3251953125,,,0.2626953125,0.6513671875,0.0859375,-1.0,-1.1602137793176968,1.5277383498932062,-1.1889810600155881,-1.1747763392857156,-1.1602137793176968,1.2466331444401282,2.7764089148339326,2.038005450704315,-1.1710402958977806,0.7670655204652834
cost_burden_R,FOLD_3,9,0.22925571889290877,1075,-0.030772031899835867,0.22925571889290877,-0.2600277507927447,0.29953488372093023,,,0.26232558139534884,0.693953488372093,0.04372093023255814,-1.0,-1.2133749999999988,1.5552068895393076,-1.266537094336496,-1.2394076933381981,-1.2133749999999988,1.215639528563318,2.806504826997859,2.0557824851956004,-1.2303430635165522,1.2462857969359205
cost_burden_R,FOLD_3,10,0.495573198524855,1093,0.045994417159379374,0.495573198524855,-0.4495787813654756,0.2799634034766697,,,0.2744739249771272,0.7090576395242452,0.01646843549862763,-1.0,-1.3248939861218196,1.926992937117043,-1.81406375300724,-1.4344310344827567,-1.3248939861218196,1.082434290953453,3.3375165598552035,2.1510326689713857,-1.4882409426358996,0.9270734343856473
cost_burden_R,FOLD_4,1,0.026970183947234435,709,-0.042592070890252055,0.026970183947234435,-0.06956225483748651,0.39633286318758815,,,0.12411847672778561,0.2397743300423131,0.6361071932299013,-0.16877323420074228,-0.1984843866170992,0.8521722509916703,-1.0339614312516752,-0.8198549382716033,-0.1984843866170992,0.33106722689075635,1.4939625542119468,1.5778035363577678,-1.0281336517848,-0.02967545249633146
cost_burden_R,FOLD_4,2,0.04441059101691092,846,-0.062671167590332,0.04441059101691092,-0.10708175860724292,0.4078014184397163,,,0.13238770685579196,0.35106382978723405,0.516548463356974,-0.24562739959778257,-0.29298443068424784,0.9607404406008286,-1.049787517651069,-1.0415551509533896,-0.29298443068424784,0.4514110263056859,1.6747719183168333,1.6350129201715997,-1.0445707527955748,0.08358100398018092
cost_burden_R,FOLD_4,3,0.05988898053781479,959,-0.018199474614054825,0.05988898053781479,-0.07808845515186962,0.3983315954118874,,,0.1543274244004171,0.41397288842544316,0.4316996871741397,-0.22905759162303843,-0.287695978186771,1.080758280873362,-1.0652282258064514,-1.058944124423963,-0.287695978186771,0.6231254385964928,1.9553812104430484,1.7263257448479572,-1.0601221613895566,0.21856391145776186
cost_burden_R,FOLD_4,4,0.07459105867357892,947,0.059979070638800036,0.07459105867357892,-0.014611988034778887,0.40971488912354803,,,0.19957761351636746,0.4477296726504752,0.3526927138331573,-0.3562176165803099,-0.4284112903225836,1.219075310448217,-1.0806887987012983,-1.0748427665430178,-0.4284112903225836,0.9411275950353395,2.2703902610786715,1.8589486364823538,-1.0752651756374596,0.27165745361132465
cost_burden_R,FOLD_4,5,0.09137321871303608,961,-0.03257202257582021,0.09137321871303608,-0.12394524128885628,0.3756503642039542,,,0.1987513007284079,0.5608740894901144,0.24037460978147762,-1.0,-1.0845833333333337,1.2686507490783148,-1.0990762711864412,-1.0928499999999999,-1.0845833333333337,1.0911527777777785,2.1320774647887273,1.8165109498466714,-1.091723592619403,0.5297577840803162
cost_burden_R,FOLD_4,6,0.11119918776961407,1034,-0.006210527188106749,0.11119918776961407,-0.11740971495772083,0.36266924564796904,,,0.21179883945841393,0.586073500967118,0.20212765957446807,-1.0,-1.1036794642857144,1.3701690120354673,-1.1207032437376865,-1.1127332293064227,-1.1036794642857144,1.1526431675518902,2.420610006639669,1.9147395592504695,-1.1114447259809355,0.635434905274214
cost_burden_R,FOLD_4,7,0.13635279839726586,996,0.036574867487826145,0.13635279839726586,-0.0997779309094397,0.35441767068273095,,,0.2660642570281124,0.6134538152610441,0.12048192771084337,-1.0,-1.127684317786984,1.4535339710272905,-1.1491722208801831,-1.1386028638861492,-1.127684317786984,1.2958099096120006,2.555554203174864,1.9291730292119538,-1.1364654773187028,0.6980894559563157
cost_burden_R,FOLD_4,8,0.17184022178830294,1093,-0.04635185069902393,0.17184022178830294,-0.2181920724873269,0.312900274473925,,,0.24611161939615736,0.6678865507776761,0.08600182982616651,-1.0,-1.161576086956524,1.5101916424980968,-1.1903815232946422,-1.1761220825852765,-1.161576086956524,1.1824869224062897,2.6825051066205234,2.0406213944776628,-1.1718243654336176,0.7236244300361843
cost_burden_R,FOLD_4,9,0.22899625878123173,1099,-0.16241933543806208,0.22899625878123173,-0.3914155942192938,0.26205641492265697,,,0.23202911737943585,0.7233848953594176,0.044585987261146494,-1.0,-1.2135869565217385,1.4770973113502999,-1.2667967928011132,-1.2395846065698994,-1.2135869565217385,0.9600565870196807,2.563559820771765,1.9971342941226322,-1.2299984498969503,0.7839547881591941
cost_burden_R,FOLD_4,10,0.48482550956072135,1170,0.1023768553416546,0.48482550956072135,-0.3824486542190667,0.2794871794871795,,,0.2641025641025641,0.7145299145299145,0.021367521367521368,-1.0,-1.3257446949602167,1.9728663214462787,-1.8422793478260975,-1.4350193269924376,-1.3257446949602167,1.1043436895551146,3.6510141141371117,2.53044721925184,-1.5002260158915344,0.992633324007851
cost_burden_R,FOLD_5,1,0.026285172108572816,795,-0.04823126794110087,0.026285172108572816,-0.07451644004967369,0.41132075471698115,,,0.11069182389937107,0.2578616352201258,0.6314465408805031,-0.13888888888888637,-0.1675172413793095,0.8405819477044012,-1.034373470072363,-1.0093496558197748,-0.1675172413793095,0.3984581439393948,1.4812404055390713,1.538762105387245,-1.0272812541770795,0.03175502388990666
cost_burden_R,FOLD_5,2,0.044619145009947896,821,-0.05942099202696343,0.044619145009947896,-0.10404013703691133,0.40194884287454324,,,0.13763702801461633,0.36053593179049936,0.5018270401948843,-0.2405063291139251,-0.2823826530612221,0.9804826185358653,-1.0501129032258065,-1.042375,-0.2823826530612221,0.5339861286254828,1.6755594059405967,1.6427108008660622,-1.045025975743896,0.09292333935685425
cost_burden_R,FOLD_5,3,0.059602983415679954,827,-0.06541198013556357,0.059602983415679954,-0.12501496355124353,0.3845223700120919,,,0.14510278113663846,0.437726723095526,0.41717049576783555,-0.4090909090909068,-0.473795454545452,1.0749150568663375,-1.0654062135853344,-1.0585736222732494,-0.473795454545452,0.5910674084932475,2.021214578774624,1.7733272799591615,-1.059764908386623,0.19550216922892663
cost_burden_R,FOLD_5,4,0.07468354989607123,914,-0.1419441873421847,0.07468354989607123,-0.21662773723825596,0.3588621444201313,,,0.14113785557986872,0.5284463894967177,0.3304157549234136,-1.0,-1.067639211886305,1.0966839715905479,-1.0811476084288874,-1.0755821570217254,-1.067639211886305,0.5743389526542354,1.89293499710498,1.7138190711031303,-1.074954286583826,0.3315314848076761
cost_burden_R,FOLD_5,5,0.09155426202748075,998,-0.05944817620457225,0.09155426202748075,-0.15100243823205303,0.3557114228456914,,,0.19539078156312625,0.5450901803607214,0.2595190380761523,-1.0,-1.0839707694870087,1.2336333545235265,-1.0990107142857144,-1.092464410429519,-1.0839707694870087,0.9079962779427249,2.1250946837656173,1.8240946420647668,-1.0915475236219871,0.3374631825951451
cost_burden_R,FOLD_5,6,0.11113560314169786,1034,-0.001274317442255385,0.11113560314169786,-0.11240992058395327,0.3665377176015474,,,0.21953578336557059,0.5638297872340425,0.21663442940038685,-1.0,-1.1025134427985384,1.3323438935709404,-1.12048135907648,-1.112069965751031,-1.1025134427985384,1.132594365683307,2.323657895799663,1.8611027572774064,-1.1109447235562986,0.48651156271224655
cost_burden_R,FOLD_5,7,0.13666137998940975,1054,-0.015722576275558345,0.13666137998940975,-0.15238395626496812,0.3425047438330171,,,0.2314990512333966,0.6081593927893738,0.1603415559772296,-1.0,-1.127820124016357,1.3940586607170884,-1.1494058624416894,-1.13927538159112,-1.127820124016357,1.1851449523594955,2.43469968456375,1.8959697478205713,-1.1368851404347946,0.624343589628447
cost_burden_R,FOLD_5,8,0.17155639816355422,1161,-0.03396931846730171,0.17155639816355422,-0.20552571663085595,0.3169681309216193,,,0.25150732127476316,0.6580534022394487,0.09043927648578812,-1.0,-1.160464759154746,1.4675951954198312,-1.1906250000000003,-1.175854037267083,-1.160464759154746,1.2021895973153969,2.6319529411765004,1.9578258805920516,-1.1716845800345899,0.808252428620226
cost_burden_R,FOLD_5,9,0.22963131726822206,1163,0.0739356724268987,0.22963131726822206,-0.15569564484132334,0.3344797936371453,,,0.29836629406706794,0.648323301805675,0.05331040412725709,-1.0,-1.2080390334572486,1.6105974035558825,-1.2673904940596927,-1.236750318018558,-1.2080390334572486,1.2127352679833843,2.792538656544406,1.9960918714749711,-1.2298109083810493,0.8638630736618913
cost_burden_R,FOLD_5,10,0.45775773945545,1260,-0.02511731713790319,0.45775773945545,-0.4828750565933531,0.2626984126984127,,,0.24841269841269842,0.7325396825396825,0.01904761904761905,-1.0,-1.327597857142862,1.8233127887440999,-1.7582209249722072,-1.4331238919909857,-1.327597857142862,0.8280868112014659,3.3929992248060605,2.300105320926102,-1.4669109826263385,1.066804175275643
