population,ranking_slice,state,samples,mean_predicted_state_probability,actual_state_frequency,predicted_R_contribution,realized_R_contribution,contribution_bias_R
POOLED,ALL,TARGET_PROFIT,51887,0.21398545428900642,0.20953225278007978,0.41460640633353235,0.4075418502709814,0.007064556062550964
POOLED,ALL,TARGET_LOSS,51887,0.0001190821515775263,0.0001349085512748858,-0.00017375975292296784,-0.0005246092026388833,0.00035084944971591547
POOLED,ALL,STOP_LOSS,51887,0.560778969289834,0.5447029120974425,-0.6560008205279809,-0.6385210438030413,-0.01747977672493961
POOLED,ALL,TIMEOUT_PROFIT,51887,0.14152784404625307,0.15156012103224314,0.10777792679646864,0.11340984371024729,-0.005631916913778651
POOLED,ALL,TIMEOUT_LOSS,51887,0.08358865022332906,0.09406980553895966,-0.031248111990959185,-0.03414388448063831,0.0028957724896791284
POOLED,TOP_20_PERCENT,TARGET_PROFIT,10378,0.1761805004275071,0.14145307380998265,0.32718984324498945,0.2545404342359593,0.07264940900903016
POOLED,TOP_20_PERCENT,TARGET_LOSS,10378,0.0,0.0,0.0,0.0,0.0
POOLED,TOP_20_PERCENT,STOP_LOSS,10378,0.41999074679185305,0.40980921179418,-0.45286077433601035,-0.4427783982760269,-0.010082376059983467
POOLED,TOP_20_PERCENT,TIMEOUT_PROFIT,10378,0.26068931672885354,0.2684524956639044,0.19604360300910373,0.18658005804574374,0.009463544963359993
POOLED,TOP_20_PERCENT,TIMEOUT_LOSS,10378,0.14313943605178628,0.18028521873193293,-0.052331979526137,-0.06440396160463552,0.012071982078498515
FOLD_1,ALL,TARGET_PROFIT,10840,0.2048243274053481,0.21494464944649447,0.3966289712182343,0.4140484283327056,-0.017419457114471293
FOLD_1,ALL,TARGET_LOSS,10840,0.00010956619282622497,0.0,-0.00018090653726223472,0.0,-0.00018090653726223472
FOLD_1,ALL,STOP_LOSS,10840,0.5585744508831318,0.5313653136531366,-0.6425359900422258,-0.6150213961207426,-0.027514593921483255
FOLD_1,ALL,TIMEOUT_PROFIT,10840,0.14332405587493174,0.1603321033210332,0.10305965861224267,0.11792207147388344,-0.014862412861640764
FOLD_1,ALL,TIMEOUT_LOSS,10840,0.09316759964376205,0.09335793357933579,-0.034557038904562846,-0.03387066900530099,-0.0006863698992618586
FOLD_1,TOP_20_PERCENT,TARGET_PROFIT,2168,0.21252946898753372,0.18219557195571956,0.3878638365874732,0.32115446290862204,0.06670937367885116
FOLD_1,TOP_20_PERCENT,TARGET_LOSS,2168,0.0,0.0,0.0,0.0,0.0
FOLD_1,TOP_20_PERCENT,STOP_LOSS,2168,0.45377520439272606,0.4483394833948339,-0.48826022549432385,-0.48353407069185167,-0.004726154802472182
FOLD_1,TOP_20_PERCENT,TIMEOUT_PROFIT,2168,0.2124186645730482,0.23062730627306274,0.1564890044795074,0.16115727375309677,-0.004668269273589376
FOLD_1,TOP_20_PERCENT,TIMEOUT_LOSS,2168,0.121276662046692,0.13883763837638377,-0.04453369712955778,-0.0489387095963183,0.004405012466760519
FOLD_2,ALL,TARGET_PROFIT,10895,0.21539380898076574,0.21083065626434144,0.42325252176727274,0.414428012693933,0.008824509073339759
FOLD_2,ALL,TARGET_LOSS,10895,7.688359119961617e-05,0.0,-0.00017761023628588916,0.0,-0.00017761023628588916
FOLD_2,ALL,STOP_LOSS,10895,0.5626121406414232,0.5439192290041304,-0.6536576712771853,-0.634186797390238,-0.01947087388694735
FOLD_2,ALL,TIMEOUT_PROFIT,10895,0.1417213090853862,0.1603487838458008,0.10714651456543053,0.12457414402348507,-0.01742762945805454
FOLD_2,ALL,TIMEOUT_LOSS,10895,0.08019585770122535,0.08490133088572739,-0.03018350700425562,-0.030311962348528346,0.00012845534427272792
FOLD_2,TOP_20_PERCENT,TARGET_PROFIT,2179,0.17925250578853413,0.15787058283616337,0.3381000138231021,0.2842017806788514,0.05389823314425074
FOLD_2,TOP_20_PERCENT,TARGET_LOSS,2179,0.0,0.0,0.0,0.0,0.0
FOLD_2,TOP_20_PERCENT,STOP_LOSS,2179,0.4351063241730457,0.39238182652592934,-0.46819555405524915,-0.42377343955443125,-0.0444221145008179
FOLD_2,TOP_20_PERCENT,TIMEOUT_PROFIT,2179,0.24987635678580764,0.2854520422212024,0.1843054471062316,0.19636593800404714,-0.012060490897815551
FOLD_2,TOP_20_PERCENT,TIMEOUT_LOSS,2179,0.13576481325261255,0.1642955484167049,-0.05045991522624207,-0.05797755995430092,0.007517644728058853
FOLD_3,ALL,TARGET_PROFIT,10311,0.21676314521659373,0.20706042090970808,0.4156300605795465,0.398848342958559,0.016781717620987513
FOLD_3,ALL,TARGET_LOSS,10311,0.00011610140038454727,0.0003879352148191252,-9.826225882304061e-05,-0.002278073780424403,0.002179811521601362
FOLD_3,ALL,STOP_LOSS,10311,0.5513432467020268,0.5447580254097566,-0.6479940748283586,-0.638117667027895,-0.009876407800463616
FOLD_3,ALL,TIMEOUT_PROFIT,10311,0.14597683022148733,0.1513917175831636,0.11289785232011143,0.1142026139792105,-0.0013047616590990685
FOLD_3,ALL,TIMEOUT_LOSS,10311,0.08580067645950759,0.09640190088255261,-0.031881839623854664,-0.03540456215367466,0.0035227225298199924
FOLD_3,TOP_20_PERCENT,TARGET_PROFIT,2063,0.17349727780587562,0.13184682501211828,0.31522809213986674,0.23903209977358353,0.07619599236628322
FOLD_3,TOP_20_PERCENT,TARGET_LOSS,2063,0.0,0.0,0.0,0.0,0.0
FOLD_3,TOP_20_PERCENT,STOP_LOSS,2063,0.4014628818922929,0.4154144449830344,-0.4342897410933228,-0.44961740491247654,0.015327663819153736
FOLD_3,TOP_20_PERCENT,TIMEOUT_PROFIT,2063,0.2805727532266619,0.27290353853611243,0.22056919593033383,0.19500275767609834,0.02556643825423549
FOLD_3,TOP_20_PERCENT,TIMEOUT_LOSS,2063,0.1444670870751696,0.17983519146873486,-0.05219686514552169,-0.06711033169856594,0.01491346655304425
FOLD_4,ALL,TARGET_PROFIT,9814,0.21590085135040527,0.20817199918483797,0.41968867232794027,0.41254652417373644,0.007142148154203831
FOLD_4,ALL,TARGET_LOSS,9814,0.00020296626330614063,0.0002037905033625433,-0.00025837950659666326,-0.00023526889620631368,-2.311061039034958e-05
FOLD_4,ALL,STOP_LOSS,9814,0.5672278458575617,0.5507438353372733,-0.6704553646774598,-0.6527028324489108,-0.017752532228549
FOLD_4,ALL,TIMEOUT_PROFIT,9814,0.13925545575496745,0.14255145710209904,0.10921029538890227,0.10501806433830799,0.004192231050594283
FOLD_4,ALL,TIMEOUT_LOSS,9814,0.07741288077375953,0.09832891787242715,-0.028910251372717813,-0.03628346981046927,0.007373218437751454
FOLD_4,TOP_20_PERCENT,TARGET_PROFIT,1963,0.1496356964282396,0.12124299541518084,0.28464308599691185,0.2268895657443099,0.05775352025260194
FOLD_4,TOP_20_PERCENT,TARGET_LOSS,1963,0.0,0.0,0.0,0.0,0.0
FOLD_4,TOP_20_PERCENT,STOP_LOSS,1963,0.39905909434702835,0.380539989811513,-0.42907105894804,-0.41008457213868615,-0.01898648680935383
FOLD_4,TOP_20_PERCENT,TIMEOUT_PROFIT,1963,0.29075430677322983,0.27967396841569026,0.21523106635774636,0.1900528553633446,0.025178210994401762
FOLD_4,TOP_20_PERCENT,TIMEOUT_LOSS,1963,0.1605509024515021,0.2185430463576159,-0.05783205604902303,-0.07950008512775861,0.02166802907873558
FOLD_5,ALL,TARGET_PROFIT,10027,0.217628030646563,0.2061434127854792,0.41861994095001326,0.39706681670457056,0.0215531242454427
FOLD_5,ALL,TARGET_LOSS,10027,9.618419219063325e-05,9.97307270370001e-05,-0.00015666333730852906,-0.0001418420265282689,-1.4821310780260155e-05
FOLD_5,ALL,STOP_LOSS,10027,0.5645614604257951,0.5540041886905356,-0.667189414542025,-0.6551697861688117,-0.012019628373213243
FOLD_5,ALL,TIMEOUT_PROFIT,10027,0.13702490043536292,0.14151790166550315,0.10689794733439081,0.10379929894535166,0.0030986483890391575
FOLD_5,ALL,TIMEOUT_LOSS,10027,0.08068942430008828,0.09823476613144509,-0.030464178817657825,-0.03521237051518065,0.004748191697522823
FOLD_5,TOP_20_PERCENT,TARGET_PROFIT,2006,0.15933953925119612,0.11365902293120637,0.30360159247950314,0.20818410702974258,0.09541748544976056
FOLD_5,TOP_20_PERCENT,TARGET_LOSS,2006,0.0,0.0,0.0,0.0,0.0
FOLD_5,TOP_20_PERCENT,STOP_LOSS,2006,0.4179283437774351,0.4057826520438684,-0.45141134541253486,-0.43846725624848876,-0.012944089164046102
FOLD_5,TOP_20_PERCENT,TIMEOUT_PROFIT,2006,0.27191780062621634,0.27866400797607177,0.2078241792274389,0.19905574667796805,0.00876843254947085
FOLD_5,TOP_20_PERCENT,TIMEOUT_LOSS,2006,0.15081431634515247,0.20189431704885344,-0.05540107099473116,-0.07062778658109065,0.015226715586359484
