population,ranking,partition,bin,samples,predicted_mean,realized_mean
POOLED,expected_R,quintiles,1,10378,-0.4307984152171643,-0.33967696163065475
POOLED,expected_R,quintiles,2,10378,-0.21074708968971212,-0.16362398241454235
POOLED,expected_R,quintiles,3,10377,-0.1312613569797595,-0.09666942238324219
POOLED,expected_R,quintiles,4,10377,-0.07040122626206947,-0.0951653356283596
POOLED,expected_R,quintiles,5,10377,0.018046307741180066,-0.06603435528198416
POOLED,expected_R,deciles,1,5189,-0.5624708565016232,-0.4732003752552007
POOLED,expected_R,deciles,2,5189,-0.2991259739327055,-0.20615354800610894
POOLED,expected_R,deciles,3,5189,-0.23417022624750017,-0.19923109272607092
POOLED,expected_R,deciles,4,5189,-0.18732395313192401,-0.12801687210301374
POOLED,expected_R,deciles,5,5189,-0.14791175227432432,-0.1255797204287597
POOLED,expected_R,deciles,6,5189,-0.11460486618434593,-0.06794139288949123
POOLED,expected_R,deciles,7,5189,-0.08505605732909784,-0.0988424879475761
POOLED,expected_R,deciles,8,5188,-0.0557321201243694,-0.09123013069181311
POOLED,expected_R,deciles,9,5188,-0.021724200788023937,-0.07665281709790671
POOLED,expected_R,deciles,10,5188,0.05782804870585801,-0.05548502863263273
POOLED,probability_net_R,quintiles,1,10378,0.22687080352033454,-0.2924461081540469
POOLED,probability_net_R,quintiles,2,10378,0.31662243835589693,-0.16207034203829548
POOLED,probability_net_R,quintiles,3,10377,0.365570300486344,-0.1430954789658577
POOLED,probability_net_R,quintiles,4,10377,0.4064517857143965,-0.10173879529628689
POOLED,probability_net_R,quintiles,5,10377,0.46206730828033127,-0.06182403409792746
POOLED,probability_net_R,deciles,1,5189,0.1906846631567087,-0.362605073315353
POOLED,probability_net_R,deciles,2,5189,0.2630569438839603,-0.22228714299274083
POOLED,probability_net_R,deciles,3,5189,0.3021467876880878,-0.18459727006113574
POOLED,probability_net_R,deciles,4,5189,0.33109808902370613,-0.1395434140154552
POOLED,probability_net_R,deciles,5,5189,0.35509657389422455,-0.1333749756537556
POOLED,probability_net_R,deciles,6,5189,0.37604802700024087,-0.15240467082454995
POOLED,probability_net_R,deciles,7,5189,0.3962505320510887,-0.11723342739671806
POOLED,probability_net_R,deciles,8,5188,0.4166629544053032,-0.08684376009095003
POOLED,probability_net_R,deciles,9,5188,0.44019835894151854,-0.05791967407272422
POOLED,probability_net_R,deciles,10,5188,0.4839429082560312,-0.06552153605894911
FOLD_1,expected_R,quintiles,1,2168,-0.43888934445550803,-0.3318305705616064
FOLD_1,expected_R,quintiles,2,2168,-0.2162866949682641,-0.12170480312540422
FOLD_1,expected_R,quintiles,3,2168,-0.15267053909680506,-0.05167611374358725
FOLD_1,expected_R,quintiles,4,2168,-0.09163886819039112,-0.02923529554022367
FOLD_1,expected_R,quintiles,5,2168,0.011558918443098984,-0.05016104362645116
FOLD_1,expected_R,deciles,1,1084,-0.5853777585877875,-0.5000351832511676
FOLD_1,expected_R,deciles,2,1084,-0.2924009303232286,-0.16362595787204523
FOLD_1,expected_R,deciles,3,1084,-0.23443791196271124,-0.12902799365298012
FOLD_1,expected_R,deciles,4,1084,-0.19813547797381703,-0.11438161259782831
FOLD_1,expected_R,deciles,5,1084,-0.16766087348106154,-0.08374245721472011
FOLD_1,expected_R,deciles,6,1084,-0.13768020471254863,-0.019609770272454374
FOLD_1,expected_R,deciles,7,1084,-0.10787734300147415,0.02199636664129552
FOLD_1,expected_R,deciles,8,1084,-0.07540039337930808,-0.08046695772174285
FOLD_1,expected_R,deciles,9,1084,-0.032427270940282076,-0.05849277792956016
FOLD_1,expected_R,deciles,10,1084,0.05554510782648005,-0.04182930932334215
FOLD_1,probability_net_R,quintiles,1,2168,0.22356731747309586,-0.3261115273146404
FOLD_1,probability_net_R,quintiles,2,2168,0.31250216999377695,-0.07214543428831188
FOLD_1,probability_net_R,quintiles,3,2168,0.35802048609177733,-0.10041010394914168
FOLD_1,probability_net_R,quintiles,4,2168,0.3957057252319338,-0.0455016432109886
FOLD_1,probability_net_R,quintiles,5,2168,0.4509462176108154,-0.04043911783419019
FOLD_1,probability_net_R,deciles,1,1084,0.1863342720524971,-0.43298354647345294
FOLD_1,probability_net_R,deciles,2,1084,0.2608003628936945,-0.21923950815582774
FOLD_1,probability_net_R,deciles,3,1084,0.2985895293251115,-0.10482616890900678
FOLD_1,probability_net_R,deciles,4,1084,0.32641481066244227,-0.03946469966761698
FOLD_1,probability_net_R,deciles,5,1084,0.34846120483345805,-0.07691498235494727
FOLD_1,probability_net_R,deciles,6,1084,0.3675797673500966,-0.12390522554333608
FOLD_1,probability_net_R,deciles,7,1084,0.3860957134581632,-0.07032274740826547
FOLD_1,probability_net_R,deciles,8,1084,0.4053157370057044,-0.02068053901371174
FOLD_1,probability_net_R,deciles,9,1084,0.4294258033204694,-0.021774566913589453
FOLD_1,probability_net_R,deciles,10,1084,0.47246663190116134,-0.05910366875479094
FOLD_2,expected_R,quintiles,1,2179,-0.40465413412403795,-0.3138530166130256
FOLD_2,expected_R,quintiles,2,2179,-0.18498475749812449,-0.17755564017704148
FOLD_2,expected_R,quintiles,3,2179,-0.11546740535719928,-0.09046547675761753
FOLD_2,expected_R,quintiles,4,2179,-0.06674245559359844,-0.04442560073322358
FOLD_2,expected_R,quintiles,5,2179,0.0037499916478424987,-0.0011832808258335917
FOLD_2,expected_R,deciles,1,1090,-0.5324272244801465,-0.3989990888572393
FOLD_2,expected_R,deciles,2,1090,-0.27672728858969287,-0.22942259576960575
FOLD_2,expected_R,deciles,3,1090,-0.20791434890186247,-0.1712895275909564
FOLD_2,expected_R,deciles,4,1090,-0.16193071523386496,-0.1847153523612305
FOLD_2,expected_R,deciles,5,1090,-0.12814368193134185,-0.09458388254994046
FOLD_2,expected_R,deciles,6,1089,-0.10268345114459268,-0.08351004370727887
FOLD_2,expected_R,deciles,7,1089,-0.07872890801822183,-0.02483476559610098
FOLD_2,expected_R,deciles,8,1089,-0.05468919777438022,-0.06579434939187505
FOLD_2,expected_R,deciles,9,1089,-0.0275149085798893,-0.06319157352859127
FOLD_2,expected_R,deciles,10,1089,0.03505719316024215,0.06178977488040211
FOLD_2,probability_net_R,quintiles,1,2179,0.22950227868309728,-0.26222610746835867
FOLD_2,probability_net_R,quintiles,2,2179,0.32102320807315216,-0.16826060134565754
FOLD_2,probability_net_R,quintiles,3,2179,0.37004233232561945,-0.13727468395607026
FOLD_2,probability_net_R,quintiles,4,2179,0.4083719275166739,-0.06931590716115414
FOLD_2,probability_net_R,quintiles,5,2179,0.45663584373221666,0.00959428482449878
FOLD_2,probability_net_R,deciles,1,1090,0.19395090833895992,-0.3031924238941728
FOLD_2,probability_net_R,deciles,2,1090,0.26510784212085364,-0.2220305984844553
FOLD_2,probability_net_R,deciles,3,1090,0.30641396197443665,-0.19768292096596435
FOLD_2,probability_net_R,deciles,4,1090,0.3357130077233574,-0.13975662701372402
FOLD_2,probability_net_R,deciles,5,1090,0.36008317062339745,-0.1203780294170061
FOLD_2,probability_net_R,deciles,6,1089,0.3800865612946291,-0.15190595673087778
FOLD_2,probability_net_R,deciles,7,1089,0.3991450170298817,-0.11241382897822508
FOLD_2,probability_net_R,deciles,8,1089,0.4176496383123753,-0.027483127914328585
FOLD_2,probability_net_R,deciles,9,1089,0.43776315103139696,-0.03160540717224859
FOLD_2,probability_net_R,deciles,10,1089,0.4755357245075015,0.05180938951699415
FOLD_3,expected_R,quintiles,1,2063,-0.43489361728612164,-0.3133498219889955
FOLD_3,expected_R,quintiles,2,2062,-0.21472810911131524,-0.1452522313361648
FOLD_3,expected_R,quintiles,3,2062,-0.11316330104430375,-0.15388952504660305
FOLD_3,expected_R,quintiles,4,2062,-0.043649945402218664,-0.11717149016553204
FOLD_3,expected_R,quintiles,5,2062,0.049341116131139,-0.08401062546551258
FOLD_3,expected_R,deciles,1,1032,-0.5617025152598618,-0.4327205983637593
FOLD_3,expected_R,deciles,2,1031,-0.3079617232910684,-0.1938632640658567
FOLD_3,expected_R,deciles,3,1031,-0.243280520367811,-0.18551943237639484
FOLD_3,expected_R,deciles,4,1031,-0.18617569785481952,-0.10498503029593471
FOLD_3,expected_R,deciles,5,1031,-0.13463392657097545,-0.20575280502592308
FOLD_3,expected_R,deciles,6,1031,-0.09169267551763202,-0.102026245067283
FOLD_3,expected_R,deciles,7,1031,-0.05859847609687074,-0.07256161778692995
FOLD_3,expected_R,deciles,8,1031,-0.028701414707566576,-0.16178136254413414
FOLD_3,expected_R,deciles,9,1031,0.005529668577285946,-0.10608895885265873
FOLD_3,expected_R,deciles,10,1031,0.09315256368499204,-0.06193229207836642
FOLD_3,probability_net_R,quintiles,1,2063,0.22737291274786228,-0.28049774214121315
FOLD_3,probability_net_R,quintiles,2,2062,0.31940936503773476,-0.17179065070954183
FOLD_3,probability_net_R,quintiles,3,2062,0.37158541080042734,-0.15975924810618575
FOLD_3,probability_net_R,quintiles,4,2062,0.41653247498684526,-0.09964872124292755
FOLD_3,probability_net_R,quintiles,5,2062,0.47886536204755037,-0.10199326394641586
FOLD_3,probability_net_R,deciles,1,1032,0.19091396019956994,-0.34996580510169933
FOLD_3,probability_net_R,deciles,2,1031,0.26386722800473683,-0.2109622998762066
FOLD_3,probability_net_R,deciles,3,1031,0.3040720685129411,-0.1425502603897737
FOLD_3,probability_net_R,deciles,4,1031,0.33474666156252836,-0.20103104102930996
FOLD_3,probability_net_R,deciles,5,1031,0.3601649287603248,-0.14233283937044905
FOLD_3,probability_net_R,deciles,6,1031,0.38300589284053,-0.1771856568419225
FOLD_3,probability_net_R,deciles,7,1031,0.40490302101947145,-0.1170636017749357
FOLD_3,probability_net_R,deciles,8,1031,0.42816192895421906,-0.08223384071091938
FOLD_3,probability_net_R,deciles,9,1031,0.45568837425475045,-0.1145026168125456
FOLD_3,probability_net_R,deciles,10,1031,0.5020423498403503,-0.08948391108028615
FOLD_4,expected_R,quintiles,1,1963,-0.4413284715604888,-0.39101630609451166
FOLD_4,expected_R,quintiles,2,1963,-0.21666135163725975,-0.2132418141068905
FOLD_4,expected_R,quintiles,3,1963,-0.13491630212760017,-0.06624956135156362
FOLD_4,expected_R,quintiles,4,1963,-0.07362547681063274,-0.1140220669670977
FOLD_4,expected_R,quintiles,5,1962,0.013000056968318904,-0.07370526570786741
FOLD_4,expected_R,deciles,1,982,-0.5765059276421456,-0.49740049239690265
FOLD_4,expected_R,deciles,2,982,-0.3059754737326935,-0.2854280219377625
FOLD_4,expected_R,deciles,3,982,-0.24070840654138867,-0.2799691064734709
FOLD_4,expected_R,deciles,4,982,-0.19246884364481961,-0.14730897750009794
FOLD_4,expected_R,deciles,5,981,-0.15177830665241188,-0.06995652435449459
FOLD_4,expected_R,deciles,6,981,-0.11794745796976432,-0.05844512759444247
FOLD_4,expected_R,deciles,7,981,-0.08788578057616846,-0.1770105419988551
FOLD_4,expected_R,deciles,8,981,-0.05933518177411507,-0.0531068853653565
FOLD_4,expected_R,deciles,9,981,-0.025673476327370354,-0.06674080236441761
FOLD_4,expected_R,deciles,10,981,0.051673590264008154,-0.08066972905131721
FOLD_4,probability_net_R,quintiles,1,1963,0.22603898573527265,-0.3202259208369392
FOLD_4,probability_net_R,quintiles,2,1963,0.31467157066122536,-0.18122402736233084
FOLD_4,probability_net_R,quintiles,3,1963,0.36369536757586074,-0.1616187035438973
FOLD_4,probability_net_R,quintiles,4,1963,0.4062187264114337,-0.1283909027289141
FOLD_4,probability_net_R,quintiles,5,1962,0.4652129506772393,-0.06677192774466086
FOLD_4,probability_net_R,deciles,1,982,0.19042434872722142,-0.35600850827368646
FOLD_4,probability_net_R,deciles,2,982,0.26171152487447735,-0.2856903179063482
FOLD_4,probability_net_R,deciles,3,982,0.3006619224478018,-0.2413462882204621
FOLD_4,probability_net_R,deciles,4,982,0.3287687175335197,-0.12253676209127737
FOLD_4,probability_net_R,deciles,5,981,0.3531537912006506,-0.1884568246909168
FOLD_4,probability_net_R,deciles,6,981,0.3743030818882202,-0.13289027369242498
FOLD_4,probability_net_R,deciles,7,981,0.3953572741810893,-0.15036033846006303
FOLD_4,probability_net_R,deciles,8,981,0.4171021344475309,-0.10541152616757772
FOLD_4,probability_net_R,deciles,9,981,0.4422129550796481,-0.04626569843248584
FOLD_4,probability_net_R,deciles,10,981,0.48821294627483036,-0.08727815705683586
FOLD_5,expected_R,quintiles,1,2006,-0.4325035078319314,-0.36544586670122614
FOLD_5,expected_R,quintiles,2,2006,-0.2189904823042232,-0.1919238001722138
FOLD_5,expected_R,quintiles,3,2005,-0.1365386563628848,-0.13747999331565394
FOLD_5,expected_R,quintiles,4,2005,-0.07791691913918726,-0.15198357820228078
FOLD_5,expected_R,quintiles,5,2005,0.0046407955220783715,-0.1013673719735861
FOLD_5,expected_R,deciles,1,1003,-0.5530876328373543,-0.529971333519417
FOLD_5,expected_R,deciles,2,1003,-0.31191938282650855,-0.20092039988303534
FOLD_5,expected_R,deciles,3,1003,-0.2433949933796893,-0.1848669445533036
FOLD_5,expected_R,deciles,4,1003,-0.19458597122875704,-0.19898065579112398
FOLD_5,expected_R,deciles,5,1003,-0.15337505361750148,-0.17026360782436445
FOLD_5,expected_R,deciles,6,1003,-0.11967039019581899,-0.1056102099517723
FOLD_5,expected_R,deciles,7,1003,-0.0914534029414377,-0.1516384361315444
FOLD_5,expected_R,deciles,8,1002,-0.0643128290891051,-0.15188304698722344
FOLD_5,expected_R,deciles,9,1002,-0.03350842556408823,-0.11881102654211284
FOLD_5,expected_R,deciles,10,1002,0.0428449167641066,-0.0834189514517966
FOLD_5,probability_net_R,quintiles,1,2006,0.22809890941850167,-0.29007666497470497
FOLD_5,probability_net_R,quintiles,2,2006,0.31606372147497086,-0.2055202610265608
FOLD_5,probability_net_R,quintiles,3,2005,0.3659196781379346,-0.17804730495195087
FOLD_5,probability_net_R,quintiles,4,2005,0.40679267464074076,-0.15926564888978734
FOLD_5,probability_net_R,quintiles,5,2005,0.4564720374388633,-0.11532153986902538
FOLD_5,probability_net_R,deciles,1,1003,0.19202814671852286,-0.35484668454496077
FOLD_5,probability_net_R,deciles,2,1003,0.2641696721184805,-0.22530664540444906
FOLD_5,probability_net_R,deciles,3,1003,0.3015109653187953,-0.19891710731685236
FOLD_5,probability_net_R,deciles,4,1003,0.3306164776311464,-0.21212341473626917
FOLD_5,probability_net_R,deciles,5,1003,0.35498701212090084,-0.2103579309793245
FOLD_5,probability_net_R,deciles,6,1003,0.37687400154017797,-0.14407799251032868
FOLD_5,probability_net_R,deciles,7,1003,0.39738596194604064,-0.17841549230769144
FOLD_5,probability_net_R,deciles,8,1002,0.416247185720732,-0.1426618102966226
FOLD_5,probability_net_R,deciles,9,1002,0.437300047945077,-0.13493741908066484
FOLD_5,probability_net_R,deciles,10,1002,0.47567430910088193,-0.09473828543842544
