population,samples,mean_gross_R,mean_cost_R,mean_net_R,profitable_rate,predicted_mean_R,mean_probability,TARGET_frequency,STOP_frequency,TIMEOUT_frequency,median_gross_R,median_net_R,std_net_R,p05,p25,p50,p75,p95,TARGET_mean_net_R,STOP_mean_net_R,TIMEOUT_mean_net_R,zero_x_cost_net_R,one_x_cost_net_R,two_x_cost_net_R,roc_auc,brier_skill,utc_day_clusters,clustered_standard_error_R,approximate_95_lower_R,approximate_95_upper_R,fee_R,spread_R,slippage_R,funding_R,carry_R
POOLED,51887,-0.008316431462944227,0.14392141204214565,-0.15223784350508984,0.36109237381232295,-0.16503835914186205,0.3555132983352595,0.20966716133135468,0.5447029120974425,0.2456299265712028,-1.0,-1.0459828196058614,1.3897259159636135,-1.3252997644287443,-1.1315,-1.0459828196058614,0.963283285440614,2.3541794011975945,1.9412541214553805,-1.1722372501082123,0.32270481181221816,-0.008316431462944227,-0.15223784350508984,-0.29615925554723543,0.5843046133571816,0.020091392614788206,547,0.010538003473790535,-0.17289233031371928,-0.1315833566964604,0.07675808642247767,0.019189521605619417,0.038379043211238834,0.009594760802809708,0.0
FOLD_1,10840,0.007758067918038214,0.12467963323749276,-0.11692156531945457,0.3752767527675277,-0.17758530565357386,0.3481483832802798,0.21494464944649447,0.5313653136531366,0.253690036900369,-1.0,-1.035662859120803,1.4180713245442884,-1.2701829936828917,-1.109501340882003,-1.035662859120803,1.0607916965352424,2.308668564376459,1.9263025592817722,-1.1574360996438975,0.3313153464579758,0.007758067918038214,-0.11692156531945457,-0.2416011985569473,0.5862931319372208,0.02195307035003602,110,0.026759432821600794,-0.16937005364979213,-0.064473076989117,0.06649580439332947,0.016623951098332368,0.033247902196664736,0.008311975549166184,0.0
FOLD_2,10895,0.012425123044404615,0.13792172606575298,-0.12549660302134835,0.37117944011014226,-0.15361975218502352,0.35711511806615187,0.21083065626434144,0.5439192290041304,0.24525011473152822,-1.0,-1.0463235294117648,1.3957706091819249,-1.3107206230379205,-1.1259331988105357,-1.0463235294117648,1.0076755952381016,2.3878653556969502,1.965691422856073,-1.1659576708684851,0.3843512235586278,0.012425123044404615,-0.12549660302134835,-0.2634183290871014,0.6004025418253539,0.027985026871189422,110,0.025551657664467514,-0.17557785204370469,-0.07541535399899202,0.07355825390173493,0.01838956347543373,0.03677912695086746,0.009194781737716866,0.0
FOLD_3,10311,-0.015823789958390157,0.14692555606583435,-0.16274934602422453,0.35845213849287166,-0.1514462638113783,0.36273997543808106,0.2074483561245272,0.5447580254097566,0.24779361846571624,-1.0,-1.0457053571428572,1.374228793614772,-1.3332581456129464,-1.1336609225187866,-1.0457053571428572,0.9337964918905373,2.357818303736595,1.9116578052808535,-1.1713781849251603,0.3179987132575734,-0.015823789958390157,-0.16274934602422453,-0.30967490209005893,0.5779951278250598,0.016285077503883638,111,0.023015438784614695,-0.20785960604206932,-0.11763908600637973,0.078360296568445,0.01959007414211125,0.0391801482842225,0.009795037071055624,0.0
FOLD_4,9814,-0.015747507112621028,0.15590947553092088,-0.17165698264354193,0.350723456286937,-0.1707250278399317,0.35515630710537277,0.20837578968820053,0.5507438353372733,0.2408803749745262,-1.0,-1.05418375,1.3921537796813908,-1.349382402937108,-1.1469879955092313,-1.05418375,0.9043628648527847,2.3912781986585685,1.9786907869406754,-1.1851296202874395,0.28534742415237274,-0.015747507112621028,-0.17165698264354193,-0.32756645817446284,0.583751116611643,0.018362955136849046,110,0.023350167386695698,-0.21742331072146548,-0.12589065456561838,0.08315172028315782,0.020787930070789454,0.04157586014157891,0.010393965035394727,0.0
FOLD_5,10027,-0.03323812885747342,0.15641975420312496,-0.1896578830605984,0.34766131445098236,-0.17229236841258735,0.35465293108192586,0.2062431435125162,0.5540041886905356,0.23975266779694823,-1.0,-1.0537573529411766,1.3639756177137625,-1.3629451061997704,-1.1487615885010904,-1.0537573529411766,0.8640690789473586,2.3348177966101415,1.9245487045922292,-1.182608001064748,0.28607368193399535,-0.03323812885747342,-0.1896578830605984,-0.3460776372637233,0.5759266563710451,0.014848739128885402,110,0.015651471838956117,-0.22033476786495237,-0.1589809982562444,0.08342386890833331,0.020855967227083327,0.041711934454166655,0.010427983613541664,0.0
EARLY_1_2,21735,0.010097500427896136,0.13131743408239246,-0.12121993365449633,0.37322291235334715,-0.1655722067329456,0.3526430957482843,0.21288244766505637,0.5376581550494594,0.24945939728548425,-1.0,-1.0409560301507537,1.4069434691807132,-1.2913042100519987,-1.1182256413141314,-1.0409560301507537,1.032025983704301,2.3492396573838445,1.9458565293769026,-1.1617574098507182,0.3574518023069138,0.010097500427896136,-0.12121993365449633,-0.2525373677368888,0.5925718101175049,0.024967577076769665,219,0.018465604884838352,-0.1574125192287795,-0.08502734808021317,0.07003596484394264,0.01750899121098566,0.03501798242197132,0.00875449560549283,0.0
LATE_3_5,30152,-0.0215900720057744,0.1530069606278194,-0.17459703263359377,0.3523481029450783,-0.1646535363310303,0.35758227728285535,0.20734942955691166,0.5497811090474927,0.24286946139559565,-1.0,-1.0509075792326938,1.3767478111363145,-1.3474964029710124,-1.14257442207216,-1.0509075792326938,0.8965909778954635,2.356990557275553,1.9378479567956108,-1.1796250412193348,0.2969778990084164,-0.0215900720057744,-0.17459703263359377,-0.3276039932614131,0.5792525273795921,0.016485179086181523,329,0.012095907821475922,-0.19830501196368658,-0.15088905330350097,0.08160371233483699,0.020400928083709247,0.04080185616741849,0.010200464041854623,0.0
FULL_LABELS_FULL_PARENT,3007222,-0.01541571036405612,0.14039304441351175,-0.15580875477756786,0.3592631338823672,,,0.20786094275713599,0.5458955141988188,0.2462435430440453,-1.0,-1.0437165607869847,1.398614967988023,-1.3177416971846345,-1.1272244335234094,-1.0437165607869847,0.9366081366921717,2.3694999999999844,1.9433870123496593,-1.168772423362986,0.3178341683972426,-0.01541571036405612,-0.15580875477756786,-0.2962017991910796,,,,,,,0.07487629035387294,0.018719072588468236,0.03743814517693647,0.009359536294234118,0.0
FULL_LABELS_OUTER_CALENDAR_POOLED,2494072,-0.0064729042547945655,0.14424193688480133,-0.15071484113959588,0.36225016759740697,,,0.20951239579290412,0.5436438883881459,0.2468437158189499,-1.0,-1.0455357142857142,1.4023618575360262,-1.325793118466899,-1.1319099534161505,-1.0455357142857142,0.9625262909568835,2.3822763002435297,1.9426209239676475,-1.1734288744697265,0.32494013777120184,-0.0064729042547945655,-0.15071484113959588,-0.29495677802439724,,,,,,,0.07692903300522737,0.019232258251306842,0.038464516502613684,0.009616129125653421,0.0
FULL_LABELS_FOLD_1,523946,0.006949308004736319,0.12432742430661471,-0.11737811630187839,0.37112794066564114,,,0.21272802922438572,0.5368034110385421,0.25046855973707216,-1.0,-1.0369,1.4173761095486026,-1.2738482290250506,-1.109586699185981,-1.0369,1.0331472064169465,2.378217479153894,1.9483557329753252,-1.1527226920607416,0.3470993787214105,0.006949308004736319,-0.11737811630187839,-0.2417055406084931,,,,,,,0.06630795963019451,0.016576989907548627,0.033153979815097254,0.008288494953774313,0.0
FULL_LABELS_FOLD_2,522606,-0.0006025572281523339,0.13931894801518563,-0.139921505243338,0.3662338358151265,,,0.20610938259415315,0.5469455000516642,0.2469451173541827,-1.0,-1.0481359521358433,1.4219444835148798,-1.30915669359711,-1.1288822689083584,-1.0481359521358433,0.9754578947368437,2.4170585407240033,1.962820184696964,-1.1668106550863973,0.37945546994910645,-0.0006025572281523339,-0.139921505243338,-0.27924045325852365,,,,,,,0.07430343894143233,0.018575859735358084,0.03715171947071617,0.009287929867679042,0.0
FULL_LABELS_FOLD_3,494478,-0.018968660950924074,0.14897160151170538,-0.1679402624626295,0.3585093775658371,,,0.2057907530769822,0.5439857789426426,0.25022346798037526,-1.0,-1.0467207235654998,1.3890205035871526,-1.3380986436170126,-1.1350713345864665,-1.0467207235654998,0.9101876770795428,2.3587553571428637,1.9245442266848944,-1.1800279823731685,0.31142072161441847,-0.018968660950924074,-0.1679402624626295,-0.31691186397433496,,,,,,,0.0794515208062429,0.019862880201560726,0.03972576040312145,0.009931440100780363,0.0
FULL_LABELS_FOLD_4,472328,-0.006803231768832365,0.15354939612835464,-0.16035262789718696,0.3570887180095188,,,0.21140605680798089,0.5459680560966108,0.24262588709540828,-1.0,-1.0506937856223573,1.4058313085124257,-1.346260629844418,-1.1441722972972965,-1.0506937856223573,0.9583977941176463,2.4008795275512314,1.9530889817884411,-1.18388409393613,0.3013504871764127,-0.006803231768832365,-0.16035262789718696,-0.3139020240255415,,,,,,,0.08189301126845579,0.020473252817113947,0.040946505634227894,0.010236626408556973,0.0
FULL_LABELS_FOLD_5,480714,-0.014306030165623845,0.15728924570774716,-0.17159527587337103,0.35716247082464836,,,0.21167471719151096,0.5448749152302617,0.24345036757822738,-1.0,-1.0498192314275934,1.3736490732960762,-1.359516416074364,-1.1466912179172282,-1.0498192314275934,0.9158671860289997,2.356064304268366,1.922762107679905,-1.1858147973821838,0.27736797701749577,-0.014306030165623845,-0.17159527587337103,-0.3288845215811182,,,,,,,0.0838875977107985,0.020971899427699624,0.04194379885539925,0.010485949713849812,0.0
